Annotasyon,Column_4,Column_6,Halimbawa,Larawan,No.,PDFページ番号,PDF表番号,Paano Magbasa,Pagsasalin,Palatandaan,Talasalitaan
,,,,,1,1,1,ぎのうじっしゅう,Technical Intern Training,,技能実習
,,,,,2,1,1,ぎのうじっしゅうせい,Technical Intern Trainee,,技能実習生
,,,,,3,1,1,こうじょう,Pabrika,,工場
,,,,,4,1,1,せいぞう,Produksiyon,,製造
,,,,,5,1,1,きかい,Makina,,機械
,,,,,6,1,1,あんぜん,Kaligtasan,,安全
"Karaniwan ito ay nakasulat sa Kanji,
ngunit kung minsan ito ay nakasulat
sa Katakana bilang 「キケン」
""delikado"" sa loob ng mga pabrika.",,,,,7,1,1,きけん（な）,Delikado (Mapanganib),,危険（な）
,,,,,8,1,1,あぶない,Delikado,,危ない
"Tungkol ito sa paglilinis at gawing
malinis upang madaling maunawaan
ang lugar ng trabaho.",,,,,9,1,1,せいそう,Simutin / Paglilinis,,清掃
,,,,,10,1,1,ひじょうぐち,"Emerhensyang
labasan/Emergency exit",,非常口
,,,,,11,1,1,ちゅうい,Babala/Paunawa,,注意
,,,,,12,1,1,かじ,Sunog,,火事
,,,,,13,1,1,じこ,Akisidente,,事故
,,,,,14,1,1,ふくそう,Kasuotan,,服装
,,,,,15,1,1,あんぜんそうち,"Safety
equipment/Kagamitan
pangkaligtasan",,安全装置
,,,,,1,2,1,あんぜんかばー,"Safety cover/Takip pang-
kaligtasan",,安全カバー
,,,,,2,2,1,けが,Pinsala,,けが
,,,,,3,2,1,けがをする,Mapinsala,,けがをする
,,,,,4,2,1,でんげん,Supply ng kuryente,,電源
,,,,,5,2,1,でんげんをきる,"Putulin ang supply ng
kuryente",,電源を切る
,,,,,6,2,1,ひじょうていしぼたん,Emergency stop button,,非常停止ボタン
,,,,,7,2,1,"ひじょうていしぼたんを
おす","Pindutin ang emergency
stop button",,非常停止ボタンを押す
,,,,,8,2,1,るーる,Patakaran,,ルール
,,,,,9,2,1,るーるをまもる,"Sumunod sa mga
patakaran",,ルールを守る
,,,,,10,2,1,とめる,I-off,,止める
,,,,,11,2,1,きかいをとめる,I-off ang makina,,機械を止める
,,,,,12,2,1,やって,Gawin mo,,やって
,,,,,13,2,1,とめて,I-off mo,,止めて
,,,,,14,2,1,とって,Kunin mo,,取って
,,,,,15,2,1,だめ（な）,Bawal (Ipinagbabawal ),,だめ（な）
"Non-profit na organisasyon kung
saan namamahala at nagtuturo
sa mga Technical Intern Trainee
upang magkamit ng kakayahan.",,,,,1,3,1,かんりだんたい,"Namamahalang
organisasyon",,監理団体
,,,,,2,3,1,ぎじゅついてん,Paglilipat ng kakayahan,,技術移転
,,,,,3,3,1,ぎのうじっしゅうきかん,Panahon ng pagsasanay,,技能実習期間
,,,,,4,3,1,しょくしゅ,Uri ng trabaho,,職種
,,,,,5,3,1,ざいりゅうしかく,Status ng paninirahan,,在留資格
,,,,,6,3,1,ぱすぽーと,Pasaporte,,パスポート
,,,,,7,3,1,ざいりゅうかーど,Residence card,,在留カード
"Daglat ng 「入国管理庁」、「入国管理
局」""Immigration Bureau
of Japan""",,,,,8,3,1,にゅうかん,Immigration Bureau,,入管
,,,,,9,3,1,ざいりゅうきかん,Panahon ng paninirahan,,在留期間
,,,,,10,3,1,こようけいやく,Kontrata sa trabaho,,雇用契約
,,,,,11,3,1,きゅうよめいさい,"Detalyadong paglalahad ng
suweldo/Payment slip",,給与明細
,,,,,12,3,1,きゅうりょう,Suweldo,,給料
,,,,,13,3,1,ざんぎょうてあて,"Overtime work
pay",,残業手当
,,,,,14,3,1,ろうどうじかん,Oras ng trabaho,,労働時間
"Ang pagbabawas ng fixed na halaga mula
sa orihinal na halaga.
Pangunahing ginagamit ito kapag
naglalabas ng halaga ng buwis.",,"Ang mga taong nagbibigay ng
suporta sa kanilang pamilya ay
maaaring maging karapat-dapat
para sa 「扶養控除」""tax exemption
for dependents"".","かぞく やしな ひと ふようこうじょ
家族を養っている人は、「扶養控除」
う ばあい
を受けられる場合がある",,1,4,1,こうじょ（する）,"Bawas / Exemption
(Babawasan)",,控除（する）
,,,,,2,4,1,ぼーなす,Bonus,,ボーナス
"Ito ang bakasyon o leave na binabayaran
kahit na nagpapahinga sa trabaho.
Bayad na bakasyon. Ang maikling termino
para sa bayad na bakasyon ay 「有休｣
""Bakasyon na may bayad""",,"Sa susunod na linggo, kukuha ako
ng bakasyon na may bayad kaya
nagsumite ako ng aplikasyon.","らいしゅうゆうきゅう しんせいしょ だ
来週、有休をとるので申請書を出した",,3,4,1,ゆうきゅう,Bakasyon na may bayad,,有休
"Ito ang araw na makakapag-leave sa halip
kung nagtrabaho sa araw na walang pasok.",,,,,4,4,1,だいきゅう,Compensatory leave,,代休
"Ang batas ng Japan kung saan nakatakda
ang mga pamantayan tungkol sa labor.",,,,,5,4,1,ろうどうきじゅんほう,"The Labour Standards
Act",,労働基準法
,,,,,6,4,1,ろうどうじょうけん,Kondisyon sa trabaho,,労働条件
,,,,,7,4,1,ぜいきん,Buwis,,税金
"Buwis sa kita para sa isang taon na
suweldo",,,,,8,4,1,しょとくぜい,Buwis sa kita,,所得税
"Buwis na binabayaran sa munisipyo kung
saan nakatira",,,,,9,4,1,じゅうみんぜい,Buwis sa paninirahan,,住民税
"Pensiyon ng mga empleyado at
pampublikong empleyado na kung saan
makakatanggap ng mga benepisyo sa kaso
ng katandaan, kapansanan, o kamatayan",,,,,10,4,1,こうせいねんきん,"Employees’
pension insurance",,厚生年金
"Insurance upang makatanggap ng mga
benepisyo sa kaso ng kawalan ng trabaho
o tuwing sa paghahanap ng trabaho",,,,,11,4,1,こようほけん,Employment insurance,,雇用保険
"Insurance na nagpapahintulot sa mga
miyembro at pamilya na makatanggap ng
mga benepisyo kapag nangangailangan ng
pangangalagang medikal",,,,,12,5,1,けんこうほけん,Health insurance,,健康保険
"Ito ang tawag kapag tinutukoy ang Health
insurance, Employees' pension insurance,
Nursing insurance, Employment insurance,
Worker's accident compensation
insurance. Minsan ito din ay tumutukoy
tungkol sa Health insurance at Employees'
pension insurance para sa mga empleyado.",,,,,13,5,1,しゃかいほけん,Labour insurance,,社会保険
"Ang maikling termino para sa ""aksidenteng
dulot ng trabaho""
Ito ay tungkol sa pinsala habang nasa
trabaho o nagkasakit dahil sa trabaho.",,,,,14,5,1,ろうさい,Worker’s accident,,労災
"Insurance na nagbibigay ng
pansamantalang suporta sa gastos sa
pagpapagamot, sa mga panahon ng kawalan
ng kakayahang magtrabaho at sa
pagkabalda dulot ng trabaho",,,,,15,5,1,ろうさいほけん,"Worker’s accident
compensation insurance",,労災保険
,,,,,1,6,1,ちこく（する）,Huli (Mahuhuli),,遅刻（する）
,,,,,2,6,1,そうたい（する）,"Umalis ng maaga (Aalis ng
maaga)",,早退（する）
,,,,,3,6,1,きゅうけい（する）,Pahinga (Magpapahinga),,休憩（する）
,,,,,4,6,1,ざんぎょう（する）,"Overtime (Magtrabaho na
lampas sa takdang oras /
Magtrabaho ng overtime)",,残業（する）
"Nagpagdesisyunan na oras.
Pangunahing tumutukoy sa oras ng
pagpasok at pag-alis sa trabaho.",,"Uuwi ako ngayong araw sa takdang
oras.","き ょ う ていじ かえ
今日は定時に帰る",,5,6,1,ていじ,"Regular na oras / Takdang
oras",,定時
,,,,,6,6,1,きそく,Patakaran,,規則
,,,,,7,6,1,きゅうじつ,Day-off,,休日
,,,,,8,6,1,しぎょうじかん,Oras ng simula,,始業時間
,,,,,9,6,1,しゅうぎょうじかん,Oras ng katapusan,,終業時間
,,,,,10,6,1,しどういん,Tagapagturo,,指導員
,,,,,11,6,1,せいかつしどういん,"Tagapagturo ng
pamumuhay",,生活指導員
,,,,,12,6,1,たんとうしゃ,"Person in charge / Taong
namamahala",,担当者
,,,,,13,6,1,すいっちいれるな,Huwag i-on ang switch,,スイッチ入れるな
,,,,,14,6,1,すいっちきるな,Huwag i-off ang switch,,スイッチ切るな
,,,,,15,6,1,しようきんし,Bawal gamitin,,使用禁止
"Ang S ay ang unang letra ng bawat
salita ng mga sumusunod: Suriin,
Sinupin, Simutin, Siguruhin ang
kalinisan, Sariling Kusa. Ang limang
salitang ito ay ginagamit upang
mapanatili at mapabuti ang lugar ng
trabaho.",,,,,1,7,1,ごえす,5S,,5S
"Sa pamamagitan ng paglilinaw kung
ano ang kailangan at di-kailangan, at
sa pagbabahagi ng impormasyon ay
mapapabuti ang kalidad at pagiging
produktibo sa trabaho.",,,,,2,7,1,せいり,Suriin,,整理
"Tungkol ito sa pagpapasya kung saan
at kung paano ilalagay ang mga
kinakailangang aytem, at tiyakin na
ma-display ito ng maayos upang
mabawasan ang labis na pag aaksaya.",,,,,3,7,1,せいとん,Sinupin,,整頓
"Tungkol ito sa paglilinis at gawing
malinis upang madaling maunawaan
ang lugar ng trabaho.",,,,,4,7,1,せいそう,Simutin,,清掃
"Isagawa ng maayos ang Suriin,
Sinupin at Simutin upang mapanatili
ang malinis at normal na kondisyon sa
trabaho.",,,,,5,7,1,せいけつ,Siguruhin ang kalinisan,,清潔
"Ugaliin na ang gagawing trabaho o
gawain ay base sa napagpasyahan at
lumikha ng kultura sa trabaho na kung
saan magtutulungan ang bawat isa.",,,,,6,7,1,しつけ,Sariling Kusa,,しつけ
,,,,,7,7,1,そうじ（する）,Linis (Maglilinis),,掃除（する）
,,,,,8,8,1,かたづける,Iaayos,,片づける
,,,,,9,8,1,すてる,Itatapon,,捨てる
,,,,,10,8,1,きたない,Marumi / Madumi,,汚い
,,,,,11,8,1,よごれる,Marumihan,,汚れる
,,,,,12,8,1,ぶんべつ（する）,"Klasipikasyon
(Magbubukod)",,分別（する）
,,,,,13,8,1,もえないごみ,Basurang hindi sinusunog,,燃えないごみ
,,,,,14,8,1,もえるごみ,Basurang sinusunog,,燃えるごみ
,,Naipit ang aking kamay sa makina.,"きかい て はさ
機械に手が挟まれた",,15,8,1,はさまれる,Maiipit,,挟まれる
,,"1. Nakawit ang aking kamay sa
makina.
2. Nakawit ang aking guwantes sa
milling machine.","きかい て ま こ
1)機械に手が巻き込まれる
てぶくろ ばん ま こ
2)手袋がフライス盤に巻き込まれる",,16,8,1,まきこまれる,Makawit,,巻き込まれる
,,,,,17,8,1,やけど（する）,Paso (Mapaso),,やけど（する）
,,Mahulog sa hagdan.,"かいだん お
階段から落ちる",,18,8,1,おちる,Mahulog,,落ちる
,,Madulas ang sahig.,"ゆか
床がすべる",,19,8,1,すべる,Madulas,,すべる
,,"Nadulas at nadapa ako sa loob ng
pabrika.","こうじょう ころ
工場ですべって転んだ",,20,9,1,ころぶ,Madapa,,転ぶ
,,,,,21,9,1,ぬれる,Mabasa,,濡れる
,,,,,22,9,1,えいせい,"Kaligtasan / Pangangalaga
sa kalusugan",,衛生
,,,,,23,9,1,ひなん（する）,Paglisan (Lumikas),,避難（する）
,,,,,24,9,1,きゅうきゅうしゃ,Ambulansya,,救急車
,,,,,25,9,1,さいがい,Sakuna,,災害
,,May lindol na magaganap.,"じ しん お
地震が起きる",,26,9,1,じしん,Lindol,,地震
,,Lindol! Magtago sa ilalim ng desk!,"じ しん つくえ した
地震だ！机の下にもぐれ！",,27,9,1,もぐる,Sisisid / Punta sa ilalim,,もぐる
,,,,,1,10,1,かきげんきん,"Mahigpit na
ipinagbabawal ang",,火気厳禁
,,,,,2,10,1,かいほうげんきん,"Mahigpit na
ipinagbabawal ang",,開放厳禁
,,,,,3,10,1,ひょうしき,"Babala /
Tagapagpahiwatig",,標識
,,,,,4,10,1,きをつける,Mag-iingat,,気をつける
,,"Ipinagbabawal ang pagdadala ng
mobile phone sa loob ng pabrika.","こうじょう けいたいでんわ も こ
工場に携帯電話を持ち込んではいけ
ない",,5,10,1,もちこむ,Dadalhin sa loob,,持ち込む
,,"Suriin ang kaligtasan upang maiwasan
ang mga aksidente.","あんぜんかくにん じ こ ふせ
安全確認して事故を防ぐ",,6,10,1,ふせぐ,Iwasan,,防ぐ
,,,,,7,10,1,ひ,Apoy,,火
,,,,,8,10,1,けむり,Usok,,煙
,,,,,9,10,1,しょうか,Patayin ang apoy,,消火
,,,,,10,10,1,しょうかき,Fire extinguisher,,消火器
,,,,,11,10,1,ひじょうべる,Emergency bell,,非常ベル
,,,,,12,10,1,かさいほうちき,Fire alarm,,火災報知機
,,,,,13,10,1,にげる,Tumakbo palayo,,逃げる
,,,,,14,10,1,げんば,Lugar ng trabaho,,現場
,,,,,15,10,1,さぎょう,Trabaho,,作業
"Ang conference, pagpupulong sa
umaga at pagpupulong sa katapusan
ng araw ay maaring tawagin din na
miting.",,,,,16,10,1,みーてぃんぐ,Miting,,ミーティング
,,,,,17,10,1,けんしゅう（する）,Pagsasanay (Magsasanay),,研修（する）
,,,,,18,10,1,じっしゅう（する）,Training (Pagtratrain),,実習（する）
,,,,,19,11,1,あいさつ,Pagbati,,あいさつ
,,,,,20,11,1,かくにん（する）,"Check / Kumpirmasyon
(I-checheck / Susuriin)",,確認（する）
,,,,,21,11,1,ほうこく（する）,"Report / Ulat(Mag-report /
Ipagbigay-alam)",,報告（する）
,,,,,22,11,1,れんらく（する）,Kontak (Makipag-ugnayan),,連絡（する）
,,,,,23,11,1,そうだん（する）,Konsulta (Magkonsulta),,相談（する）
"Ginamit ito kapag nagbibigay ng isang
bagay sa isang tao.",,,,,24,11,1,わたす,Iaabot,,渡す
,,,,,25,11,1,しんせいしょ,Pormat ng aplikasyon,,申請書
,,,,,26,11,1,ねぼう（する）,"Nagising ng tanghali
(Magigising ng tanghali)",,寝坊（する）
,,,,,1,12,1,ぎのう,pagsasanay,,技能
,,,,,2,12,1,ぎのうけんていしけん,Trade Skills Test,,技能検定試験
,,,,,3,12,1,じゅけん（する）,Pagkuha ng pagsusulit,,受検（する）
,,,,,4,12,1,しかく,kwalipikasyon,,資格
,,,,,5,12,1,てあて,allowance,,手当
,,,,,6,12,1,しゃいん,empleyado,,社員
,,,,,7,12,1,ぶちょう,hepe ng departamento,,部長
,,,,,8,12,1,かちょう,hepe ng seksyon,,課長
,,,,,9,12,1,こういしつ,silid bihisan,,更衣室
,,,,,10,12,1,だいしゃ,kariton,,台車
,,,,,11,12,1,ゆか,sahig,,床
,,,,,12,12,1,でぐち,labasan,,出口
,,,,,13,12,1,でんき,kuryente,,電気
,,,,,14,12,1,けいほうおん,babalang ingay,,警報音
,,,,,15,12,1,こんせんと,saksakan ng kuryente,,コンセント
,,,,,16,12,1,さぎょうば,lugar ng trabaho,,作業場
,,,,,17,12,1,さぎょうだい,lamesa ng trabaho,,作業台
,,,,,18,12,1,こうじげんば,lugar ng konstruksyon,,工事現場
,,"Sumunod sa utos ng foreman sa
pagbubuo ng scaffolding","あしばくみたて しょくちょう し じ したが
足場組立は 職長の指示に従う",,19,12,1,しょくちょう,foreman,,職長
,,,,,20,12,1,さぎょうせきにんしゃ,tagapangasiwa ng trabaho,,作業責任者
,,,,,1,13,1,きんし,bawal,,禁止
,,,,,2,13,1,ひょうじばん,karatula,,表示板
,,,,,3,13,1,きんしじこう,bagay na bawal gawin,,禁止事項
,,,,,4,13,1,ひなんくんれん,evacuation drill,,避難訓練
,,,,,5,13,1,かんでん（する）,pagkakuryente / makuryente,,感電（する）
,,,,,6,13,1,ぼうし（する）,pagpigil / pigilan,,防止（する）
,,,,,7,13,1,よぼう（する）,pag-iwas / iwasan,,予防（する）
,,,,,8,13,1,てんとう（する）,pagbagsak / bumagsak,,転倒（する）
,,,,,9,13,1,はさまる,maipit,,挟まる
,,,,,10,13,1,あしもと,paanan,,足元
,,,,,11,13,1,ふあんてい（な）,hindi matatag,,不安定（な）
,,,,,12,13,1,あとかたづけ,pagliligpit pagkatapos,,後片付け
,,,,,13,13,1,きゅうきゅうばこ,first-aid kit,,救急箱
,,,,,14,13,1,ばんそうこう,panakip sa sugat,,絆創膏
,,,,,15,13,1,たいちょう,pisikal na kondisyon,,体調
,,,,,16,13,1,ち,dugo,,血
,,,,,17,13,1,ねっちゅうしょう,heatstroke,,熱中症
,,,,,18,13,1,はきけ,alibadbad,,吐き気
,,,,,19,13,1,おうと（する）,pagsusuka / magsusuka,,嘔吐（する）
,,,,,20,13,1,あしがつる,namumulikat ang paa,,足がつる
,,,,,21,13,1,きぶんがわるい,hindi maganda ang pakiramdam,,気分が悪い
,,,,,22,13,1,ねぶそく,kulang sa tulog,,寝不足
,,,,,23,13,1,あんぜんねっと,safety net,,安全ネット
,,,,,24,13,1,あんぜんてんけん,inspeksyon para sa kaligtasan,,安全点検
,,,,,1,14,1,"けーわいかつどう（きけん
よちかつどう）","Aktibidad ng KY (Aktibidad
para Kilalanin ang
Panganib)",,KY活動（危険予知活動）
,,,,,2,14,1,きけん,panganib,,危険
,,"Nabangga sa bucket ng tractor shovel
at nasugatan","トラクタショベルのバケットにぶつかっ
てけがをした",,3,14,1,ぶつかる,mabangga,,ぶつかる
,,"Tumama sa katawan ang kagamitang
nahulog mula sa scaffolding at
nasugatan","あ し ば お こ う ぐ からだ あ
足場から落ちてきた工具が体に当たっ
てけがをした",,4,14,1,あたる,tumama,,当たる
,,Nadaganan ng mabigat na makina,"じゅうき し た じ
重機の下敷きになる",,5,14,1,したじきになる,madaganan,,下敷きになる
,,"Nagkamali at tumama ang martilyo sa
kamay","あやま て う
誤ってハンマーで手を打ってしまった",,6,14,1,うつ,tamaan,,打つ
,,"Nawala ang balanse sa taas ng hagdan
at nahulog","うえ くず てんらく
はしごの上でバランスを崩して転落し
た",,7,14,1,ばらんすをくずす,mawala ang balanse,,バランスを崩す
,,"Bumagsak ang hagdan, bumagsak dahil
sa heatstroke","たお ねっちゅうしょう たお
はしごが倒れる、熱中症で倒れる",,8,14,1,たおれる,bumagsak,,倒れる
,,"Nawala ang balanse sa taas ng hagdan
at nahulog","うえ くず てんらく
はしごの上でバランスを崩して転落し
た",,9,14,1,てんらく（する）,pagkahulog / mahulog,,転落（する）
,,,,,10,14,1,しさこしょう,pagturo at pagtawag,,指差呼称
,,,,,11,14,1,ひやりはっと,"muntikang aksidente
(Hiyari-hatto)",,ヒヤリハット
,,,,,12,14,1,げんいん,sanhi,,原因
,,,,,13,14,1,たいさく,hakbang upang labanan,,対策
,,"Nahulog ang kagamitan mula sa
scaffolding","あしば こ う ぐ らっか
足場から工具が落下した",,14,14,1,らっか（する）,pagkahulog / mahulog,,落下（する）
,,Bumagsak sa butas,"か い こ う ぶ ついらく
開口部から墜落した",,15,14,1,ついらく（する）,pagbagsak / bumagsak,,墜落（する）
,,Tiyakin na ligtas ang paligid,"しゅうい あんぜん かくにん
周囲の安全を確認する",,16,14,1,かくにん（する）,pagtiyak / tiyakin,,確認（する）
,,,,,16,16,1,ぎょうむ,trabaho,,業務
,,,,,17,16,1,じかんげんしゅ,laging nasa oras,,時間厳守
,,,,,18,16,1,よてい,iskedyul,,予定
,,,,,19,16,1,ひづけ,petsa,,日付
,,,,,20,16,1,じゅんび（する）,paghahanda / maghanda,,準備（する）
,,,,,21,16,1,かいぎ,pagpupulong,,会議
,,,,,22,16,1,ちょうれい,pagbati sa umaga,,朝礼
,,,,,23,16,1,ほうこくしょ,ulat,,報告書
,,,,,24,16,1,まにゅある,manuwal,,マニュアル
,,,,,25,16,1,さぎょうてじゅんしょ,proseso ng paggawa,,作業手順書
,,,,,26,16,1,ちょうし,kalagayan,,調子
,,,,,1,17,1,たちいりきんし,Bawal Pumasok,,立入禁止
,,,,,2,17,1,きんえん,Bawal Manigarilyo,,禁煙
,,,,,3,17,1,かきげんきん,"Mapanganib: Bawal ang
Apoy",,火気厳禁
,,,,,4,17,1,ちゅうしゃきんし,Bawal Pumarada,,駐車禁止
,,,,,5,17,1,あしもとちゅうい,Ingatan ang Hakbang!,,足もと注意
,,,,,6,17,1,かいこうぶちゅうい,"Mapanganib: May Butas
sa Sahig",,開口部注意
,,,,,7,17,1,かんでんちゅうい,"Mapanganib: May
Kuryente",,感電注意
,,,,,8,17,1,ついらくちゅうい,"Mapanganib: May
Maaaring Bumagsak",,堕落注意
,,,,,9,17,1,ずじょうちゅうい,Ingatan ang Ulo!,,頭上注意
,,,,,10,17,1,けいほうせつび,Sistemang Pang-alarma,,警報設備
,,,,,11,18,1,しょうかき,Pang-apula ng Apoy,,消火器
,,,,,12,18,1,"えーいーでぃーせっちば
しょ",May Nakahandang AED,,AED設置場所
,,,,,13,18,1,ほごぼうちゃくよう,Magsuot ng Helmet,,保護帽着用
,,,,,14,18,1,あんぜんたいしよう,"Magsuot ng Sinturong
Pangkaligtasan",,安全帯使用
,,,,,15,18,1,しょうこうかいだん,"Hagdanan na Pang-
Scaffolding",,昇降階段
,,,,,16,18,1,きゅうけいじょ,Pahingahan,,休憩所
,,,,,17,18,1,さいだいせきさいかじゅう,"Maximum na kapasidad sa
pag-load",,最大積載荷重
,,,,,18,18,1,きつえんじょ,"Lugar para sa
Paninigarilyo",,喫煙所
,,,,,19,18,1,せいりせいとん,Panatilihing Maayos,,整理整頓
,,,,,20,18,1,あんぜんつうろ,"Ligtas na Daanan /
Safety Passage",,安全通路
,,"Kinokonekta ang mga single pipe
gamit ang triple clamp.","さんれん たんかん けつごう
三連クランプで単管を結合する",,1,19,1,さんれんくらんぷ,triple clamp,,三連クランプ
,,"Idadala sa lugar ang lupa gamit ang
belt conveyor","つち こ う ん ぱ ん
ベルトコンベアで土を小運搬する",,2,19,1,"べるとこんべあ
（べるこん）",belt conveyor,,"ベルトコンベア
（ベルコン）"
"Malaking mallet. Tinatawag din
itong “Narimono,” “Oonari.” Ang
masong ginagamit sa dalawang
kamay ay tinatawag na “kakeya,”
ang mallet na ginagamit sa isang
kamay ay “kizuchi” o “konekiri.”",,"Pupukpukin ang poste gamit ang
maso (kakeya).","くい う こ
かけやで杭を打ち込む",,3,19,1,かけや,maso,,かけや
Ito ay tamping rammer.,,"Magsisiksik ng lupa gamit ang
pambayo.","じ ば ん し かた
ランマで地盤を締め固める",,4,19,1,らんま,pambayo,,ランマ
"Ginagamit ito sa pagbigkis sa mga
single pipes, at para sa
pagpapatatag ng slope.
Sa scaffolding, tinatawag na
“sujikai” (diagonal) ang
pagpapatatag ng slope.",,"Bibigkisin ang single pipe gamit ang
movable clamp.","じ ざ い もち たんかん きんけつ
自在クランプを用いて単管を緊結する",,5,19,1,じざいくらんぷ,movable clamp,,自在クランプ
,,"Bibigkisin ang single pipe gamit ang
catch clamp.","もち たんかん てっこつ
キャッチクランプを用いて単管と鉄骨
きんけつ
を緊結する",,6,19,1,きゃっちくらんぷ,catch clamp,,キャッチクランプ
,,"Bibigkisin ang single pipe gamit ang
pangbuhat","つ あ よう もち きんけつ
吊り上げ用クランプを用いて緊結した
たんかん つ あ
単管を吊り上げる",,7,19,1,つりあげようくらんぷ,clamp para sa pagbuhat,,吊り上げ用クランプ
,,"Bibigkisin ang single pipe gamit ang
right angle clamp","ちょっこう もち たんかん きんけつ
直交クランプを用いて単管を緊結す
る",,8,19,1,ちょっこうくらんぷ,right angle clamp,,直交クランプ
,,Isasabit ang wire rope sa hook.,ワイヤーロープをフックにかける,,9,19,1,ふっく,kawit / hook,,フック
,,"Isasabit ang wire sa straight
shackle.","ワイヤーをストレートシャックルにかけ
る",,10,20,1,すとれーとしゃっくる,straight shackle,,ストレートシャックル
,,"Bubuhatin ang mga materyales
gamit ang kalo.","かっしゃ ざいりょう つ あ
滑車で材料を吊り上げる",,11,20,1,かっしゃ,kalo / pulley,,滑車
,,"Bubuhatin ang mga materyales
gamit ang crane.","し ざ い つ あ
クレーンで資材を吊り上げる",,12,20,1,くれーん,crane,,クレーン
,,"Bubuhatin ang mga materyales
gamit ang movable crane.","い ど う しき し ざ い つ あ
移動式クレーンで資材を吊り上げる",,13,20,1,いどうしきくれーん,mobile crane,,移動式クレーン
,,"Babawasan ang pag-ugoy ng karga
gamit ang guy rope.","かい に も つ ふ
介しゃくロープで荷物の振れをおさえ
る",,14,20,1,かいしゃくろーぷ,guy rope,,介しゃくロープ
,,"Gumamit ng hagdanan na pang-
scaffolding kapag aakyat sa itaas
ng scaffolding.","あ し ばじょうそう のぼ しょうこうかいだん つか
足場上層に上るには昇降階段を使う",,15,20,1,しょうこうかいだん,"Hagdanan na Pang-
Scaffolding",,昇降階段
,,"Ipasok ang strut end pin at
baluktutin","すじ と さ こ お ま
筋かい止めピンを差し込み折り曲げ
ておく",,16,20,1,すじかいとめぴん,strut end pin,,筋かい止めピン
,,"Ipasok ang stud joint hanggang sa
dulo.","きゃくちゅう さ い ご さ こ
脚柱ジョイントは最後まで差し込む",,17,20,1,きゃくちゅうじょいんと,stud joint,,脚柱ジョイント
,,"Ipasok ang connecting pin
hanggang sa dulo.","れんけつ さ い ご さ こ
連結ピンは最後まで差し込む",,18,20,1,れんけつぴん,connecting pin,,連結ピン
,,"Siguraduhing ilagay hanggang sa
dulo ang joint mettal fitting.","か な ぐ かくじつ さ い ご
ジョイント金具は確実に最後まではめ
る",,19,20,1,じょいんとかなぐ,joint metal fitting,,ジョイント金具
,,"Ipirmi ang materyales gamit ang
lever block.","し ざ い こ て い
レバーブロックで資材を固定する",,20,21,1,ればーぶろっく,lever block,,レバーブロック
,,"Gumamit ng circular saw para sa
pagtabas ng form","かたわく せつだん まる し よ う
型枠の切断は丸のこを使用する",,21,21,1,でんどうのこ（まるのこ）,"electric circular saw
(circular saw)",,電動のこ（丸のこ）
"Tinatawag din itong “monkey
wrench.”",,"Higpitan/luwagan ang nut gamit
ang monkey wrench.","し ゆる
モンキースパナでナットを締める・緩
める",,22,21,1,もんきーすぱな,monkey spanner,,モンキースパナ
,,"Maglagay ng anchor post kung saan
hihigpitan ang pangunahing lubid.","おやづな は い ち おやづなしちゅう と つ
親綱を張る位置に親綱支柱を取り付
ける",,23,21,1,おやづなしちゅう,"poste ng pangunahing
lubid",,親綱支柱
"Tinatawag din itong “mochi-okuri”
(console).",,Magkabit ng bracket sa scaffolding.,"あ し ば と つ
足場にブラケットを取り付ける",,24,21,1,ぶらけっと,bracket,,ブラケット
,,,,,25,21,1,はしご,hagdan,,梯子
"Lubid kung saan sinasabit ang
sinturong pangkaligtasan (sinturong
may lifeline) sa lugar ng
konstrusksyon. Ilagay ito nang hindi
lumalaylay sa pagitan ng mga poste
upang maprotektahan ang mga
manggagawa sa lugar ng trabaho.",,"Isabit ang sinturong pangkaligtasan
sa pangunahing lubid","おやづな あんぜんたい
親綱に安全帯をかける",,1,22,1,おやづな,safety line,,親綱
,,"Magbuo ng scaffolding gamit ang
standard scaffold (Beatty)","たてわく もち あ し ば く み た
建枠（ビティ）を用いて足場を組立て
る",,2,22,1,たてわく（びてぃ）,standard scaffold (Beatty),,建枠（ビティ）
"Tinatawag din itong “curing sheet”
at “scattering-proof net”, “yojo-
shiito”, “hisan-boushi-shiito”.",,"Magkabit ng mesh sheet sa
scaffolding frame","あ し ばわく と つ
足場枠にメッシュシートを取り付ける",,3,22,1,めっしゅしーと,mesh sheet,,メッシュシート
,,"Mag-install ng soundproofing panel
bilang hakbang laban sa ingay","そうおんたいさく ぼうおん せ っ ち
騒音対策として防音パネルを設置す
る",,4,22,1,ぼうおんぱねる,soundproof panel,,防音パネル
,,"Gumamit ng protective shelf material
upang maiwasan ang pagtalsik at
pagkahulog ng mga bagay","あさがおざい ひ ら い ら っ か ぼ う し
朝顔材は飛来落下防止のためにつか
う",,5,22,1,あさがおざい,protective shelf material,,朝顔材
"Dahil mataas ang boltahe ng
kuryenteng dumadaloy dito, mataas
ang posibilidad na magkaroon ng
aksidente ng pagkakuryente.",,"Siguraduhing huwag masagi ng
scaffolding ang overhead wire","か く うせん せっしょく
架空線へ接触させないようにする",,6,22,1,かくうせん,overhead wire,,架空線
,,"Maglagay ng baseboard sa
scaffolding upang maiwasan ang
pagbagsak ng
manggagawa/pagkahulog ng mga
kagamitan","ろうどうしゃ ついてんらく き ぐ ら っ か ぼ う し
労働者の墜転落・器具の落下防止の
あ し ば は ば き もう
ために足場に幅木を設ける",,7,22,1,はばき（かせつあしば）,"baseboard
(pansamantalang
scaffolding)",,幅木（仮設足場）
"Pinaikling tawag sa “single pipe”.
Tinatawag din “itong pipe”, “tankan-
paipu”, “paipu”.",,"Magbuo ng scaffolding gamit ang
single pipe","たんかん もち あ し ば く た
単管を用いて足場を組み立てる",,8,22,1,たんかん,single pipe,,単管
,,,,,9,22,1,きゃたつ,natitiklop na hagdan,,脚立
"Radius kung saan umiikot ang
mabigat na makina. Upang maiwasan
ang aksidente ng pagsagi atbp.,
madalas ay bawal pumasok dito.",,"Ipagbawal ang pagpasok sa loob ng
operating radius kung saan gumagana
ang mabigat na makina","じゅうきさぎょう さぎょうはんけい た い きん
重機作業の作業半径に立ち入りを禁
し
止する",,10,23,1,さぎょうはんけい,operating radius,,作業半径
,,"Pansamantalang ipirmi ang
estruktura gamit ang pansamantalang
kandado","かり こうぞうたい かり こ て い
仮ボルトで構造体を仮に固定する",,11,23,1,かりぼると,pansamantalang kandado,,仮ボルト
,,"Isaayos ang lugar na sinita sa
scaffolding","し て き ば し ょ て な お
指摘された場所を手直しする",,12,23,1,てなおし,pasasaayos,,手直し
,,Ihanay ayon sa flush,"つらいち
面一にそろえる",,13,23,1,つらいち,flush,,面一
,,"Isagawa ang inspeksyon ng mga
gagamiting kagamitan bago
magsimula sa trabaho alinsunod sa
mga bagay na dapat inspeksyunin.","し よ う こ う ぐ てんけんじ こ う もと し
使用する工具は点検事項に基づき始
ぎょうまえてんけん
業前点検をおこなう",,14,23,1,てんけんじこう,"mga bagay na dapat
inspeksyunin",,点検事項
,,"Magkarga nang hindi lumalabis sa
loading capacity ng truck.","せきさいかじゅう こ
トラックの積載荷重を超えないように
つ こ
積み込む",,15,23,1,せきさいかじゅう,loading capacity,,積載荷重
,,"Siguraduhing walang siwang sa
pagkabit ng soundproofing sheet.","ぼうおん ま あ
防音シートはすき間が空かないように
と つ
取り付ける",,16,23,1,すきま,siwang,,すき間
,,"Tingnan ang pagkatuwid upang
tiyakin kung nagagawa ang
paghuhukay ayon sa tamang paraan.","かたどお ね ぎ り で き とお
やり方通りで根切が出来ているか通
りをみる",,17,23,1,とおりをみる,tingnan ang pagkatuwid,,通りを見る
,,Magbuo ng scaffolding,"あ し ば く み た
足場を組立てる",,18,23,1,くみたて,pagbubuo,,組立
,,"Buhatin pataas ang scaffolding na
binuo sa lugar ng konstruksyon sa
ibaba, at ikabit ito.","した じ ぐみ あ し ば あ
下で地組した足場をクレーンで上げ
うえ と つ
て上で取り付ける",,19,23,1,じぐみ,"pagbubuo sa lugar ng
konstruksyon",,地組
Tinatawag din itong “uwaba” (itaas).,,"Gawing pantay at makinis ang
kongkretong levee crown gamit ang
trowel","て ん ば へいかつ
コンクリートの天端をコテで平滑にな
らす",,20,24,1,てんば,levee crown,,天端
,,"Kapag magbubuhat ng materyales,
isagawa ang slinging sa ligtas na
posisyon.","ざいりょう つ あ さい あんぜん い ち
材料を吊り上げる際は安全な位置に
たまかけ
玉掛けをおこなう",,21,24,1,たまかけ・たまがけ,slinging,,玉掛け
,,"Gawin sa ligtas na paraan ang
pagpaandar ng mabigat na makina sa
pamamagitan ng paggamit ng mga
hudyat.","じゅうきさぎょう あ い ず あんぜん おこな
重機作業は合図をもって安全に行う",,22,24,1,あいず,hudyat,,合図
,,"Huwag magbuhat ng higit sa rated
capacity.","ていかくかじゅう こ つ さぎょう
定格荷重を超えて吊りもの作業はお
こなわない",,23,24,1,ていかくかじゅう,rated capacity,,定格荷重
,,"Tingnan ang “tachi” ng scaffolding
support (tachi=verticality)","あ しばしち ゅ う み すいちょくせい
足場支柱のたちを見る（垂直性＝た
ち）",,24,24,1,たち,vertical,,たち
,,"Sumunod sa utos ng foreman sa
pagbubuo ng scaffolding","あ し ばくみたて しょくちょう し じ したが
足場組立は職長の指示に従う",,25,24,1,しょくちょう,foreman,,職長
"Pangunahin itong tawag sa takip na
nakakabit sa electric circular saw.
Ginagamit ito upang iwasan ang
paglundag ng circular saw papunta sa
katawan nang dahil sa kickback atbp.
kapag pagpuputol.",,"Iwasan ang aksidente sa
pamamagitan ng paggamit ng safety
cover","あんぜん しよう じこ ふせ
安全カバーの使用で事故を防ぐ",,1,25,1,あんぜんかばー,safety cover,,安全カバー
,,Ikabit ang safety belt sa scaffolding,"あんぜんたい あ し ば と つ
安全帯を足場に取り付ける",,2,25,1,あんぜんたい,safety belt,,安全帯
,,"Upang ma-install ang insert sa
kongkreto, pukpukin paloob ng form","せ っ ち
インサートをコンクリートに設置するた
かたわく う こ
め、型枠に打ち込む",,3,25,1,いんさーと,insert,,インサート
,,Magkabit ng spacer sa form,"かたわく と つ
型枠にスペーサを取り付ける",,4,25,1,すぺーさ,spacer,,スペーサ
,,"Isaayos ang siwang sa pagitan ng
reinforcing bar at form","てっきん かたわく す き ま ちょうせい
鉄筋と型枠の隙間を調整する",,5,25,1,てっきん,reinforcing bar,,鉄筋
,,"Isaksak sa saksakan ng kuryente ng
retractable extension cord (drum)","でんこう さ こ
電工ドラムのコンセントに差し込む",,6,25,1,でんこうどらむ（どらむ）,"retractable extension
cord (drum)",,電工ドラム（ドラム）
,,"Putulin ang concrete panel gamit ang
electric circular saw.","でんどうまる せつだん
電動丸のこでコンパネを切断する",,7,25,1,"でんどうまるのこ（でんの
こ）","electric circular saw
(circular saw)",,電動丸のこ（電のこ）
,,Ilatag ang gasket,"し こ
パッキンを敷き込む",,8,25,1,ぱっきん,gasket,,パッキン
,,"Bunutin ang pako gamit ang maliit na
crowbar","しょう くぎ ぬ
小バールで釘を抜く",,9,25,1,しょうばーる,maliit na crowbar,,小バール
,,"Gumamit malaking crowbar para sa
pagbaklas ng form","かたわくかいたい だい し よ う
型枠解体に大バールを使用する",,10,25,1,だいばーる,malaking crowbar,,大バール
,,"Gumamit ng decorative plywood para
sa finishing ng nakalitaw na mga
maliliit na bato at buhangin ng
konkreto sa ibabaw","ひょうめん う はな し あ けしょうごうばん
表面は打ち放し仕上げのため化粧合
し よ う
板を使用する",,11,26,1,けしょうごうはん,decorative plywood,,化粧合板
,,"Para sa finishing ng base sa likod,
gumamit ng normal plywood","はいめん そ じ し あ ふ つ うごうばん
背面は素地仕上げのため普通合板を
し よ う
使用する",,12,26,1,ふつうごうはん,normal plywood,,普通合板
,,Ikabit ang styrofoam sa loob ng form,"かたわくない と つ
スタイロフォームを型枠内に取り付け
る",,13,26,1,すたいろふぉーむ,styrofoam,,スタイロフォーム
,,Magkabit ng chamfer strip sa form,"かたわく めん ぎ と つ
型枠に面木を取り付ける",,14,26,1,めんぎ,chamfer strip,,面木
,,"Pasiksikin ang kongkreto gamit ang
vibrator","し かた
バイブレーターでコンクリートを締め固
める",,15,26,1,ばいぶれーたー,vibrator,,バイブレーター
,,"Gumamit ng pangtanggal upang
pagandahin ang pagtanggal sa
kongkreto at form","かたわく よ
コンクリートと型枠のはなれを良くする
は く りざい し よ う
ために剥離剤を使用する",,16,26,1,はくりざい,pangtanggal ng pintura,,剥離剤
,,Ikabit ang riser plate,"いた と つ
けこみ板を取り付ける",,17,26,1,けこみいた,riser plate,,けこみ板
,,Ikabit ang joint strip sa form,"かたわく め じ ぼう と つ
型枠に目地棒を取り付ける",,18,26,1,めじぼう,joint strip,,目地棒
,,Ibuhos ang kongkreto sa form,"かたわく なが こ
型枠にコンクリートを流し込む",,19,26,1,こんくりーと,kongkreto,,コンクリート
,,"Sukatin ang dimensyon gamit ang
medida","すんぽう はか
コンベックスで寸法を測る",,20,26,1,こんべっくす,medida,,コンベックス
,,"Isagawa ang trabaho sa form gamit
ang guwantes na pantrabaho","さぎょうようてぶくろ もち かたわくさぎょう
作業用手袋を用いて型枠作業をおこ
なう",,21,27,1,さぎょうようてぶくろ,guwantes na pantrabaho,,作業用手袋
,,"Sukatin ang dimensyon gamit ang
carpenter’s square","さしがね すんぽう はか
差金で寸法を測る",,22,27,1,さしがね,carpenter’s square,,差金
,,"Isaayos ang incline gamit ang level
gauge at gawin itong horizontal","すいへい き かたむ ちょうせい すいへい
水平器で傾きを調整し水平にする",,23,27,1,すいへいき,level gauge,,水平器
,,"Ilagay ang sumisashi (brush na
pangmarka na yari sa kawayan) sa
sumitsubo (kagamitang pangmarka ng
mahaba at tuwid na guhit)","すみ すみ
墨さしを墨つぼにつける",,24,27,1,すみさし,"brush na pangmarka na
yari sa kawayan",,墨さし
,,"Ilagay ang sumisashi (brush na
pangmarka na yari sa kawayan) sa
sumitsubo (kagamitang pangmarka ng
mahaba at tuwid na guhit)","すみ すみ
墨さしを墨つぼにつける",,25,27,1,すみつぼ,"kagamitang pangmarka ng
mahaba at tuwid na guhit",,墨つぼ
,,"Ipirmi ang form sa bilog na
panghiwalay","まる かたわく こ て い
丸セパレーターで型枠を固定する",,1,28,1,"まるせぱれーたー
（まるせぱ）","bilog na panghiwalay /
round separator",,"丸セパレーター
（丸セパ）"
,,"Pukpukin ang levee crown nail sa
itaas na kongkreto","てん てん ば くぎ う
コンクリート天に天端釘を打つ",,2,28,1,てんばくぎ,levee crown nail,,天端釘
,,"Isagawa ang surface treatment sa
ibabaw ng concrete panel","ひょうめん
コンパネの表面をけれんする",,3,28,1,けれん,surface treatment,,ケレン
,,"Isagawa ang konstruksyon ng form
timbering","か た わ く し ほ こ う こ う じ おこな
型枠支保工の工事を行う",,4,28,1,かたわくしほこう,form timbering,,型枠支保工
,,"Magbuo ng foundation form gamit ang
metal form","き そ かたわく く み た
基礎型枠を組立てる",,5,28,1,"きそかたわく
（めたるふぉーむ）","foundation form (metal
form)",,"基礎型枠
（メタルフォーム）"
,,"Kalasin ang form at alisin ang pako
mula rito","かたわく くぎ し ま
型枠をばらして釘仕舞いをする",,6,28,1,くぎしまい,"pag-alis sa pako mula sa
form / nail remover",,釘仕舞い
,,"Pantayin ang dulong itaas na bahagi
ng losa (slab)","てん ば
スラブ天端をそろえる",,7,28,1,すらぶてんば,"dulong itaas na bahagi ng
losa (slab)",,スラブ天端
,,Sukatin ang taas,"たか はか
高さ（タッパ）を測る",,8,28,1,たかさ（たっぱ）,taas,,高さ（タッパ）
,,Iposisyon ang form nang patayo,"かたわく た て こ
型枠を建込みする",,9,28,1,たてこみ,"pagposisyon nang patayo
/ vertical position",,建込み
"Pagsasaayos sa mga depormidad at
sagabal upang maging normal ang
kanilang kalagayan",,Ayusin ang pagkatuwid,"とお よ
通りを良くする",,10,28,1,とおり,pagkatuwid,,通り
Taas ng bawat hakbang ng hagdan.,,"Magbuo ng form ayon sa itinakdang
sukat ng riser","き け あ すんぽう かたわく く み た
決められた蹴上げ寸法で型枠を組立
てる",,11,29,1,けあげ,riser,,蹴上げ
,,"Magbuo ng form ayon sa itinakdang
sukat ng footboard","き け こ すんぽう かたわく く み た
決められた蹴込み寸法で型枠を組立
てる",,12,29,1,けこみ,footboard,,蹴込み
,,"Huwag kaligtaan ang paglilinis at
pangangalaga sa mga kagamitan","こ う ぐ て い
工具の手入れをおこたらない",,13,29,1,こうぐのていれ,"paglilinis at pangangalaga
sa mga kagamitan / tool
care & maintenance",,工具の手入れ
,,"Tiyakin kung perpendicular ito gamit
ang plumb","さ ふ すいちょく かくにん
下げ振りで垂直を確認する",,14,29,1,さげふり,plumb,,下げ振り
,,"Ikabit ang form ayon sa marka para
sa partisyon","じ ずみ あ かたわく と つ
地墨に合わせて型枠を取り付ける",,15,29,1,じずみ,marka para sa partisyon,,地墨
,,"Mag-install ng fastening frame ng
leveling concrete","す と わく せ っ ち
捨てコンクリートの止め枠を設置する",,16,29,1,すてこんくりーと,leveling concrete,,捨てコンクリート
"Kalagayan kung saan malaki ang
pagkausli ng isang dako sa parteng
sinusuportahan ng gangplank ng
scaffolding. Kapag umakyat dito nang
hindi naaalam, may panganib na
mahulog, kung kaya’t
napakamapanganib nito.",,"Magbuo ng slab form na nakausli
mula sa pader","かべ だ かたわく く み た
壁からはね出してスラブ型枠を組立て
る",,17,29,1,はねだし,nakakausli,,はね出し
,,"Tiyakin ang umbok ng frame habang
isinisagawa ang concrete placing","だ せ つちゅう かたわく
コンクリート打設中に型枠のはらみを
かくにん
確認する",,18,29,1,はらみ,umbok,,はらみ
,,Pagsamahin ang front face,"まえつら そろ
前面を揃える",,19,29,1,まえつら,front face,,前面
,,"Isagawa ang curing pagkatapos ng
concrete placing","だ せ つ ご ようじょう
コンクリート打設後に養生をおこなう",,20,30,1,ようじょう,curing,,養生
,,Sukatin ang level,"そくりょう
レベルを測量する",,21,30,1,れべる,level,,レベル
,,Mag-layout ng frame,"かたわく わ つ
型枠を割り付ける",,22,30,1,わりつけ,layout,,割付
,,"Unang ikabit ang nakabaong metal sa
form","かたわく う こ かなもの
型枠にはあらかじめ埋め込み金物を
と つ
取り付ける",,23,30,1,うめこみかなもの,nakabaong metal,,埋め込み金物
,,Ikalas ang form (disassemble),"かたわく かいたい
型枠を解体する（バラス）",,24,30,1,かいたいする（ばらす）,"pagkalas (disassemble) /
ikalas",,解体する（バラス）
,,"Tiyakin ang covering dimension ng
reinforcing bar at form","てっきん かたわく すんぽう かくにん
鉄筋と型枠のかぶり寸法を確認する",,25,30,1,かぶりすんぽう,covering dimension,,かぶり寸法
,,Gumamit ng deformed steel bar,"い け いぼうこう もち
異形棒鋼を用いる",,1,31,1,いけいぼうこう,deformed steel bar,,異形棒鋼
,,Itali a rebar gamit ang tie wire,"けっそくせん てっきん しば
結束線で鉄筋を縛る",,2,31,1,けっそくせん,"tie wire / alambreng pang
dikitin o pagsamahin",,結束線
"Reinforcing bar na karaniwang
ginagamit sa Japan",,Gumamit ng deformed steel bar,"けっそく こ う ぐ もち てっきん しば
結束工具を用いて鉄筋を縛る",,3,31,1,けっそくこうぐ,deformed steel bar,,結束工具
,,"Bigkisin ang iron bar gamit ang iron
bar cutting machine","てっきんせ つだ んき てっきん せつだん
鉄筋切断機で鉄筋を切断する",,4,31,1,てっきんせつだんき,iron bar cutting machine,,鉄筋切断機
tinatawag din itong “hacker”,,"Bigkisin ang reinforcing bar gamit ang
binding tool","てっきん ま か こ う き てっきん ま
鉄筋曲げ加工機で鉄筋を曲げる",,5,31,1,てっきんまげかこうき,binding tool,,鉄筋曲げ加工機
,,Maglakip ng hook sa reinforcing bar,"てっきんた ん ぶ
鉄筋端部にフックをつける",,6,31,1,ふっく,hook,,フック
,,"Baluktutin ang reinforcing bar gamit
ang reinforcement bending machine","ほ ご ぼう さぎょう と か
保護帽をかぶり作業に取り掛かる",,7,31,1,ほごぼう（へるめっと）,"reinforcing bar bending
machine",,保護帽（ヘルメット）
,,"Ikabit ang hook sa dulo ng reinforcing
bar","せ っ ち
アンカーを設置する",,8,31,1,あんかー,kawit / anchor,,アンカー
,,"Magsuot ng proteksyong pang-ulo at
magsimulang magtrabaho","げ ん ばはんにゅうまえ か こ う ば てっきん か こ う
現場搬入前に加工場で鉄筋を加工
する",,9,31,1,かこうば,"proteksiyong pang-ulo
(helmet)",,加工場
"Pinaikling “joint bar na angkla.”
Tinatawag din itong “sashikin.” (joint
bar)",,Maglagay ng anchor,"てっきん あつ たも
鉄筋のかぶり厚さを保つためスペー
つか
サーを使う",,10,31,1,すぺーさー,angkla,,スペーサ―
,,"Iproseso ang reinforcing bar sa
processing plant bago ito dalhin sa
lugar ng trabaho","かべ てっきん あつ つか
壁の鉄筋かぶり厚さはドーナツを使う",,11,32,1,どーなつ,processing plant,,ドーナツ
,,"Gumamit ng spacer upang panatilihin
ang covering depth ng reinforcing bar","か こ うはいきん ず どお く み た
加工配筋図通りに組立てる",,12,32,1,かこうはいきんず,spacer,,加工配筋図
,,"Gumamit ng rebar spacer (donut)
para sa covering depth ng reinforcing
bar ng pader","はいきんしょうさい ず どお くみ た
配筋詳細図通りに組立てる",,13,32,1,はいきんしょうさいず,rebar spacer (donut),,配筋詳細図
,,"Magbuo ng opening reinforcement sa
parteng butas ng bintana","まどかいこう ぶ かいこうほきょうきん ぐみ た
窓開口部は開口補強筋を組立てる",,14,32,1,かいこうほきょうきん,opening reinforcement,,開口補強筋
,,Ikabit ang spreader bar,"はば ど きん と つ
幅止め筋を取り付ける",,15,32,1,はばどめきん,spreader bar,,幅止め筋
,,Maglagay ng joint bar sa kongkreto,"さしきん
コンクリートに差筋をする",,16,32,1,さしきん,joint bar,,差筋
,,Magbuo ng column bar,"はしらしゅきん ぐみ た
柱主筋を組立てる",,17,32,1,はしらしゅきん,column bar,,柱主筋
,,Magbuo ng column bar arrangement,"はしらはいきん ず めん かくにん
柱配筋を図面で確認する",,18,32,1,はしらはいきん,column bar arrangement,,柱配筋
,,"Magbuo ng pampatibay ng losa (slab)
sa nakatakdang pitch","きん しょてい く み た
スラブ筋を所定のピッチで組立てる",,19,32,1,すらぶきん,slab reinforcement,,スラブ筋
,,Magbuo ng base reinforcement,"きん く み た
ベース筋を組立てる",,20,32,1,べーすきん,base reinforcement,,ベース筋
,,Magbuo ng hoop,"おびきん く み た
帯筋を組立てる",,21,33,1,おびきん（ふーぷ）,hoop,,帯筋（フープ）
,,Magbuo ng bottom reinforcement,"し た ばきん く み た
下端筋を組立てる",,22,33,1,したばきん,bottom reinforcement,,下端筋
,,Magbuo ng top reinforcement,"う わ ばきん く み た
上端筋を組立てる",,23,33,1,うわばきん,top reinforcement,,上端筋
,,Magbuo ng main reinforcement,"しゅきん く み た
主筋を組立てる",,24,33,1,しゅきん,main reinforcement,,主筋
,,"Magbuo ng stirrup reinforcement
(ST)","きん く み た
あばら筋を組立てる",,25,33,1,あばらきん,stirrup reinforcement,,あばら筋
,,magbuo ng hakama reinforcement,"きん く み た
はかま筋を組立てる",,1,34,1,はかまきん,hakama reinforcement,,はかま筋
,,magbuo ng vertical reinforcement,"たてきん く み た
縦筋を組立てる",,2,34,1,たてきん,vertical reinforcement,,縦筋
,,magbuo ng lower reinforcement,"したきん く み た
下筋を組立てる",,3,34,1,したきん,lower reinforcement,,下筋
,,magbuo ng side reinforcement,"よこきん く み た
横筋を組立てる",,4,34,1,よこきん,side reinforcement,,横筋
,,magbuo ng midsection reinforcement,"はらきん く み た
腹筋を組立てる",,5,34,1,はらきん,midsection reinforcement,,腹筋
,,magbuo ng distributing bar,"はいりょくきん く み た
配力筋を組立てる",,6,34,1,はいりょくきん,distributing bar,,配力筋
,,magbuo ng upper reinforcement,"うわきん く み た
上筋を組立てる",,7,34,1,うわきん,upper reinforcement,,上筋
,,"Ikabit ang spiral reinforcement sa
dinding na panlaban sa lindol","きん たいしんへき と つ
スパイラル筋を耐震壁に取り付ける",,8,34,1,すぱいらるきん,spiral reinforcement,,スパイラル筋
,,"Ang reinforcing bar diameter ay ayon
sa drawing at specification","てっきんけい せっけい と し ょ とお
鉄筋径は設計図書の通りである",,9,34,1,てっきんけい,reinforcing bar diameter,,鉄筋径
,,Tiyakin ang covering depth,"あつ かくにん
かぶり厚さを確認する",,10,34,1,かぶりあつさ,covering depth,,かぶり厚さ
,,Tiyakin ang anggulo,"か く ど かくにん
角度を確認する",,11,35,1,かくど,anggulo,,角度
,,"Magbuo ng reinforcing bar gamit ang
single layer reinforcement","てっきん はいきん く み た
鉄筋はシングル配筋で組立てる",,12,35,1,しんぐる,single,,シングル
,,"Ituring na dobleng layer
reinforcement ang slab","はいきん
スラブはダブル配筋とする",,13,35,1,だぶる,doble,,ダブル
,,I-zigzag binding ang reinforcing bar,"てっきん ち ど り けっそく
鉄筋は千鳥結束する",,14,35,1,ちどりけっそく,zigzag na tali,,千鳥結束
,,"Putulin ang reinforcing bar ayon sa
sukat ng pagputol","せつだんすんぽう てっきん せつだん
切断寸法で鉄筋を切断する",,15,35,1,せつだんすんぽう,sukat ng putol,,切断寸法
,,"Iproseso ang reinforcing bar ayon sa
sukat ng pagproseso","か こ うすんぽうどお てっきん か こ う
加工寸法通りに鉄筋を加工する",,16,35,1,かこうすんぽう,sukat ng paggawa,,加工寸法
,,"Ituring na lap joint ang mga
reinforcing bar","てっきん ど う し かさ つ ぎ て
鉄筋同士は重ね継手とする",,17,35,1,かさねつぎて,lap joint,,重ね継手
,,"Ituring na stud joint ang mga
reinforcing bar","てっきん ど う し あっせつつ ぎ て
鉄筋同士は圧接継手とする",,18,35,1,あっせつつぎて,stud joint,,圧接継手
,,"Maglagay ng opening reinforcement
sa butas.","かい こ う ぶ かいこうほきょうきん と つ
開口部には開口補強筋を取り付ける",,19,35,1,かいこうぶ,butas,,開口部
,,"Gumamit ng nakawelding na
alambreng lambat para sa bar
arrangement sa sahig","ど ま はいきん ようせつかなあみ し よ う
土間配筋は溶接金網を使用する",,20,35,1,ようせつかなあみ,"nakawelding na alambreng
lambat",,溶接金網
,,"Dalhin sa labas mula sa lugar ng
trabaho ang mga tirang reinforcing
bar","のこ てっきん げ ん ば はんしゅつ
残った鉄筋を現場から搬出する",,21,36,1,はんしゅつ,paglabas,,搬出
,,"Dalhis sa loob ang mga reinforcing
bar sa lugar ng trabaho","てっきん げ ん ば はんにゅう
鉄筋を現場に搬入する",,22,36,1,はんにゅう,pagdala sa loob,,搬入
"Ito ang pundasyon ng tinatayong
gusali",,"Isagawa ang bar arrangement ng
pundasyon","き そ はいきん
基礎の配筋をおこなう",,23,36,1,きそ,pundasyon,,基礎
,,"Ituring na mechanical joint ang mga
reinforcing bar","てっきん ど う し き か い し き つ ぎ て
鉄筋同士は機械式継手とする",,24,36,1,きかいしきつぎて,mechanical joint,,機械式継手
,,"Pagpasa sa inspeksyon ng
tagapangasiwa ng design sa bar
arrangement","せっけいかんりしゃ はいきんけ ん さ ごうかく
設計監理者による配筋検査に合格す
る",,25,36,1,はいきんけんさ,"inspeksyon ng bar
arrangement",,配筋検査
"Ang mga makinang may nakakabit na
aparato sa paggawa (attachment) sa
tractor ay tinatawag na bulldozer,
tractor shovel, atbp.",,,,,1,37,1,とらくた,tractor,,トラクタ
"Makinang may nakakabit na blade sa
tractor",,,,,2,37,1,ぶるどーざ,bulldozer,,ブルドーザ
"Ito ay makinang may nakakabit na
bucket sa tractor. Mayroong tipong
crawler at tipong gulong",,,,,3,37,1,とらくたしょべる,tractor shovel,,トラクタショベル
"Tractor shovel na tipong gulong
(four-wheel drive)",,,,,4,37,1,ほいるろーだ,wheel loader,,ホイルローダ
,,,,,5,37,1,だんぷとらっく,dump truck,,ダンプトラック
"Makinang may shovel na maaaring
palitan ng aparato sa paggawa
(attachment) para masagawa ang
iba’t ibang trabaho",,,,,6,37,1,ゆあつしょべる,power shovel,,油圧ショベル
"Ito ang uri ng power shovel na
madalas nakikita, at ginagamit sa
paghuhukay nang mas malalim sa
lupa",,,,,7,37,1,ばっくほう,backhoe,,バックホウ
"Ito ay isang uri ng power shovel na
ginagamit sa pagkarga ng mga graba
at batong nasa lupa",,,,,8,37,1,ろーでぃんぐしょべる,loading shovel,,ローディングショベル
,,,,,9,37,1,ろーら,roller,,ローラ
,,,,,10,37,1,ばけっと,bucket,,バケット
,,,,,11,38,1,ぶーむ,boom,,ブーム
,,,,,12,38,1,あーむ,arm,,アーム
,,,,,13,38,1,ぶれーど（はいどばん）,blade,,ブレード（排土板）
,,,,,14,38,1,たいや,gulong,,タイヤ
,,,,,15,38,1,くろーら,crawler,,クローラ
,,Susi ng kotse,"くるま かぎ
車の鍵",,16,38,1,きー（かぎ）,key (susi),,キー（鍵）
,,,,,17,38,1,"さぎょうそうち
（あたっちめんと）","aparato sa paggawa
(attachment)",,"作業装置
（アタッチメント）"
,,"Buksan ang engine, patayin ang
engine","き
エンジンをかける、エンジンを切る",,18,38,1,えんじん,engine,,エンジン
,,,,,19,38,1,でぃーぜるえんじん,diesel engine,,ディーゼルエンジン
,,,,,20,38,1,えんじんおいる,engine oil,,エンジンオイル
,,,,,21,39,1,"おるたねーた
（じゅうでんはつでんき）","alternator (charging
generator)",,"オルタネータ
（充電発電機）"
,,,,,22,39,1,ばってり,battery,,バッテリ
,,,,,23,39,1,ねんりょう,fuel,,燃料
,,,,,24,39,1,けいゆ,gas oil,,軽油
,,Apakan ang preno,"ふ
ブレーキを踏む",,25,39,1,ぶれーき,preno,,ブレーキ
,,,,,1,40,1,ゆあつしりんだ,hydraulic cylinder,,油圧シリンダ
,,,,,2,40,1,ゆあつもーた,hydraulic motor,,油圧モータ
,,,,,3,40,1,ゆあつぽんぷ,hydraulic pump,,油圧ポンプ
,,,,,4,40,1,みずもれ,tagas ng tubig,,水漏れ
,,,,,5,40,1,あぶらもれ,tagas ng langis,,油漏れ
,,,,,6,40,1,れいきゃくすい,coolant,,冷却水
,,,,,7,40,1,ぶれーきえき,brake fluid,,ブレーキ液
,,,,,8,40,1,ねんりょうたんく,fuel tank,,燃料タンク
,,,,,9,40,1,ふぁんべると,fan belt,,ファンベルト
,,,,,10,40,1,くうきあつ,"presyon ng hangin ng
gulong",,空気圧
,,,,,11,40,1,くらっち,clutch,,クラッチ
,,,,,12,40,1,きゅうはっしん,biglaang pag-arangkada,,急発進
,,,,,13,40,1,きゅうぶれーき,biglaang pagpreno,,急ブレーキ
,,"Kapag ihihinto ang makina, i-idling
muna ito bago to ihinto","て い し
エンジンを停止するときはアイドリング
と
したあとに止める",,14,41,1,あいどりんぐ,idling,,アイドリング
,,,,,15,41,1,そうこう,pagtakbo,,走行
,,,,,16,41,1,せんかい,rebolusyon,,旋回
,,,,,17,41,1,あんぜんろっく,safety lock,,安全ロック
,,,,,18,41,1,あんぜんしちゅう,safety post,,安全支柱
,,"Huwag magpa-gasolina habang
umaandar ang makina","ねんりょう ほきゅう
エンジンをかけたまま燃料を補給して
はいけない",,19,41,1,ほきゅう（する）,"pagpapa-gasolina /
magpa-gasolina",,補給（する）
,,,,,20,41,1,ちゅうしゃ（する）,pagparada / iparada,,駐車（する）
taong naglalakad,,,,,21,41,1,ほこうしゃ,pedestrian,,歩行者
,,,,,22,41,1,しゃりょう,sasakyan,,車両
Tinutukoy ang lugar na hindi nakikita,,,,,23,41,1,しかく,blind spot,,死角
,,Umakyat sa dalisdis ng bundok,"やま の しゃめん のぼ
山の斜面を上る",,24,41,1,しゃめん,dalisdis / slope,,斜面
,,"Isagawa ang surface compaction
gamit ang roller","てんあつさぎょう
ローラで転圧作業をする",,25,41,1,てんあつ（する）,"surface compaction /
isagawa ang surface
compaction",,転圧（する）
,,"Masagi sa mabigat na makina at
masugat","じゅうき せっしょく
重機に接触してけがをする",,1,42,1,せっしょく（する）,sagi / masagi,,接触（する）
,,Umandar ang fire alarm,"か さ い ほ う ち き さ ど う
火災報知器が作動する",,2,42,1,さどう（する）,pag-andar /umandar,,作動（する）
,,I-maintain ang sasakyan,"しゃりょう せ い び
車両の整備をする",,3,42,1,せいび（する）,"pag-maintain
(maintenance) /
i-maintain",,整備（する）
,,"Inspeksyuin ang mga kagamitan bago
magtrabaho","さぎょうまえ こ う ぐ てんけん
作業前に工具を点検する",,4,42,1,てんけん（する）,inspeksyon / inspeksyunin,,点検（する）
,,Ipaandar ang makina,"き か い うご
機械を動かす",,5,42,1,うごかす,ipaandar,,動かす
,,"Magmaneho ng makinang
pangkonstruksyon","けんせつき か い うんてん
建設機械を運転する",,6,42,1,うんてん（する）,"pagmamaneho /
magmaneho",,運転（する）
,,Sukatin ang haba ng reinforcing bar,"てっきん なが はか
鉄筋の長さを測る",,7,42,1,はかる,sukatin,,測る
,,Mag-operate ng makina,"き か い そ う さ
機械を操作する",,8,42,1,そうさ（する）,operasyon / mag-operate,,操作（する）
,,,,,9,42,1,ていし（する）,pag-tigil / itigil,,停止（する）
,,"Patayin ang makina, putulin ang
reinfocing bar","き てっきん き
エンジンを切る、鉄筋を切る",,10,42,1,きる,"patayin, putulin",,切る
,,,,,11,42,1,まわす,paikutin,,回す
,,,,,12,42,1,おす,pindutin,,押す
,,,,,13,42,1,あつめる,kolektahin,,集める
,,,,,14,42,1,さわる,hawakan,,触る
,,,,,15,42,1,しばる,bigkisin,,縛る
,,"Tipunin ayon sa haba ng reinforcing
bar","てっきん なが そろ
鉄筋の長さを揃える",,16,42,1,そろえる,tipunin,,揃える
,,"Pagsamahin ang materyales at itali
gamit ang tali","ざいりょう むす
材料をまとめてひもで結ぶ",,17,42,1,むすぶ,itali,,結ぶ
,,,,,18,42,1,しゃがむ,yumukyok / squat,,しゃがむ
,,,,,19,42,1,ちょうせい（する）,pag-adjust / i-adjust,,調整（する）
,,,,,20,42,1,とじる,pagsara / isara,,閉じる
,,,,,1,43,1,とりだす,ilabas / take out,,取り出す
,,"Ibalik ang mga ginamit na kagamitan
sa dating lugar","つか こ う ぐ もと ば し ょ もど
使った工具は元の場所に戻す",,2,43,1,もどす,ibalik,,戻す
,,,,,3,43,1,しあげる,tapusin,,仕上げる
,,Mabali ang pako,"くぎ お
釘が折れる",,4,43,1,おれる,mabali,,折れる
,,May bingas sa blade ng circular saw,"まる は か
丸のこの刃が欠ける",,5,43,1,かける,magkulang,,欠ける
,,"Huwag lumapit sa mabigat na makina
habang nagtatrabaho","さぎょうちゅう じゅうき ちか
作業中の重機に近づかない",,6,43,1,ちかづく,lumapit,,近づく
,,,,,7,43,1,でんげんをいれる,i-on,,電源を入れる
,,,,,8,43,1,でんげんをおとす,i-off,,電源を落とす
,,,,,9,43,1,すいっちをきる,i-off ang switch,,スイッチを切る
,,,,,10,43,1,こてい（する）,pirmi / ipirmi,,固定（する）
,,Luwagin ang tornilyo,ボルトをゆるめる,,11,43,1,ゆるめる,luwagin,,ゆるめる
,,,,,12,43,1,のばす,pahabain / extend,,伸ばす
,,Tanggalin ang takip na pangkaligtasan,"あんぜん はず
安全カバーを外す",,13,43,1,はずす,tanggalin,,外す
,,Baluktutin ang reinforcing bar,,,14,43,1,まげる,baluktutin,,曲げる
,,,鉄筋を曲げる,,15,43,1,だす,ilabas,,出す
,,,,,16,43,1,かわかす,patuyuin,,乾かす
,,,,,17,43,1,かぞえる,bilangin,,数える
,,,,,18,43,1,はこぶ,dalhin,,運ぶ
,,"Itambak ang mga materyales sa
paraang hindi maguguho","ざいりょう つ
材料をくずれないように積む",,19,43,1,つむ,itambak,,積む
,,Ibaba ang karga mula sa truck bed,"に だ い に も つ お
トラックの荷台から荷物を下ろす",,20,43,1,おろす,ibaba,,下ろす
,,,,,21,43,1,はなれる,lumayo,,離れる
,,,,,1,44,1,いち,posisyon,,位置
,,,,,2,44,1,すんぽう,dimensyon,,寸法
,,,,,3,44,1,そくてい（する）,pagsukat / magsukat,,測定（する）
,,,,,4,44,1,けいそく（する）,pagsukat / magsukat,,計測（する）
,,,,,5,44,1,けいそくき,instrumentong pangsukat,,計測器
,,,,,6,44,1,おんど,temperatura,,温度
,,,,,7,44,1,たかさ,taas,,高さ
,,,,,8,44,1,ながさ,haba,,長さ
,,,,,9,44,1,おもさ,bigat,,重さ
,,,,,10,44,1,あつさ,kapal,,厚さ
,,,,,11,44,1,かたさ,tigas,,硬さ
,,,,,12,44,1,ふかさ,lalim,,深さ
,,,,,13,44,1,ひょうめん,ibabaw (surface),,表面
,,,,,14,44,1,すきま,siwang,,すきま
,,,,,15,44,1,ちゅうしん,sentro,,中心
,,,,,16,45,1,あたい,halaga (numero),,値
,,,,,17,45,1,あんてい（する）,katatagan / itatag,,安定（する）
,,,,,18,45,1,おおきさ,laki (size),,大きさ
,,,,,19,45,1,かず,bilang,,数
,,,,,20,45,1,ごさ,pagkakamali (error),,誤差
,,,,,21,45,1,なか,gitna,,中
,,,,,22,45,1,はんたい,kasalungat,,反対
,,,,,23,45,1,まわり,paligid,,周り
1 shaku ≒30.3 cm,,,,,24,45,1,しゃく,shaku (unit ng pagsukat),,尺
,,,,,25,45,1,あお,asul,,青
,,,,,26,45,1,あか,pula,,赤
,,,,,27,45,1,しろ,puti,,白
,,,,,28,45,1,きいろ,dilaw,,黄色
