Column_4,Column_6,No.,PDFページ番号,PDF表番号,ความคดิ เห็น,ความคิดเห็น,ควำมคดิ เห็น,คา แปล,ตว ัอย่าง,ตวั อยา่ ง,ตวัอย่าง,รปู ภาพ,รูปภาพ,วธิ ก ีารอา่ น,วธิ ก ีำรอำ่ น,วิธกีารอ่าน,ศพ ัท์,ศพั ท์,ศพัท์,หมายเหตุ,อา่ นวา่,เครอื่ งหมาย,เหตผุ ล,เหตุผล
,,1,1,1,,,,การฝึกงานดา้ นเทคนคิ,,,,,,,,,,技能実習,,,ぎのうじっしゅう,,,
,,2,1,1,,,,ผฝู้ ึกงานดา้ นเทคนคิ,,,,,,,,,,技能実習生,,,ぎのうじっしゅうせい,,,
,,3,1,1,,,,โรงงาน,,,,,,,,,,工場,,,こうじょう,,,
,,4,1,1,,,,ผลติ,,,,,,,,,,製造,,,せいぞう,,,
,,5,1,1,,,,เครอื่ งจักร,,,,,,,,,,機械,,,きかい,,,
,,6,1,1,,,,ปลอดภัย,,,,,,,,,,安全,,,あんぜん,,,
,,7,1,1,,,,อนั ตราย (ทอี่ นั ตราย),,,,,,,,,,危険（な）,,"โดยปกตแิ ลว้ จะก ากบั ดว้ ยตัวอกั ษรคัน
จ ิ แตใ่ นโรงงานอาจมกี รณีทกี่ ากบั ดว้ ย
ตัวคาตะคานะวา่ ""キケン""",きけん（な）,,,
,,8,1,1,,,,อนั ตราย,,,,,,,,,,危ない,,,あぶない,,,
,,9,1,1,,,,สะอาด,,,,,,,,,,清掃,,"ท าความสะอาดเพอื่ ใหพ้ นื้ ทกี่ าร
ท างานสะอาดและเขา้ ใจถงึ สภาพที่
ถกู ตอ้ งไดง้ า่ ยขนึ้",せいそう,,,
,,10,1,1,,,,ทางออกฉุกเฉนิ,,,,,,,,,,非常口,,,ひじょうぐち,,,
,,11,1,1,,,,ระวัง,,,,,,,,,,注意,,,ちゅうい,,,
,,12,1,1,,,,ไฟไหม้,,,,,,,,,,火事,,,かじ,,,
,,13,1,1,,,,อบุ ัตเิ หตุ,,,,,,,,,,事故,,,じこ,,,
,,14,1,1,,,,เครอื่ งแตง่ กาย,,,,,,,,,,服装,,,ふくそう,,,
,,15,1,1,,,,อปุ กรณ์ความปลอดภัย,,,,,,,,,,安全装置,,,あんぜんそうち,,,
,,1,2,1,,,,,,,,,,あんぜんかばー,,,安全カバー,,,,,,ฝาครอบป้องกนั,
,,2,2,1,,,,,,,,,,けが,,,けが,,,,,,บาดเจ็บ,
,,3,2,1,,,,,,,,,,けがをする,,,けがをする,,,,,,ไดร้ ับบาดเจ็บ,
,,4,2,1,,,,,,,,,,でんげん,,,電源,,,,,,แหลง่ จา่ ยไฟฟ้า,
,,5,2,1,,,,,,,,,,でんげんをきる,,,電源を切る,,,,,,ตัดไฟ,
,,6,2,1,,,,,,,,,,ひじょうていしぼたん,,,非常停止ボタン,,,,,,ป่มุ หยดุ ฉุกเฉนิ,
,,7,2,1,,,,,,,,,,"ひじょうていしぼたんを
おす",,,非常停止ボタンを押す,,,,,,กดป่มุ หยดุ ฉุกเฉนิ,
,,8,2,1,,,,,,,,,,るーる,,,ルール,,,,,,กฎระเบยี บ,
,,9,2,1,,,,,,,,,,るーるをまもる,,,ルールを守る,,,,,,เคารพกฎระเบยี บ,
,,10,2,1,,,,,,,,,,とめる,,,止める,,,,,,หยดุ,
,,11,2,1,,,,,,,,,,きかいをとめる,,,機械を止める,,,,,,หยดุ เครอื่ งจักร,
,,12,2,1,,,,,,,,,,やって,,,やって,,,,,,ท าสิ,
,,13,2,1,,,,,,,,,,とめて,,,止めて,,,,,,หยดุ สิ,
,,14,2,1,,,,,,,,,,とって,,,取って,,,,,,หยบิ สิ,
,,15,2,1,,,,,,,,,,だめ（な）,,,だめ（な）,,,,,,ไมไ่ ด ้(ทไี่ มไ่ ด)้,
,,1,3,1,"องคก์ รทไี่ มแ่ สวงผลก ำไรซงึ่ ท ำกำร
ควบคมุ หรอื ใหค้ ำชแี้ นะกำรศกึ ษำ
ดำ้ นเทคนคิ หรอื กจิ กรรมของผู้
ฝึกงำนดำ้ นเทคนคิ",,,,,,,,,かんりだんたい,,,監理団体,,,,,,องคก์ รทกี่ ำกบั ดแู ล,
,,2,3,1,,,,,,,,,,ぎじゅついてん,,,技術移転,,,,,,กำรถำ่ ยทอดเทคนคิ,
,,3,3,1,,,,,,,,,,ぎのうじっしゅうきかん,,,技能実習期間,,,,,,"ระยะเวลำกำรฝึกงำนดำ้ น
เทคนคิ",
,,4,3,1,,,,,,,,,,しょくしゅ,,,職種,,,,,,ประเภทอำชพี,
,,5,3,1,,,,,,,,,,ざいりゅうしかく,,,在留資格,,,,,,สถำนภำพกำรพ ำนัก,
,,6,3,1,,,,,,,,,,ぱすぽーと,,,パスポート,,,,,,หนังสอื เดนิ ทำง,
,,7,3,1,,,,,,,,,,ざいりゅうかーど,,,在留カード,,,,,,บัตรสถำนภำพกำรพ ำนัก,
,,8,3,1,"ค ำยอ่ ของ ""สำ นักงำนตรวจคนเขำ้
เมอื ง"" หรอื ""กองตรวจคนเขำ้ เมอื ง""",,,,,,,,,にゅうかん,,,入管,,,,,,ตม.,
,,9,3,1,,,,,,,,,,ざいりゅうきかん,,,在留期間,,,,,,ระยะเวลำกำรพ ำนัก,
,,10,3,1,,,,,,,,,,こようけいやく,,,雇用契約,,,,,,สญั ญำจำ้ งงำน,
,,11,3,1,,,,,,,,,,きゅうよめいさい,,,給与明細,,,,,,สลปิ เงนิ เดอื น,
,,12,3,1,,,,,,,,,,きゅうりょう,,,給料,,,,,,เงนิ เดอื น,
,,13,3,1,,,,,,,,,,ざんぎょうてあて,,,残業手当,,,,,,คำ่ ลว่ งเวลำ,
,,14,3,1,,,,,,,,,,ろうどうじかん,,,労働時間,,,,,,เวลำท ำงำน,
,"ในกรณีทมี่ คี รอบครัวจะไดร้ ับ ""การ
ลดหยอ่ นค ้าจนุ ครอบครัว""",1,4,1,"การหักเงนิ จ านวนคงทอี่ อกจากมลู คา่ เดมิ
สว่ นมากใชก้ บั การหักภาษี",,,,"かぞく やしな ひと ふようこうじょ
家族を養っている人は、「扶養控除」
う ばあい
を受けられる場合がある",,,,,こうじょ（する）,,,控除（する）,,,,,,การลดหยอ่ น (ลดหยอ่ น),
,,2,4,1,,,,,,,,,,ぼーなす,,,ボーナス,,,,,,โบนัส,
,"ไดย้ นื่ เรอื่ งขอหยดุ ลาพักรอ้ นสปั ดาห์
หนา้",3,4,1,"การลางานทไี่ ดร้ ับคา่ จา้ งแมว้ า่ จะไมไ่ ป
ท างาน การลาพักรอ้ น การลาพักรอ้ นจะ
เรยี กสนั้ ๆวา่ ""ยคู วิ """,,,,"らいしゅうゆうきゅう しんせいしょ だ
来週、有休をとるので申請書を出した",,,,,ゆうきゅう,,,有休,,,,,,ไดร้ ับคา่ จา้ ง,
,,4,4,1,"วันทจี่ ะไดร้ ับหยดุ ชดเชยในกรณีทมี่ าท างาน
ในวันหยดุ",,,,,,,,,だいきゅう,,,代休,,,,,,หยดุ ชดเชย,
,,5,4,1,"กฎหมายของญปี่ ่นุ ทกี่ าหนดมาตรฐาน
เกยี่ วกบั แรงงาน",,,,,,,,,ろうどうきじゅんほう,,,労働基準法,,,,,,"กฎหมายมาตรฐาน
แรงงาน",
,,6,4,1,,,,,,,,,,ろうどうじょうけん,,,労働条件,,,,,,เงอื่ นไขแรงงาน,
,,7,4,1,,,,,,,,,,ぜいきん,,,税金,,,,,,ภาษี,
,,8,4,1,ภาษีตอ่ รายไดท้ ไี่ ดร้ ับในระยะเวลาหนงึ่ ปี,,,,,,,,,しょとくぜい,,,所得税,,,,,,ภาษีเงนิ ได้,
,,9,4,1,ภาษีทจี่ า่ ยใหก้ บั เทศบาลเมอื งทอี่ ยอู่ าศัย,,,,,,,,,じゅうみんぜい,,,住民税,,,,,,ภาษีบ ารงุ ทอ้ งที่,
,,10,4,1,"เงนิ บ านาญสา หรับพนักงานบรษิ ัทหรอื
ขา้ ราชการซงึ่ จะไดร้ ับเมอื่ เกษียณงาน
ทพุ พลภาพ เสยี ชวี ติ",,,,,,,,,こうせいねんきん,,,厚生年金,,,,,,กองทนุ สา รองเลยี้ งชพี,
,,11,4,1,"ประกนั ทจี่ ะไดร้ ับเงนิ ประกนั เมอื่ ตกงานหรอื
เรมิ่ หางานใหม่",,,,,,,,,こようほけん,,,雇用保険,,,,,,ประกนั การจา้ งงาน,
,,13,5,1,"ชอื่ ยอ่ การเรยี กรวม ประกนั สขุ ภาพ ประกนั
กองทนุ สา รองเลยี้ งชพี ประกนั การจา้ งงาน
ประกนั อบุ ัตเิ หตแุ ละความเสยี หายทเี่ กดิ ขนึ้
ระหวา่ งงาน เขา้ ดว้ ยกนั โดยเฉพาะในกรณีที่
เรยี กรวมระหวา่ งประกนั สขุ ภาพและประกนั
กองทนุ สา รองเลยี้ งชพี ของพนักงานบรษิ ัท",,,,,,,,,しゃかいほけん,,,社会保険,,,,,,ประกนั สงั คม,
,,14,5,1,"ชอื่ ยอ่ ของ ""อบุ ัตเิ หตแุ ละความเสยี หายที่
เกดิ ขนึ้ ระหวา่ งการท างาน"" การบาดเจ็บ
ระหวา่ งการท างานหรอื เจ็บป่วยอนั
เนื่องมาจากการท างาน",,,,,,,,,ろうさい,,,労災,,,,,,"อบุ ัตเิ หตแุ ละความ
เสยี หายทเี่ กดิ ขนึ้
ระหวา่ งการท างาน",
,,15,5,1,"เงนิ ประกนั ทจี่ ะไดร้ ับเป็นเงนิ กอ้ นในกรณีที่
เกดิ คา่ รักษาหรอื มชี ว่ งเวลาทไี่ มส่ ามารถไป
ท างานได ้หรอื กอ่ ใหเ้กดิ ทพุ พลภาพอนั
เนื่องมาจากอบุ ัตเิ หตแุ ละความเสยี หายที่
เกดิ ขนึ้ ระหวา่ งการท างาน",,,,,,,,,ろうさいほけん,,,労災保険,,,,,,"ประกนั อบุ ัตเิ หตแุ ละ
ความเสยี หายทเี่ กดิ ขนึ้
ระหวา่ งการท างาน",
,,1,6,1,,,,,,,,,,,ちこく（する）,,遅刻（する）,,,,,,การมาสาย (มาสาย),
,,2,6,1,,,,,,,,,,,そうたい（する）,,早退（する）,,,,,,"การกลับกอ่ นเวลา (กลับ
กอ่ นเวลา)",
,,3,6,1,,,,,,,,,,,きゅうけい（する）,,休憩（する）,,,,,,การพัก (พัก),
,,4,6,1,,,,,,,,,,,ざんぎょう（する）,,残業（する）,,,,,,"การท างานลว่ งเวลา
(ท างานลว่ งเวลา)",
,วันนี้จะกลับบา้ นตามเวลาทกี่ าหนด,5,6,1,,,"ตามระยะเวลาทถี่ กู ก าหนด สว่ นมาก
จะหมายถงึ เวลาทเี่ ขา้ ออกบรษิ ัท",,"き ょ う ていじ かえ
今日は定時に帰る",,,,,,ていじ,,定時,,,,,,ตามเวลาทกี่ าหนด,
,,6,6,1,,,,,,,,,,,きそく,,規則,,,,,,กฎขอ้ บังคับ,
,,7,6,1,,,,,,,,,,,きゅうじつ,,休日,,,,,,วันหยดุ,
,,8,6,1,,,,,,,,,,,しぎょうじかん,,始業時間,,,,,,เวลาเรมิ่ งาน,
,,9,6,1,,,,,,,,,,,しゅうぎょうじかん,,終業時間,,,,,,เวลาเลกิ งาน,
,,10,6,1,,,,,,,,,,,しどういん,,指導員,,,,,,ผชู้ แี้ นะ,
,,11,6,1,,,,,,,,,,,せいかつしどういん,,生活指導員,,,,,,ผชู้ แี้ นะในการด ารงชพี,
,,12,6,1,,,,,,,,,,,たんとうしゃ,,担当者,,,,,,ผรู้ ับผดิ ชอบ,
,,13,6,1,,,,,,,,,,,すいっちいれるな,,スイッチ入れるな,,,,,,อยา่ เปิดสวติ ช์,
,,14,6,1,,,,,,,,,,,すいっちきるな,,スイッチ切るな,,,,,,อยา่ ปิดสวติ ช์,
,,15,6,1,,,,,,,,,,,しようきんし,,使用禁止,,,,,,หา้ มใช้,
,,1,7,1,"การฝึกวนิ ัย 5 อยา่ งทปี่ ระกอบไปดว้ ย
สะสาง สะดวก สะอาด สขุ ลักษณะ
สรา้ งนสิ ยั โดยอกั ษร S มาจาก
ตัวอกั ษรแรกของแตล่ ะค า เป็นค าพดู ที่
ใชเ้พอื่ ปรับปรงุ พนื้ ทกี่ ารท างาน",,,,,,,,,ごえす,,,5S,,,,,,5 ส,
,,2,7,1,"แบง่ แยกระหวา่ งสงิ่ จ าเป็นและสงิ่ ไม่
จ าเป็นใหช้ ดั เจนแลว้ แชรข์ อ้ มลู รว่ มกนั
เพอื่ ใหค้ ณุ ภาพหรอื ความสามารถใน
การพลติ สงู ขนึ้",,,,,,,,,せいり,,,整理,,,,,,สะสาง,
,,3,7,1,"ก าหนดทจี่ ัดเกบ็ หรอื การจัดวาง
สงิ่ จ าเป็นแลว้ ท าเครอื่ งหมายทชี่ ดั เจน
เพอื่ ลดความไมม่ เี หตผุ ลหรอื ความ
สนิ้ เปลอื ง",,,,,,,,,せいとん,,,整頓,,,,,,สะดวก,
,,4,7,1,"ท าความสะอาดเพอื่ ใหพ้ นื้ ทกี่ าร
ท างานสะอาดและเขา้ ใจถงึ สภาพที่
ถกู ตอ้ งไดง้ า่ ยขนึ้",,,,,,,,,せいそう,,,清掃,,,,,,สะอาด,
,,5,7,1,"ท าการสะสาง สะดวก สะอาด อยา่ ง
จรงิ จังเพอื่ รักษาสภาพทสี่ ะอาดและ
ถกู ตอ้ ง",,,,,,,,,せいけつ,,,清潔,,,,,,สขุ ลักษณะ,
,,6,7,1,"สรา้ งนสิ ยั เพอื่ ใหส้ ามารถปฏบิ ัตติ ามที่
ก าหนดไวแ้ ลว้ สรา้ งธรรมเนียมในการ
ชว่ ยเหลอื ซงึ่ กนั และกนั",,,,,,,,,しつけ,,,しつけ,,,,,,สรา้ งนสิ ยั,
,,7,7,1,,,,,,,,,,そうじ（する）,,,掃除（する）,,,,,,"การท าความสะอาด (ท า
ความสะอาด)",
,,8,8,1,,,,,,,,,,かたづける,,,片づける,,,,,,จัดเกบ็ ใหเ้ขา้ ทเี่ ขา้ ทาง,
,,9,8,1,,,,,,,,,,すてる,,,捨てる,,,,,,ทงิ้,
,,10,8,1,,,,,,,,,,きたない,,,汚い,,,,,,สกปรก,
,,11,8,1,,,,,,,,,,よごれる,,,汚れる,,,,,,เปรอะ,
,,12,8,1,,,,,,,,,,ぶんべつ（する）,,,分別（する）,,,,,,"การแบง่ แยกประเภท
(แบง่ แยกประเภท)",
,,13,8,1,,,,,,,,,,もえないごみ,,,燃えないごみ,,,,,,ขยะเผาไมไ่ ด้,
,,14,8,1,,,,,,,,,,もえるごみ,,,燃えるごみ,,,,,,ขยะเผาได้,
,มอื ถกู เครอื่ งจักรหนีบ,15,8,1,,,,,"きかい て はさ
機械に手が挟まれた",,,,,はさまれる,,,挟まれる,,,,,,ถกู หนีบ,
,"1)ถกู เครอื่ งจักรเกยี่ วเอามอื เขา้ ไป
2)ถงุ มอื ถกู เครอื่ งไสเกยี่ วเขา้ ไป",16,8,1,,,,,"きかい て ま こ
1)機械に手が巻き込まれる
てぶくろ ばん ま こ
2)手袋がフライス盤に巻き込まれる",,,,,まきこまれる,,,巻き込まれる,,,,,,โดนเกยี่ ว,
,,17,8,1,,,,,,,,,,やけど（する）,,,やけど（する）,,,,,,แผลไฟลวก (โดนไฟลวก),
,ตกบันได,18,8,1,,,,,"かいだん お
階段から落ちる",,,,,おちる,,,落ちる,,,,,,ตก,
,พนื้ ลนื่,19,8,1,,,,,"ゆか
床がすべる",,,,,すべる,,,すべる,,,,,,ลนื่,
,ลนื่ หกลม้ ทโี่ รงงาน,20,9,1,,,,,"こうじょう ころ
工場ですべって転んだ",,,,,ころぶ,,,転ぶ,,,,,,หกลม้,
,,21,9,1,,,,,,,,,,ぬれる,,,濡れる,,,,,,เปียก,
,,22,9,1,,,,,,,,,,えいせい,,,衛生,,,,,,อนามัย,
,,23,9,1,,,,,,,,,,ひなん（する）,,,避難（する）,,,,,,"การอพยพหนีภัย (อพยพ
หนีภัย)",
,,24,9,1,,,,,,,,,,きゅうきゅうしゃ,,,救急車,,,,,,รถพยาบาล,
,,25,9,1,,,,,,,,,,さいがい,,,災害,,,,,,ภัยพบิ ัติ,
,เกดิ แผน่ ดนิ ไหว,26,9,1,,,,,"じ しん お
地震が起きる",,,,,じしん,,,地震,,,,,,แผน่ ดนิ ไหว,
,แผน่ ดนิ ไหว ! มดุ ใตโ้ ตะ๊ !,27,9,1,,,,,"じ しん つくえ した
地震だ！机の下にもぐれ！",,,,,もぐる,,,もぐる,,,,,,มดุ,
,,1,10,1,,,,,,,,,,,かきげんきん,,火気厳禁,,,,,,หา้ มใชไ้ ฟ,
,,2,10,1,,,,,,,,,,,かいほうげんきん,,開放厳禁,,,,,,หา้ มเปิดทงิ้ ไว้,
,,3,10,1,,,,,,,,,,,ひょうしき,,標識,,,,,,เครอื่ งหมาย,
,,4,10,1,,,,,,,,,,,きをつける,,気をつける,,,,,,ระมัดระวัง,
,หา้ มน าโทรศัพทม์ อื ถอื เขา้ ไปในโรงงาน,5,10,1,,,,,"こうじょう けいたいでんわ も こ
工場に携帯電話を持ち込んではいけ
ない",,,,,,もちこむ,,持ち込む,,,,,,น าเขา้ ไป,
,"ตรวจสอบความปลอดภัยเพอื่ ป้องกนั
อบุ ัตเิ หตุ",6,10,1,,,,,"あんぜんかくにん じ こ ふせ
安全確認して事故を防ぐ",,,,,,ふせぐ,,防ぐ,,,,,,ป้องกนั,
,,7,10,1,,,,,,,,,,,ひ,,火,,,,,,ไฟ,
,,8,10,1,,,,,,,,,,,けむり,,煙,,,,,,ควัน,
,,9,10,1,,,,,,,,,,,しょうか,,消火,,,,,,ดับเพลงิ,
,,10,10,1,,,,,,,,,,,しょうかき,,消火器,,,,,,ถังดับเพลงิ,
,,11,10,1,,,,,,,,,,,ひじょうべる,,非常ベル,,,,,,กระดงิ่ เตอื นภัย,
,,12,10,1,,,,,,,,,,,かさいほうちき,,火災報知機,,,,,,เครอื่ งเตอื นอคั คภี ัย,
,,13,10,1,,,,,,,,,,,にげる,,逃げる,,,,,,หลบหนี,
,,14,10,1,,,,,,,,,,,げんば,,現場,,,,,,หนา้ งาน,
,,15,10,1,,,,,,,,,,,さぎょう,,作業,,,,,,งาน,
,,16,10,1,,,"อาจเรยี ก การประชมุ ประชมุ ชว่ งเชา้
ประชมุ กอ่ นเลกิ งาน วา่ มตี ตงิ้ ดว้ ย
เชน่ กนั",,,,,,,,みーてぃんぐ,,ミーティング,,,,,,มตี ตงิ้,
,,17,10,1,,,,,,,,,,,けんしゅう（する）,,研修（する）,,,,,,การฝึกงาน (ฝึกงาน),
,,18,10,1,,,,,,,,,,,じっしゅう（する）,,実習（する）,,,,,,"การฝึกภาคปฏบิ ัต ิ(ฝึก
ภาคปฏบิ ัต)ิ",
,,19,10,1,,,,,,,,,,,あいさつ,,あいさつ,,,,,,ทักทาย,
,,20,10,1,,,,,,,,,,,かくにん（する）,,確認（する）,,,,,,การตรวจสอบ (ตรวจสอบ),
,,21,11,1,,,,,,,,,,,ほうこく（する）,,報告（する）,,,,,,การรายงาน (รายงาน),
,,22,11,1,,,,,,,,,,,れんらく（する）,,連絡（する）,,,,,,การตดิ ตอ่ (ตดิ ตอ่ ),
,,23,11,1,,,,,,,,,,,そうだん（する）,,相談（する）,,,,,,การปรกึ ษา (ปรกึ ษา),
,,24,11,1,,,ใชใ้ นกรณีทยี่ นื่ ของใหใ้ ครซกั คน,,,,,,,,わたす,,渡す,,,,,,ยนื่ ให้,
,,25,11,1,,,,,,,,,,,しんせいしょ,,申請書,,,,,,ใบค ารอ้ ง,
,,26,11,1,,,,,,,,,,,ねぼう（する）,,寝坊（する）,,,,,,"่ ่
การตนื สาย (ตนื สาย)",
,,1,12,1,,,,,,,,,,ぎのう,,,技能,,,,,,ทกั ษะทางเทคนิค,
,,2,12,1,,,,,,,,,,ぎのうけんていしけん,,,技能検定試験,,,,,,"การสอบวดั ระดับทกั ษะ
ทางเทคนคิ",
,,3,12,1,,,,,,,,,,じゅけん（する）,,,受検（する）,,,,,,การเขา้ สอบ (เขา้ สอบ),
,,4,12,1,,,,,,,,,,しかく,,,資格,,,,,,คณุ สมบัติ,
,,5,12,1,,,,,,,,,,てあて,,,手当,,,,,,"เบยี้ เลยี้ ง, เงนิ ชว่ ยเหลอื",
,,6,12,1,,,,,,,,,,しゃいん,,,社員,,,,,,พนักงานบรษิ ัท,
,,7,12,1,,,,,,,,,,ぶちょう,,,部長,,,,,,หัวหนา้ ฝ่าย,
,,8,12,1,,,,,,,,,,かちょう,,,課長,,,,,,หัวหนา้ แผนก,
,,9,12,1,,,,,,,,,,こういしつ,,,更衣室,,,,,,หอ้ งเปลยี่ นเสอื้ ผา้,
,,10,12,1,,,,,,,,,,だいしゃ,,,台車,,,,,,รถเข็น,
,,11,12,1,,,,,,,,,,ゆか,,,床,,,,,,พนื้,
,,12,12,1,,,,,,,,,,でぐち,,,出口,,,,,,ทางออก,
,,13,12,1,,,,,,,,,,でんき,,,電気,,,,,,ไฟฟ้า,
,,14,12,1,,,,,,,,,,けいほうおん,,,警報音,,,,,,เสยี งสัญญานเตอื นภัย,
,,15,12,1,,,,,,,,,,こんせんと,,,コンセント,,,,,,"ปล๊กั ไฟ(ตัวเมยี ), เตา้ เสยี บ",
,,16,12,1,,,,,,,,,,さぎょうば,,,作業場,,,,,,สถานทปี่ ฏบิ ัตงิ าน,
,,17,12,1,,,,,,,,,,さぎょうだい,,,作業台,,,,,,โตะ๊ ท างานชา่ ง,
,,18,12,1,,,,,,,,,,こうじげんば,,,工事現場,,,,,,สถานทกี่ อ่ สรา้ ง,
,"การประกอบนั่งรา้ นใหป้ ฏบิ ัตติ าม
ค าสงั่ ของหัวหนา้ งาน",19,12,1,,,,,"あしばくみたて しょくちょう し じ したが
足場組立は 職長の指示に従う",,,,,しょくちょう,,,職長,,,,,,หัวหนา้ งาน,
,,20,12,1,,,,,,,,,,さぎょうせきにんしゃ,,,作業責任者,,,,,,ผรู้ ับผดิ ชอบงาน,
,,1,13,1,,,,,,,,,,きんし,,,禁止,,,,,,หา้ ม,
,,2,13,1,,,,,,,,,,ひょうじばん,,,表示板,,,,,,ป้ายประกาศ,
,,3,13,1,,,,,,,,,,きんしじこう,,,禁止事項,,,,,,ขอ้ หา้ ม,
,,4,13,1,,,,,,,,,,ひなんくんれん,,,避難訓練,,,,,,การฝึกหลบภัยหรอื หนีภัย,
,,5,13,1,,,,,,,,,,かんでん（する）,,,感電（する）,,,,,,"ไฟฟ้าดดู (ถกู ไฟฟ้าดดู ),
ไฟฟ้าช็อต (ถกู ไฟฟ้าช็อต)",
,,6,13,1,,,,,,,,,,ぼうし（する）,,,防止（する）,,,,,,"การป้องกนั ไมใ่ หเ้กดิ
(ป้องกนั ไมใ่ หเ้กดิ )",
,,7,13,1,,,,,,,,,,よぼう（する）,,,予防（する）,,,,,,"การป้องกนั ลว่ งหนา้
(ป้องกนั ลว่ งหนา้ )",
,,8,13,1,,,,,,,,,,てんとう（する）,,,転倒（する）,,,,,,"ลม้ (ลม้ ), การหกลม้ (หก
ลม้ )",
,,9,13,1,,,,,,,,,,はさまる,,,挟まる,,,,,,"คั่น, หนีบ, ตดิ อยู่",
,,10,13,1,,,,,,,,,,あしもと,,,足元,,,,,,ทเี่ ทา้,
,,11,13,1,,,,,,,,,,ふあんてい（な）,,,不安定（な）,,,,,,ไมม่ ั่นคง,
,,12,13,1,,,,,,,,,,あとかたづけ,,,後片付け,,,,,,"ท าความสะอาดและเกบ็
เขา้ ที่",
,,13,13,1,,,,,,,,,,きゅうきゅうばこ,,,救急箱,,,,,,กลอ่ งปฐมพยาบาล,
,,14,13,1,,,,,,,,,,ばんそうこう,,,絆創膏,,,,,,"พลาสเตอรย์ า, เทป
สา หรับปิดแผล",
,,15,13,1,,,,,,,,,,たいちょう,,,体調,,,,,,สภาพรา่ งกาย,
,,16,14,1,,,,,,,,,,ち,,,血,,,,,,เลอื ด,
,,17,14,1,,,,,,,,,,ねっちゅうしょう,,,熱中症,,,,,,โรคลมแดด,
,,18,14,1,,,,,,,,,,はきけ,,,吐き気,,,,,,คลนื่ ไส้,
,,19,14,1,,,,,,,,,,おうと（する）,,,嘔吐（する）,,,,,,อาเจยี น (อาเจยี น),
,,20,14,1,,,,,,,,,,あしがつる,,,足がつる,,,,,,มอี าการตะครวิ ทขี่ า,
,,21,14,1,,,,,,,,,,きぶんがわるい,,,気分が悪い,,,,,,รสู้ กึ ไมส่ บาย,
,,22,14,1,,,,,,,,,,ねぶそく,,,寝不足,,,,,,นอนไมพ่ อ,
,,23,14,1,,,,,,,,,,あんぜんねっと,,,安全ネット,,,,,,เครอื ขา่ ยความปลอดภัย,
,,24,14,1,,,,,,,,,,あんぜんてんけん,,,安全点検,,,,,,"การตรวจเช็คความ
ปลอดภัย",
,,1,15,1,,,,,,,,,,"けーわいかつどう（きけん
よちかつどう）",,,KY活動（危険予知活動）,,,,,,"กจิ กรรมKY (กจิ กรรมฝึก
การคาดการณ์อนั ตราย
ลว่ งหนา้ )",
,,2,15,1,,,,,,,,,,きけん,,,危険,,,,,,อนั ตราย,
,บาดเจ็บเพราะไปชนบงุ้ กร๋ี ถตัก,3,15,1,,,,,"トラクタショベルのバケットにぶつかっ
てけがをした",,,,,ぶつかる,,,ぶつかる,,,,,,ชน,
,"บาดเจ็บเพราะเครอื่ งมอื ตกจากนั่งรา้ น
มาโดนตัว",4,15,1,,,,,"あ し ば お こ う ぐ からだ あ
足場から落ちてきた工具が体に当
たってけがをした",,,,,あたる,,,当たる,,,,,,"โดน, กระทบ",
,โดนเครอื่ งจักรกลหนักทับ,5,15,1,,,,,"じゅうき し た じ
重機の下敷きになる",,,,,したじきになる,,,下敷きになる,,,,,,โดนทับ,
,ใชค้ อ้ นพลาดตโี ดนมอื,6,15,1,,,,,"あやま て う
誤ってハンマーで手を打ってしまった",,,,,うつ,,,打つ,,,,,,"ต,ี ตอก, เคาะ",
,"ตกลงมาเพราะเสยี การทรงตัวบน
บันไดพับ",7,15,1,,,,,"うえ くず てんらく
はしごの上でバランスを崩して転落し
た",,,,,ばらんすをくずす,,,バランスを崩す,,,,,,เสยี การทรงตัว,
,"บันไดพับลม้ , ลม้ ป่วยเพราะเป็นลมแดด",8,15,1,,,,,"たお ねっちゅうしょう たお
はしごが倒れる、熱中症で倒れる",,,,,たおれる,,,倒れる,,,,,,"ลม้ , ลม้ ป่วย",
,"พลัดตกลงมาเพราะเสยี การทรงตัวบน
บันไดพับ",9,15,1,,,,,"うえ くず てんらく
はしごの上でバランスを崩して転落し
た",,,,,てんらく（する）,,,転落（する）,,,,,,"การพลัดตกลงมา (พลัด
ตกลงมา)",
,,10,15,1,,,,,,,,,,しさこしょう,,,指差呼称,,,,,,"การท ามอื ชแี้ ละปากย ้า
เพอื่ ความปลอดภัย",
,,11,15,1,,,,,,,,,,ひやりはっと,,,ヒヤリハット,,,,,,"เหตกุ ารณ์เกอื บเกดิ
อบุ ัตเิ หตุ",
,,12,15,1,,,,,,,,,,げんいん,,,原因,,,,,,สาเหตุ,
,,13,15,1,,,,,,,,,,たいさく,,,対策,,,,,,การรับมอื กบั ปัญหา,
,เครอื่ งมอื หลน่ ลงมาจากนั่งรา้ น,14,15,1,,,,,"あしば こ う ぐ らっか
足場から工具が落下した",,,,,らっか（する）,,,落下（する）,,,,,,"การหลน่ (หลน่ ), การตก
ลงมา (การตกลงมา)",
,ตกลงมาจากชอ่ งเปิด,15,15,1,,,,,"か い こ う ぶ ついらく
開口部から墜落した",,,,,ついらく（する）,,,墜落（する）,,,,,,"การตกลงมาจากทสี่ งู (ตก
ลงมาจากทสี่ งู ), การตกดงิ่
(ตกดงิ่ )",
,ตรวจยนื ยนั ความปลอดภัยรอบขา้ ง,16,15,1,,,,,"しゅうい あんぜん かくにん
周囲の安全を確認する",,,,,かくにん（する）,,,確認（する）,,,,,,"การตรวจยนื ยนั (ตรวจ
ยนื ยนั ), การตรวจสอบ
(ตรวจสอบ)",
,,16,17,1,,,,,,,,,,ぎょうむ,,,業務,,,,,,,"งาน, ภาระหนา้ ที่"
,,17,17,1,,,,,,,,,,じかんげんしゅ,,,時間厳守,,,,,,,การตรงตอ่ เวลา
,,18,17,1,,,,,,,,,,よてい,,,予定,,,,,,,ก าหนดการ
,,19,17,1,,,,,,,,,,ひづけ,,,日付,,,,,,,วันที่
,,20,17,1,,,,,,,,,,じゅんび（する）,,,準備（する）,,,,,,,(การ)เตรยี ม
,,21,17,1,,,,,,,,,,かいぎ,,,会議,,,,,,,การประชมุ
,,22,17,1,,,,,,,,,,ちょうれい,,,朝礼,,,,,,,การประชมุ เชา้ กอ่ นเรมิ่ งาน
,,23,17,1,,,,,,,,,,ほうこくしょ,,,報告書,,,,,,,หนังสอื รายงาน
,,24,17,1,,,,,,,,,,まにゅある,,,マニュアル,,,,,,,คมู่ อื
,,25,17,1,,,,,,,,,,さぎょうてじゅんしょ,,,作業手順書,,,,,,,คมู่ อื ขนั้ ตอนการปฏบิ ัตงิ าน
,,26,17,1,,,,,,,,,,ちょうし,,,調子,,,,,,,"สภาพการท างานของ
รา่ งกายหรอื เครอื่ งจักร"
,,1,18,1,,,,,,,,,,たちいりきんし,,,立入禁止,,,,,,หา้ มเขา้,
,,2,18,1,,,,,,,,,,きんえん,,,禁煙,,,,,,หา้ มสบู บหุ รี่,
,,3,18,1,,,,,,,,,,かきげんきん,,,火気厳禁,,,,,,หา้ มจดุ ไฟ,
,,4,18,1,,,,,,,,,,ちゅうしゃきんし,,,駐車禁止,,,,,,หา้ มจอดรถ,
,,5,18,1,,,,,,,,,,あしもとちゅうい,,,足もと注意,,,,,,ระวงั สะดดุ,
,,6,18,1,,,,,,,,,,かいこうぶちゅうい,,,開口部注意,,,,,,ระวงั ชอ่ งเปิด,
,,7,18,1,,,,,,,,,,かんでんちゅうい,,,感電注意,,,,,,"ระวงั อันตรายจากไฟฟ้า
ช็อต",
,,8,18,1,,,,,,,,,,ついらくちゅうい,,,堕落注意,,,,,,ระวงั ตกจากทสี่ งู,
,,9,18,1,,,,,,,,,,ずじょうちゅうい,,,頭上注意,,,,,,ระวงั ศรี ษะ,
,,10,18,1,,,,,,,,,,けいほうせつび,,,警報設備,,,,,,"อปุ กรณ์สญั ญาณเตอื นภัย
ป่มุ ขอความชว่ ยเหลอื",
,,11,19,1,,,,,,,,,,しょうかき,,,消火器,,,,,,ถังดับเพลงิ,
,,12,19,1,,,,,,,,,,"えーいーでぃーせっちば
しょ",,,AED設置場所,,,,,,"จดุ ตดิ ตัง้ เครอิ่ งกระตกุ
หวั ใจอัตโนมัติ",
,,13,19,1,,,,,,,,,,ほごぼうちゃくよう,,,保護帽着用,,,,,,สวมหมวกนริ ภัย,
,,14,19,1,,,,,,,,,,あんぜんたいしよう,,,安全帯使用,,,,,,สวมสายรัดตัวนริ ภัยกันตก,
,,15,19,1,,,,,,,,,,しょうこうかいだん,,,昇降階段,,,,,,บันไดขนึ้ ลง,
,,16,19,1,,,,,,,,,,きゅうけいじょ,,,休憩所,,,,,,หอ้ งนั่งพัก,
,,17,19,1,,,,,,,,,,さいだいせきさいかじゅう,,,最大積載荷重,,,,,,รับน ้าหนักไดส้ งู สดุ,
,,18,19,1,,,,,,,,,,きつえんじょ,,,喫煙所,,,,,,ทพี่ ักสบู บหุ รี่,
,,19,19,1,,,,,,,,,,せいりせいとん,,,整理整頓,,,,,,"สะสาง สะดวก,
ซอ้ นใหถ้ กู ตอ้ งสะดวกใช้
ปลอดภัย",
,,20,19,1,,,,,,,,,,あんぜんつうろ,,,安全通路,,,,,,ทางเดนิ ปลอดภัย,
,"จับยึดท่อเหล็กให้เชื(cid:1143)อมต่อเข้า
ด้วยกันด้วยชุดข้อส3ือ ห่วงติดกัน",1,20,1,,,,,,,"さんれん たんかん けつごう
三連クランプで単管を結合する",,,,,さんれんくらんぷ,,,三連クランプ,,,,,"ชุดข้อสือ 3 ห่วงติดกัน,
ชุดแคลมป์ข้อเสือ 3
ห่วงติดกัน"
,แบ่งขนถ่ายดินด้วยสายพานลําเลีย,2,20,1,,,,,,,"つち こうんぱん
ベルトコンベアで土を小運搬する",,ง,,,"べるとこんべあ
（べるこん）",,,"ベルトコンベア
（ベルコン）",,,,,สายพานลําเลียง
,ตอกหมุดด้วยค้อนไม้,3,20,1,,"ค้อนไม้ขนาดใหญเร่ ียกอีกชื(cid:1143)อหน
ว่านะริโมะโนะ(ตัวก่อเสียง) หรือ
โอนะร(ิเสียงดัง) แบบจับด้ามด้วย
สองมือเรียกว่าคะเคะยะ(ค้อนไม้
ขนาดใหญ่) แบบจับด้ามด้วยมือ
เดียวเรียกว่าคิซึฉ(ิค้อนไม) ้หรือ
เรียกว่าโคะเนะคิริ",,,,,"ึ(cid:1143)ง
くい う こ
かけやで杭を打ち込む",,,,,かけや,,,かけや,,,,,"ค้อนไม้ขนาดใหญ, ่
ตะลุมพุก"
,"ตบอัดพื(cid:1144)นดินให้แน่นโดยเครื(cid:1143)อง
กระทุ้งดิน",4,20,1,,"คือเครื(cid:1143)องตบดินแบบกระโดด
(Tamping Rammer)",,,,,"じばん し かた
ランマで地盤を締め固める",,,,,らんま,,,ランマ,,,,,"เครื(cid:1143)องกระทุ้ง,ด ิน
เครื(cid:1143)องตบดิน"
,"ใช้ข้อเสือเป็นจับยึดท่อเหล็กให้
เชื(cid:1143)อมต่อเข้าด้วยกันอย่างคงที(cid:1143)",5,20,1,,"ใช้จับยึดท่อเหล็กให้เชื(cid:1143)อมต่อเข
ด้วยกันอย่างคงที(cid:1143)เมื(cid:1143)อต้องการ
ความแข็งแรงในแนวเฉียงในงาน
นั(cid:1143)งร้านเรียกการเสริมความแข็งแร
ในแนวเฉียงว่า「คํ(cid:1144)าย（ันสึจิไคอิ
）」",,,,,"้า
เพิ(cid:1143)ม
じざい もち たんかん きんけつ
自在クランプを用いて単管を緊結す
ง
る",,,,,じざいくらんぷ,,,自在クランプ,,,,,"ข้อเสือเป็น (ข้อเสือที(cid:1143)
สามารถหมุนไปมาได)้"
,"ใช้ชุดบีมแคลมป์กับข้อเสือจับยึด
ท่อเหล็กไว้กับโครงเหล็ก",6,20,1,,,,,,,"もち たんかん てっこつ
キャッチクランプを用いて単管と鉄骨
きんけつ
を緊結する",,,,,きゃっちくらんぷ,,,キャッチクランプ,,,,,"ชุดบีมแคลมป์กับข้อ
เสือ, ชุดข้อเสือกับยูแค
ลมป์ (ชุดแคลมป์ที(cid:1143)มี
แคลมป์ยึดบีมและข้อ
เสืออยู่คู่กัน)"
,"ใช้แคลมป์ยกเหล็กจับยกท่อเหล็ก
ที(cid:1143)ต่อเข้าด้วยกันแล้ว",7,20,1,,,,,,,"つ あ よう もち きんけつ
吊り上げ用クランプを用いて緊結し
たんかん つ あ
た単管を吊り上げる",,,,,つりあげようくらんぷ,,,吊り上げ用クランプ,,,,,"แคลมป์ยกเหล็ก, แค
ลมป์ยก, แคลมป์จับยก
เหล็ก"
,"ใช้ข้อเสือตั(cid:1144)งฉากจับยึดท่อเหล็ก
เชื(cid:1143)อมต่อเข้าด้วยกันอย่างคงที(cid:1143)",8,20,1,,,,,,,"ちょっこう もち たんかん きんけつ
直交クランプを用いて単管を緊結す
る",,ให้,,,ちょっこうくらんぷ,,,直交クランプ,,,,,ข้อเสือตั(cid:1144)งฉาก
,คล้องลวดสลิงเข้ากับตะขอยก,9,20,1,,,,,,,ワイヤーロープをフックにかける,,,,,ふっく,,,フック,,,,,"ตะขอยก, ตะขอ"
,คล้องลวดเหล็กเข้ากับสเก็นตัวยู,10,21,1,,,,,,,"ワイヤーをストレートシャックルにかけ
る",,,,,すとれーとしゃっくる,,,ストレートシャックル,,,,,"สเก็นตัวย ู(อุปกรณ์
ห่วงโลหะที(cid:1143)ใช้สําหรับ
คล้องยึดเข้ากับ
อุปกรณ์ต่างๆ)"
,ยกวัสดุขึ(cid:1144)นด้วยรอก,11,21,1,,,,,,,"かっしゃ ざいりょう つ あ
滑車で材料を吊り上げる",,,,,かっしゃ,,,滑車,,,,,รอก
,ยกวัสดุขึ(cid:1144)นด้วยปั(cid:1144)นจั(cid:1143)น,12,21,1,,,,,,,"しざい つ あ
クレーンで資材を吊り上げる",,,,,くれーん,,,クレーン,,,,,"ปั(cid:1144)นจ, ั(cid:1143)เคนรน"
,ยกวัสดุด้วยปั(cid:1144)นจั(cid:1143)นเคลื(cid:1143)อนที(cid:1143),13,21,1,,ี(cid:1143),,,,,"いどうしき しざい つ あ
移動式クレーンで資材を吊り上げる",,,,,いどうしきくれーん,,,移動式クレーン,,,,,ปั(cid:1144)นจั(cid:1143)นชนิดเคลือนท
,"ลดการส่ายของวัสดุด้วยเชือกพยุง
กันส่าย",14,21,1,,(cid:1143)น,,,,,"かい にもつ ふ
介しゃくロープで荷物の振れをおさ
える",,,,,かいしゃくろーぷ,,,介しゃくロープ,,,,,"เชือกพยุงกันส่าย
(เชือกที(cid:1143)ห้อยอยู่กับ
ของที(cid:1143)ยกด้วยปั(cid:1144))นจั"
,"ใช้บันไดขึ(cid:1144)นลงภายในนั(cid:1143)งร้านเ
ขึ(cid:1144)นไปนั(cid:1143)งร้านชั(cid:1144)นบน",15,21,1,,,,,,,"あしばじょうそう のぼ しょうこうかいだん つか
足場上層に上るには昇降階段を使
う",,พื(cid:1143)อ,,,しょうこうかいだん,,,昇降階段,,,,,"บันไดขึ(cid:1144)นลงภายใน
นั(cid:1143)งร้าน"
,"สอดเดือยล็อคกากบาทนั(cid:1143)งร้าน
แล้วพับงอไว้",16,21,1,,,,,,,"すじ と さ こ お ま
筋かい止めピンを差し込み折り曲げ
ておく",,,,,すじかいとめぴん,,,筋かい止めピン,,,,,"เดือยล็อคกากบาท,
สลักล็อคกากบาท,
เดือยล็อคท่อคํ(cid:1144)ายัน
นั(cid:1143)งร้าน"
,ข้อต่อเสานั(cid:1143)งร้านต้องสอดให้สุด,17,21,1,,,,,,,"きゃくちゅう さいご さ こ
脚柱ジョイントは最後まで差し込む",,,,,きゃくちゅうじょいんと,,,脚柱ジョイント,,,,,ข้อต่อเสานั(cid:1143)งร้าน
,ข้อต่อต้องสอดให้สุด,18,21,1,,,,,,,"れんけつ さいご さ こ
連結ピンは最後まで差し込む",,,,,れんけつぴん,,,連結ピン,,,,,ข้อต่อ
,"อุปกรณ์ข้อต่อต้องใส่ให้สุดและให
เข้าที(cid:1143)อย่างถูกต้อง",19,21,1,,,,,,,"かなぐ かくじつ さいご
ジョイント金具は確実に最後までは
める",,้,,,じょいんとかなぐ,,,ジョイント金具,,,,,อุปกรณ์ข้อต่อ
,ยึดวัสดุด้วยรอกโยก,20,21,1,,,,,,,"しざい こてい
レバーブロックで資材を固定する",,,,,ればーぶろっく,,,レバーブロック,,,,,รอกโยก
,"ใช้เลื(cid:1143)อยวงเดือนตัดแบบหล่อ
คอนกรีต",21,22,1,,,,,,,"かたわく せつだん まる しよう
型枠の切断は丸のこを使用する",,,,,"でんどうのこ（まるの
こ）",,,電動のこ（丸のこ）,,,,,"เลื(cid:1143)อยไฟฟ (้เาลื(cid:1143)อยวง
เดือน)"
,ใช้ประแจเลื(cid:1143)อนขันหรือคลายน็อต,22,22,1,,"หรือเรียกอีกอย่างหนึ(cid:1143)ง「ว่า
ประแจลิง (มงคี(cid:1143)เรน)」ฉิ",,,,,"し ゆる
モンキースパナでナットを締める・緩
める",,,,,もんきーすぱな,,,モンキースパナ,,,,,ประแจเลื(cid:1143)อน
,"ติดตั(cid:1144)งเสายึดเชือกป้องกันการตก
ในจุดขึงเชือกป้องกันการตก",23,22,1,,,,,,,"おやづな は い ち おやづなしちゅう と
親綱を張る位置に親綱支柱を取り
つ
付ける",,,,,おやづなしちゅう,,,親綱支柱,,,,,"เสายึดเชือกป้องกัน
การตก (เชือกสําหรับ
เกี(cid:1143)ยวตะขอสายรัดตัว
กันตก)"
,ติดตั(cid:1144)งท้าวแขนเข้ากับนั(cid:1143)งร้าน,24,22,1,,"หรือเรียกอีกอย่างหนึ(cid:1143)ง「ว่าคาน
ปีก (โมะชิโอะคุร)ิ」",,,,,"あしば と つ
足場にブラケットを取り付ける",,,,,ぶらけっと,,,ブラケット,,,,,นั(cid:1143)งร้านท้าวแขน
,,25,22,1,,,,,,,,,,,,はしご,,,梯子,,,,,"บันไดพาด, บันไดพับ"
,"เอาสายรัดตัวกันตกเกยี่ วไวก้ ับเชอื ก
ป้องกันการตก",1,23,1,"คอื เชอื กทมี่ ไี วเ้พอื่ เกยี่ วสายรัดตัวกัน
ตก(เข็มขัดทมี่ เี ชอื กชว่ ยชวี ติ ตดิ อย)ู่ ใน
ไซตง์ านกอ่ สรา้ ง และจะตอ้ งตดิ ตัง้ อยู่
ระหวา่ งเสาโดยไมใ่ หห้ ยอ่ นยานเพอื่
ปกป้องชวี ติ ของผทู้ างานในไซตง์ าน",,,,"おやづな あんぜんたい
親綱に安全帯をかける",,,,,おやづな,,,親綱,,,,,,"เชอื กป้องกันการตก
(เชอื กสา หรับเกยี่ วตะขอ
สายรัดตัวกันตก)",
,ใชข้ าตัง้ นั่งรา้ นประกอบนั่งรา้ น,2,23,1,,,,,"たてわく もち あ し ば く み た
建枠（ビティ）を用いて足場を組立て
る",,,,,たてわく（びてぃ）,,,建枠（ビティ）,,,,,,ขาตัง้ นั่งรา้ น,
,ตดิ ตาขา่ ยกันฝ่นุ ทโี่ ครงนั่งรา้ น,3,23,1,"เรยี กอกี อยา่ งวา่ 「ผา้ ใบกันฝ่นุ (โยโจ
ชที โตะ)」「ตาขา่ ยป้องกันการฟ้งุ
กระจาย (ฮซิ นั โบชเิ น็ทโตะ)」",,,,"あ し ばわく と つ
足場枠にメッシュシートを取り付ける",,,,,めっしゅしーと,,,メッシュシート,,,,,,ตาขา่ ยกันฝ่นุ,
,"ตดิ ตัง้ แผงกันเสยี งตามมาตรการลด
เสยี งรบกวน",4,23,1,,,,,"そうおんたいさく ぼうおん せ っ ち
騒音対策として防音パネルを設置す
る",,,,,ぼうおんぱねる,,,防音パネル,,,,,,แผงกันเสยี ง,
,"ตาขา่ ยนริ ภัยใชเ้พอื่ ป้องกันวตั ถรุ ่วง
ตกลงมา",5,23,1,,,,,"あさがおざい ひ ら い ら っ か ぼ う し
朝顔材は飛来落下防止のためにつか
う",,,,,あさがおざい,,,朝顔材,,,,,,ตาขา่ ยนริ ภัย,
,"อยา่ ใหน้ ั่งรา้ นสมั ผัสกับสายไฟบนเสา
ไฟฟ้า",6,23,1,"หากไปสมั ผัสโดนมโี อกาสสงู ทจี่ ะท า
ใหเ้กดิ อบุ ัตเิ หตไุ ฟฟ้าช็อตไดเ้พราะ
เป็นสายสง่ ไฟฟ้าแรงสงู",,,,"か く うせん せっしょく
架空線へ接触させないようにする",,,,,かくうせん,,,架空線,,,,,,สายไฟบนเสาไฟฟ้า,
,"ตดิ ตัง้ ขอบกันตกนั่งรา้ น เพอื่ ป้องกัน
การพลัดตกของคนงานและการตก
ของอปุ กรณ์ตา่ งๆ",7,23,1,,,,,"ろうどうしゃ ついてんらく き ぐ ら っ か ぼ う し
労働者の墜転落・器具の落下防止の
あ し ば は ば き もう
ために足場に幅木を設ける",,,,,はばき（かせつあしば）,,,幅木（仮設足場）,,,,,,"ขอบกันตกนั่งรา้ น (นั่งรา้ น
ชั่วคราว)",
,ใชท้ อ่ เหล็กประกอบนั่งรา้ น,8,23,1,"ยอ่ มาจาก「ทอ่ แป๊ปเหล็ก (ทังคัง
ไพอปิ )ุ 」 บางครัง้ ก็เรยี กวา่ 「ทอ่ แป๊ป
(ไพอปิ )ุ 」",,,,"たんかん もち あ し ば く た
単管を用いて足場を組み立てる",,,,,たんかん,,,単管,,,,,,ทอ่ เหล็ก,
,,9,23,1,,,,,,,,,,きゃたつ,,,脚立,,,,,,"บันไดพาด, บันไดพับ",
,"หา้ มเขา้ ใกลร้ ัศมกี ารท างานที่
เครอื่ งจักรกลหนักท างาน",10,23,1,"รัศมกี ารหมนุ ของเครอื่ งจักรกลหนัก
สว่ นใหญจ่ ะหา้ มเขา้ ใกลเ้พอื่ ป้องกัน
การเกดิ อบุ ัตเิ หตถุ กู ชน",,,,"じゅうきさぎょう さぎょうはんけい た い きん
重機作業の作業半径に立ち入りを禁
し
止する",,,,,さぎょうはんけい,,,作業半径,,,,,,รัศมกี ารท างาน,
,"ยดึ โครงสรา้ งไวช้ ั่วคราวดว้ ยการ
ตดิ น็อตไวช้ ั่วคราว",11,24,1,,,,,"かり こうぞうたい かり こ て い
仮ボルトで構造体を仮に固定する",,,,,かりぼると,,,仮ボルト,,,,,,น็อตไวช้ ั่วคราว,
,"ใชน้ ั่งรา้ นแกไ้ ขงานตามต าแหน่งทถี่ กู
ระบไุ ว้",12,24,1,,,,,"し て き ば し ょ て な お
指摘された場所を手直しする",,,,,てなおし,,,手直し,,,,,,แกไ้ ข,
,ท าใหเ้รยี บเสมอกัน,13,24,1,,,,,"つらいち
面一にそろえる",,,,,つらいち,,,面一,,,,,,"ท าใหว้ สั ดสุ องชนดิ เรยี บ
เสมอกัน",
,"อปุ กรณ์ทใี่ ชต้ อ้ งท าการตรวจเช็คตาม
รายการตรวจเช็คกอ่ นเรมิ่ งาน",14,24,1,,,,,"し よ う こ う ぐ てんけんじ こ う もと し
使用する工具は点検事項に基づき始
ぎょうまえてんけん
業前点検をおこなう",,,,,てんけんじこう,,,点検事項,,,,,,รายการตรวจเช็ค,
,"บรรทกุ ไมใ่ หเ้กนิ น ้าหนักบรรทกุ ของ
รถบรรทกุ",15,24,1,,,,,"せきさいかじゅう こ
トラックの積載荷重を超えないように
つ こ
積み込む",,,,,せきさいかじゅう,,,積載荷重,,,,,,น ้าหนักบรรทกุ,
,การตดิ ตัง้ แผน่ กันเสยี งอยา่ ใหม้ ชี อ่ งวา่ ง,16,24,1,,,,,"ぼうおん ま あ
防音シートはすき間が空かないように
と つ
取り付ける",,,,,すきま,,,すき間,,,,,,ชอ่ งวา่ ง,
,"ตรวจยนื ยันดวู า่ ไดท้ าการขดุ ตาม
วธิ กี ารหรอื ไม่",17,24,1,,,,,"かたどお ね ぎ り で き とお
やり方通りで根切が出来ているか通
りをみる",,,,,とおりをみる,,,通りを見る,,,,,,"ตรวจยนื ยัน, ตรวจยนื ยันวา่
เป็นแนวตรง",
,ประกอบนั่งรา้ น,18,24,1,,,,,"あ し ば く み た
足場を組立てる",,,,,くみたて,,,組立,,,,,,ประกอบ,
,"ใชป้ ั้นจนั่ ยกนั่งรา้ นทปี่ ระกอบบนพนื้ ดนิ
เอาขนึ้ ไปประกอบขา้ งบน",19,24,1,,,,,"した じ ぐみ あ し ば あ
下で地組した足場をクレーンで上げ
うえ と つ
て上で取り付ける",,,,,じぐみ,,,地組,,,,,,ประกอบทพี่ นื้,
,"ใชเ้กรยี งฉาบดา้ นบนของคอนกรตี ให้
เรยี บเป็นเนื้อเดยี วกัน",20,24,1,"เรยี กอกี ชอิ่ หนงึ่ วา่ 「ดา้ นบน (อุ
วะบะ)」",,,,"て ん ば へいかつ
コンクリートの天端をコテで平滑にな
らす",,,,,てんば,,,天端,,,,,,ระดับบนสดุ,
,"เวลายกวสั ด ุ จะตอ้ งเกยี่ วเชอื กเขา้ กับ
ตะขอปั้นจนั่ ในต าแหน่งทปี่ ลอดภัย",21,25,1,,,,,"ざいりょう つ あ さい あんぜん い ち
材料を吊り上げる際は安全な位置に
たまかけ
玉掛けをおこなう",,,,,たまかけ・たまがけ,,,玉掛け,,,,,,"การเกยี่ วเชอื กเขา้ กับและ
ถอดเชอื กออกจากตะขอ
ปั้นจนั่",
,"งานทใี่ ชเ้ครอื่ งจักรกลหนัก จะตอ้ งให้
และดสู ญั ญานเพอื่ ปฏบิ ัตงิ านดว้ ย
ความปลอดภัย",22,25,1,,,,,"じゅうきさぎょう あ い ず あんぜん おこな
重機作業は合図をもって安全に行う",,,,,あいず,,,合図,,,,,,การใหส้ ญั ญาน,
,ไมท่ าการยกของทเี่ กนิ พกิ ัดน ้าหนัก,23,25,1,,,,,"ていかくかじゅう こ つ さぎょう
定格荷重を超えて吊りもの作業はお
こなわない",,,,,ていかくかじゅう,,,定格荷重,,,,,,พกิ ัดน ้าหนัก,
,"ดแู นวตัง้ ของเสานั่งรา้ น(ซยึ โฉะกเุ ซ
(แนวตัง้ )=ทะจ)ิ",24,25,1,,,,,"あ しばしち ゅ う み すいちょくせい
足場支柱のたちを見る（垂直性＝た
ち）",,,,,たち,,,たち,,,,,,แนวตัง้ ของเสา,
,"การประกอบนั่งรา้ นใหท้ าตามค าสงั่
หวั หนา้ งาน",25,25,1,,,,,"あ し ばくみたて しょくちょう し じ したが
足場組立は職長の指示に従う",,,,,しょくちょう,,,職長,,,,,,หวั หนา้ งาน,
,"ป้องกันอบุ ัตเิ หตดุ ว้ ยการใชฝ้ าครอบ
ป้องกัน",1,26,1,"สว่ นใหญห่ มายถงึ ฝาครอบทตี่ ดิ อยกู่ ับ
เลอื่ ยวงเดอื นไฟฟ้า เพอื่ ใชป้ ้องกัน
เลอื่ ยวงเดอื นกระเด็นมาโดนร่างกาย
ในกรณีเกดิ การดดี ตัวเวลาตัด",,,,"あんぜん しよう じこ ふせ
安全カバーの使用で事故を防ぐ",,,,,あんぜんかばー,,,安全カバー,,,,,,ฝาครอบป้องกัน,
,คลอ้ งสายรัดตัวนริ ภัยไวก้ ับนั่งรา้ น,2,26,1,,,,,"あんぜんたい あ し ば と つ
安全帯を足場に取り付ける",,,,,あんぜんたい,,,安全帯,,,,,,"สายรัดตัวนริ ภัย, ชดุ เซฟตี้
กันตก",
,"ตอกพกุ ฝังคอนกรตี ตดิ กับแบบหลอ่
คอนกรตี เพอื่ ตดิ ตัง้ ในคอนกรตี",3,26,1,,,,,"せ っ ち
インサートをコンクリートに設置するた
かたわく う こ
め、型枠に打ち込む",,,,,いんさーと,,,インサート,,,,,,"พกุ ฝังคอนกรตี , ปล๊ักฝัง
คอนกรตี",
,ใสล่ กู ปนู ในแบบหลอ่ คอนกรตี,4,26,1,,,,,"かたわく と つ
型枠にスペーサを取り付ける",,,,,すぺーさ,,,スペーサ,,,,,,ลกู ปนู,
,"จัดระยะหา่ งระหวา่ งเหล็กเสรมิ กับ
แบบหลอ่ คอนกรตี",5,26,1,,,,,"てっきん かたわく す き ま ちょうせい
鉄筋と型枠の隙間を調整する",,,,,てっきん,,,鉄筋,,,,,,"เหล็กเสรมิ , เหล็กเสรมิ แรง",
,เสยี บปล๊ักทลี่ อ้ เก็บสายไฟ,6,26,1,,,,,"でんこう さ こ
電工ドラムのコンセントに差し込む",,,,,でんこうどらむ（どらむ）,,,電工ドラム（ドラム）,,,,,,"ลอ้ เก็บสายไฟ (โรล
สายไฟ)",
,ตัดไมแ้ บบดว้ ยเลอื่ ยวงเดอื นไฟฟ้า,7,26,1,,,,,"でんどうまる せつだん
電動丸のこでコンパネを切断する",,,,,"でんどうまるのこ（でんの
こ）",,,電動丸のこ（電のこ）,,,,,,"เลอื่ ยวงเดอื นไฟฟ้า
(เลอื่ ยไฟฟ้า)",
,ปวู สั ดกุ ันซมึ รอยตอ่,8,26,1,,,,,"し こ
パッキンを敷き込む",,,,,ぱっきん,,,パッキン,,,,,,วสั ดกุ ันซมึ รอยตอ่,
,ใชช้ ะแลงขนาดเล็กถอนตะปู,9,26,1,,,,,"しょう くぎ ぬ
小バールで釘を抜く",,,,,しょうばーる,,,小バール,,,,,,ชะแลงขนาดเล็ก,
,"ใชช้ ะแลงขนาดใหญใ่ นการถอดแบบ
หลอ่ คอนกรตี",10,26,1,,,,,"かたわくかいたい だい し よ う
型枠解体に大バールを使用する",,,,,だいばーる,,,大バール,,,,,,ชะแลงขนาดใหญ่,
,"ใชไ้ มอ้ ัดเคลอื บเนื่องจากพนื้ ผวิ
ดา้ นหนา้ ท าใหเ้สร็จแบบปลอ่ ยเปลอื ย",11,27,1,,,,,"ひょうめん う はな し あ けしょうごうばん
表面は打ち放し仕上げのため化粧合
し よ う
板を使用する",,,,,けしょうごうはん,,,化粧合板,,,,,,ไมอ้ ัดเคลอื บ,
,"ใชไ้ มอ้ ัดธรรมดาเนื่องจากพนื้ ผวิ
ดา้ นหลังท าใหเ้สร็จแบบเนื้อเดมิ",12,27,1,,,,,"はいめん そ じ し あ ふ つ うごうばん
背面は素地仕上げのため普通合板を
し よ う
使用する",,,,,ふつうごうはん,,,普通合板,,,,,,ไมอ้ ัดธรรมดา,
,ใสโ่ ฟมอยภู่ ายในแบบหลอ่ คอนกรตี,13,27,1,,,,,"かたわくない と つ
スタイロフォームを型枠内に取り付け
る",,,,,すたいろふぉーむ,,,スタイロフォーム,,,,,,โฟม,
,"ตดิ สามเหลยี่ มลบมมุ เขา้ กับแบบหลอ่
คอนกรตี",14,27,1,,,,,"かたわく めん ぎ と つ
型枠に面木を取り付ける",,,,,めんぎ,,,面木,,,,,,"สามเหลยี่ มลบมมุ , บัวไม้
สามเหลยี่ ม",
,"ท าการอัดแน่นคอนกรตี ดว้ ยเครอื่ งสนั่
คอนกรตี",15,27,1,,,,,"し かた
バイブレーターでコンクリートを締め固
める",,,,,ばいぶれーたー,,,バイブレーター,,,,,,เครอื่ งสนั่ คอนกรตี,
,"ใชน้ ้ายาถอดแบบเพอื่ ท าใหถ้ อดแบบ
หลอ่ คอนกรตี ออกจากคอนกรตี ไดง้ า่ ย
ขนึ้",16,27,1,,,,,"かたわく よ
コンクリートと型枠のはなれを良くする
は く りざい し よ う
ために剥離剤を使用する",,,,,はくりざい,,,剥離剤,,,,,,น ้ายาถอดแบบ,
,ตดิ ตัง้ ไมบ้ ันไดลกู ตัง้,17,27,1,,,,,"いた と つ
けこみ板を取り付ける",,,,,けこみいた,,,けこみ板,,,,,,ไมบ้ ันไดลกู ตัง้,
,"ในแบบหลอ่ คอนกรตี ตดิ ตัง้ วสั ดกุ ัน้ ให้
เกดิ แนวร่องรอยตอ่",18,27,1,,,,,"かたわく め じ ぼう と つ
型枠に目地棒を取り付ける",,,,,めじぼう,,,目地棒,,,,,,"วสั ดกุ ัน้ ใหเ้กดิ แนวร่อง
รอยตอ่",
,เทคอนกรตี ลงในแบบหลอ่ คอนกรตี,19,27,1,,,,,"かたわく なが こ
型枠にコンクリートを流し込む",,,,,こんくりーと,,,コンクリート,,,,,,คอนกรตี,
,วดั ขนาดดว้ ยตลับเมตร,20,27,1,,,,,"すんぽう はか
コンベックスで寸法を測る",,,,,こんべっくす,,,コンベックス,,,,,,ตลับเมตร,
,"ใสถ่ งุ มอื สา หรับใชป้ ฏบิ ัตงิ านเมอื่
ท างานแบบหลอ่ คอนกรตี",21,28,1,,,,,"さぎょうようてぶくろ もち かたわくさぎょう
作業用手袋を用いて型枠作業をおこ
なう",,,,,さぎょうようてぶくろ,,,作業用手袋,,,,,,ถงุ มอื สา หรับใชป้ ฏบิ ัตงิ าน,
,วดั ขนาดดว้ ยฉากเหล็ก,22,28,1,,,,,"さしがね すんぽう はか
差金で寸法を測る",,,,,さしがね,,,差金,,,,,,ฉากเหล็ก,
,"ปรับความลาดเอยี งเพอื่ ใหไ้ ดร้ ะนาบ
ดว้ ยระดับน ้า",23,28,1,,,,,"すいへい き かたむ ちょうせい すいへい
水平器で傾きを調整し水平にする",,,,,すいへいき,,,水平器,,,,,,"ระดับน ้า, เครอื่ งวดั ระดับ",
,"จมุ่ ปลายปากกาสา หรับใชต้ เี สน้ ในบัก
เตา้ ตเี สน้",24,28,1,,,,,"すみ すみ
墨さしを墨つぼにつける",,,,,すみさし,,,墨さし,,,,,,ปากกาสา หรับใชต้ เี สน้,
,"จมุ่ ปลายปากกาสา หรับใชต้ เี สน้ ในบัก
เตา้ ตเี สน้",25,28,1,,,,,"すみ すみ
墨さしを墨つぼにつける",,,,,すみつぼ,,,墨つぼ,,,,,,บักเตา้ ตเี สน้,
,"ยดึ แบบหลอ่ คอนกรตี ดว้ ยระบบฟอรม์
ไท",1,29,1,,,,,"まる かたわく こ て い
丸セパレーターで型枠を固定する",,,,,"まるせぱれーたー
（まるせぱ）",,,"丸セパレーター
（丸セパ）",,,,,,"อปุ กรณ์ยดึ แบบระบบ
ฟอรม์ ไท (ฟอรม์ ไท)",
,"ปักหมดุ ชว่ ยในการปรับระดับสนั
คอนกรตี ฐานรากทดี่ า้ นบนของคอนกรตี",2,29,1,,,,,"てん てん ば くぎ う
コンクリート天に天端釘を打つ",,,,,てんばくぎ,,,天端釘,,,,,,"หมดุ ชว่ ยในการปรับระดับ
สนั คอนกรตี ฐานราก",
,ท าความสะอาดพนื้ ผวิ ของไมแ้ บบ,3,29,1,,,,,"ひょうめん
コンパネの表面をけれんする",,,,,けれん,,,ケレン,,,,,,ท าความสะอาด,
,งานกอ่ สรา้ งค ้ายัน,4,29,1,,,,,"か た わ く し ほ こ う こ う じ おこな
型枠支保工の工事を行う",,,,,かたわくしほこう,,,型枠支保工,,,,,,ค ้ายัน,
,"ประกอบแบบหลอ่ คอนกรตี ฐานราก
ดว้ ยแบบเหล็ก",5,29,1,,,,,"き そ かたわく く み た
基礎型枠を組立てる",,,,,"きそかたわく
（めたるふぉーむ）",,,"基礎型枠
（メタルフォーム）",,,,,,"แบบหลอ่ คอนกรตี ฐานราก
(แบบเหล็ก)",
,"รอื้ ถอนแบบหลอ่ คอนกรตี แลว้ ถอน
ตะปอู อกและจัดเก็บหลังจบงาน",6,29,1,,,,,"かたわく くぎ し ま
型枠をばらして釘仕舞いをする",,,,,くぎしまい,,,釘仕舞い,,,,,,"ถอนตะปอู อกและจัดเก็บ
หลังจบงาน",
,ท าใหร้ ะดับพนื้ โครงสรา้ งเสมอกัน,7,29,1,,,,,"てん ば
スラブ天端をそろえる",,,,,すらぶてんば,,,スラブ天端,,,,,,ระดับบนสดุ ของพนื้,
,วดั ความสงู (สว่ นสงู ),8,29,1,,,,,"たか はか
高さ（タッパ）を測る",,,,,たかさ（たっぱ）,,,高さ（タッパ）,,,,,,ความสงู (สว่ นสงู ),
,"ประกอบแบบหลอ่ คอนกรตี ในแนวตัง้
ทตี่ าแหน่งตามทกี่ าหนดในแบบ",9,29,1,,,,,"かたわく た て こ
型枠を建込みする",,,,,たてこみ,,,建込み,,,,,,"ประกอบวสั ดกุ อ่ สรา้ งใน
แนวตัง้ ทตี่ าแหน่งตามที่
ก าหนดในแบบ",
,ปรับใหเ้ป็นแนวเสน้ ตรง,10,29,1,"ปรับแกส้ งิ่ ทบี่ ดิ เบยี้ ว สงิ่ ทกี่ ดี ขวาง ฯลฯ
ใหอ้ ยใู่ นสภาพปกติ",,,,"とお よ
通りを良くする",,,,,とおり,,,通り,,,,,,เป็นแนวเสน้ ตรง,
,"ประกอบแบบหลอ่ คอนกรตี ของ
ขัน้ บันไดตามความสงู ทกี่ าหนด",11,30,1,ความสงู ของขัน้ บันไดหนงึ่ ขัน้,,,,"き け あ すんぽう かたわく く み た
決められた蹴上げ寸法で型枠を組立
てる",,,,,けあげ,,,蹴上げ,,,,,,ความสงู ของขัน้ บันได,
,"ประกอบแบบหลอ่ คอนกรตี ตามขนาด
ของสว่ นทขี่ ัน้ บันไดเหลอื่ มกันตามที่
ก าหนด",12,30,1,,,,,"き け こ すんぽう かたわく く み た
決められた蹴込み寸法で型枠を組立
てる",,,,,けこみ,,,蹴込み,,,,,,สว่ นทขี่ ัน้ บันไดเหลอื่ มกัน,
,ไมล่ ะเลยในการดแู ลรักษาเครอื่ งมอื,13,30,1,,,,,"こ う ぐ て い
工具の手入れをおこたらない",,,,,こうぐのていれ,,,工具の手入れ,,,,,,ดแู ลรักษาเครอื่ งมอื,
,ตรวจสอบยนื ยันเสน้ แนวดงิ่ ดว้ ยสายดงิ่,14,30,1,,,,,"さ ふ すいちょく かくにん
下げ振りで垂直を確認する",,,,,さげふり,,,下げ振り,,,,,,สายดงิ่,
,"ตดิ ตัง้ แบบหลอ่ คอนกรตี ตาม
เครอื่ งหมายก าหนดต าแหน่งกอ่ สรา้ ง
บนพนื้ ฐานราก",15,30,1,,,,,"じ ずみ あ かたわく と つ
地墨に合わせて型枠を取り付ける",,,,,じずみ,,,地墨,,,,,,"ท าเครอื่ งหมายเพอื่
ก าหนดต าแหน่งกอ่ สรา้ ง
บนพนื้ ฐานราก",
,ตดิ ตัง้ แผงกัน้ สา หรับการเทลนี,16,30,1,,,,,"す と わく せ っ ち
捨てコンクリートの止め枠を設置する",,,,,すてこんくりーと,,,捨てコンクリート,,,,,,"การเทลนี , การเทคอนกรตี
เพอื่ ปรับผวิ หนา้ ดนิ",
,"ประกอบแบบหลอ่ คอนกรตี ของแผน่
พนื้ แบนทยี่ นื่ ออกมาจากผนัง",17,30,1,"สภาพของแผน่ พนื้ ทางเดนิ ขา้ งหนงึ่
ของนั่งรา้ นทยี่ นื่ ออกมาอยา่ งมากจาก
สว่ นทรี่ องรับ หากเหยยี บขนึ้ ไปโดยไม่
รอู้ าจตกได ้ซงึ่ เป็นอันตรายอยา่ งยงิ่",,,,"かべ だ かたわく く み た
壁からはね出してスラブ型枠を組立て
る",,,,,はねだし,,,はね出し,,,,,,สว่ นทยี่ นื่ ออกมา,
,"ตรวจสอบความเบง่ บวมของแบบหลอ่
คอนกรตี ระหวา่ งการเทคอนกรตี",18,30,1,,,,,"だ せ つちゅう かたわく
コンクリート打設中に型枠のはらみを
かくにん
確認する",,,,,はらみ,,,はらみ,,,,,,เบง่ บวม,
,ท าใหด้ า้ นหนา้ เสมอกัน,19,30,1,,,,,"まえつら そろ
前面を揃える",,,,,まえつら,,,前面,,,,,,ดา้ นหนา้,
,ท าการบม่ คอนกรตี หลังเท,20,30,1,,,,,"だ せ つ ご ようじょう
コンクリート打設後に養生をおこなう",,,,,ようじょう,,,養生,,,,,,บม่,
,วดั ระดับ,21,31,1,,,,,"そくりょう
レベルを測量する",,,,,れべる,,,レベル,,,,,,"ระดับ, เครอื่ งวดั ระนาบ",
,"แบง่ พนื้ ทบี่ นแบบแปลนเพอื่ ก าหนด
จดุ ตดิ ตัง้ แบบหลอ่ คอนกรตี",22,31,1,,,,,"かたわく わ つ
型枠を割り付ける",,,,,わりつけ,,,割付,,,,,,"การแบง่ พนื้ ทบี่ นแบบ
แปลนเพอื่ ก าหนดจดุ
ตดิ ตัง้ อยา่ งถกู ตอ้ ง",
,"ตดิ ตัง้ อปุ กรณ์โลหะแบบฝังอยใู่ นแบบ
หลอ่ คอนกรตี ไวล้ ว่ งหนา้ เพอื่ เป็น
รากฐานของตัวยดึ สา หรับตดิ ตัง้
อปุ กรณ์ตา่ งๆ",23,31,1,,,,,"かたわく う こ かなもの
型枠にはあらかじめ埋め込み金物を
と つ
取り付ける",,,,,うめこみかなもの,,,埋め込み金物,,,,,,"อปุ กรณ์โลหะแบบฝังอยู่
ในคอนกรตี เพอื่ เป็น
รากฐานของตัวยดึ สา หรับ
ตดิ ตัง้ อปุ กรณ์ตา่ งๆ",
,"รอื้ ถอนแบบหลอ่ คอนกรตี (ถอดเป็น
ชนิ้ ๆ)",24,31,1,,,,,"かたわく かいたい
型枠を解体する（バラス）",,,,,かいたいする（ばらす）,,,解体する（バラス）,,,,,,รอื้ ถอน (ถอดเป็นชนิ้ ๆ),
,"ตรวจสอบความหนาระยะคอนกรตี หมุ้
ผวิ เหล็กของเหล็กเสรมิ กับแบบหลอ่
คอนกรตี",25,31,1,,,,,"てっきん かたわく すんぽう かくにん
鉄筋と型枠のかぶり寸法を確認する",,,,,かぶりすんぽう,,,かぶり寸法,,,,,,"ระยะคอนกรตี หมุ้ ผวิ เหล็ก,
ระยะหมุ้ ของคอนกรตี",
,ใชเ้หล็กขอ้ ออ้ ย,1,32,1,เป็นเหล็กเสรมิ ทใี่ ชท้ ั่วไปในญปี่ ่นุ,,,,"い け いぼうこう もち
異形棒鋼を用いる",,,,,いけいぼうこう,,,異形棒鋼,,,,,,เหล็กขอ้ ออ้ ย,
,ผกู เหล็กเสรมิ ดว้ ยลวดผกู เหล็ก,2,32,1,,,,,"けっそくせん てっきん しば
結束線で鉄筋を縛る",,,,,けっそくせん,,,結束線,,,,,,ลวดผกู เหล็ก,
,"ใชเ้ครอื่ งมอื ผกู เหล็กในการผกู เหล็ก
เสรมิ",3,32,1,เรยี กวา่ 「ตะขอ (ฮัคคา)」ดว้ ย,,,,"けっそく こ う ぐ もち てっきん しば
結束工具を用いて鉄筋を縛る",,,,,けっそくこうぐ,,,結束工具,,,,,,เครอื่ งมอื ทใี่ ชก้ ารผกู เหล็ก,
,ตัดเหล็กเสรมิ ดว้ ยเครอื่ งตัดเหล็กเสรมิ,4,32,1,,,,,"てっきんせ つだ んき てっきん せつだん
鉄筋切断機で鉄筋を切断する",,,,,てっきんせつだんき,,,鉄筋切断機,,,,,,เครอื่ งตัดเหล็กเสรมิ,
,ดัดเหล็กเสรมิ ดว้ ยเครอื่ งดัดเหล็กเสรมิ,5,32,1,,,,,"てっきん ま か こ う き てっきん ま
鉄筋曲げ加工機で鉄筋を曲げる",,,,,てっきんまげかこうき,,,鉄筋曲げ加工機,,,,,,เครอื่ งดัดเหล็กเสรมิ,
,ดัดปลายเหล็กเสรมิ ใหง้ อเป็นขอ,6,32,1,,,,,"てっきんた ん ぶ
鉄筋端部にフックをつける",,,,,ふっく,,,フック,,,,,,"ดัดโคง้ , ดัดงอเป็นขอ",
,"สวมหมวกนริ ภัยและเรมิ่ ลงมอื
ปฏบิ ัตงิ าน",7,32,1,,,,,"ほ ご ぼう さぎょう と か
保護帽をかぶり作業に取り掛かる",,,,,ほごぼう（へるめっと）,,,保護帽（ヘルメット）,,,,,,หมวกนริ ภัย (หมวกเซฟต)ี้,
,ตดิ ตัง้ สมอ,8,32,1,"ยอ่ มาจาก 「สมอและเหล็กเดอื ย (ซา
ชคิ นิ อังคา)」อาจเรยี กวา่ 「เหล็กเดอื ย
(ซาชคิ นิ )」",,,,"せ っ ち
アンカーを設置する",,,,,あんかー,,,アンカー,,,,,,สมอ,
,"แปรรูปเหล็กเสรมิ ทโี่ รงแปรรูปกอ่ น
ล าเลยี งไปทไี่ ซตง์ าน",9,32,1,,,,,"げ ん ばはんにゅうまえ か こ う ば てっきん か こ う
現場搬入前に加工場で鉄筋を加工
する",,,,,かこうば,,,加工場,,,,,,โรงแปรรูป,
,"ใชล้ กู ปนู เพอื่ ท าใหร้ ะยะคอนกรตี หมุ้
ผวิ เหล็กของเหล็กเสรมิ มคี วามหนา",10,32,1,,,,,"てっきん あつ たも
鉄筋のかぶり厚さを保つためスペー
つか
サーを使う",,,,,すぺーさー,,,スペーサ―,,,,,,ลกู ปนู,
,"ใชล้ กู ปนู กลมในการท าใหร้ ะยะ
คอนกรตี หมุ้ ผวิ เหล็กของเหล็กเสรมิ
ของผนังมคี วามหนา",11,33,1,,,,,"かべ てっきん あつ つか
壁の鉄筋かぶり厚さはドーナツを使う",,,,,どーなつ,,,ドーナツ,,,,,,ลกู ปนู กลม,
,"ประกอบตามแบบการวางและดัดเหล็ก
เสรมิ",12,33,1,,,,,"か こ うはいきん ず どお く み た
加工配筋図通りに組立てる",,,,,かこうはいきんず,,,加工配筋図,,,,,,"แบบการวางและดัดเหล็ก
เสรมิ",
,"ประกอบตามแบบละเอยี ดของการวาง
เหล็กเสรมิ",13,33,1,,,,,"はいきんしょうさい ず どお くみ た
配筋詳細図通りに組立てる",,,,,はいきんしょうさいず,,,配筋詳細図,,,,,,"แบบละเอยี ดของการวาง
เหล็กเสรมิ",
,"ท าการเสรมิ เหล็กชอ่ งเปิดทชี่ อ่ งเปิด
หนา้ ตา่ ง",14,33,1,,,,,"まどかいこう ぶ かいこうほきょうきん ぐみ た
窓開口部は開口補強筋を組立てる",,,,,かいこうほきょうきん,,,開口補強筋,,,,,,การเสรมิ เหล็กชอ่ งเปิด,
,"ตดิ ตัง้ เหล็กเสรมิ ทใี่ สเ่ พมิ่ เมอื่ มกี ารผกู
เหล็กเสรมิ สองชัน้ เพอื่ ยดึ ใหร้ ะยะหา่ ง
ระหวา่ งเหล็กคงที่",15,33,1,,,,,"はば ど きん と つ
幅止め筋を取り付ける",,,,,はばどめきん,,,幅止め筋,,,,,,"เหล็กเสรมิ ทใี่ สเ่ พมิ่ เมอื่ มี
การผกู เหล็กเสรมิ สองชัน้
เพอื่ ยดึ ใหร้ ะยะหา่ งระหวา่ ง
เหล็กคงที่",
,ใสเ่ หล็กเดอื ยในคอนกรตี,16,33,1,,,,,"さしきん
コンクリートに差筋をする",,,,,さしきん,,,差筋,,,,,,เหล็กเดอื ย,
,ตดิ ตัง้ เหล็กเสรมิ หลักในเสา,17,33,1,,,,,"はしらしゅきん ぐみ た
柱主筋を組立てる",,,,,はしらしゅきん,,,柱主筋,,,,,,"เหล็กเสรมิ หลักในเสา,
เหล็กยนื",
,"ตรวจยนื ยันการวางเหล็กเสรมิ ในเสา
กับแบบ",18,33,1,,,,,"はしらはいきん ず めん かくにん
柱配筋を図面で確認する",,,,,はしらはいきん,,,柱配筋,,,,,,การวางเหล็กเสรมิ ในเสา,
,"ตดิ ตัง้ เหล็กเสรมิ ในพนื้ ตามระยะหา่ งที่
ก าหนด",19,33,1,,,,,"きん しょてい く み た
スラブ筋を所定のピッチで組立てる",,,,,すらぶきん,,,スラブ筋,,,,,,เหล็กเสรมิ ในพนื้,
,ตดิ ตัง้ เหล็กเสรมิ ในฐานราก,20,33,1,,,,,"きん く み た
ベース筋を組立てる",,,,,べーすきん,,,ベース筋,,,,,,เหล็กเสรมิ ในฐานราก,
,ตดิ ตัง้ เหล็กปลอกเสา,21,34,1,,,,,"おびきん く み た
帯筋を組立てる",,,,,おびきん（ふーぷ）,,,帯筋（フープ）,,,,,,"เหล็กปลอกเสา (เหล็ก
ปลอกรัดรอบ)",
,ตดิ ตัง้ เหล็กเสรมิ ลา่ ง,22,34,1,,,,,"し た ばきん く み た
下端筋を組立てる",,,,,したばきん,,,下端筋,,,,,,เหล็กเสรมิ ลา่ ง,
,ตดิ ตัง้ เหล็กเสรมิ บน,23,34,1,,,,,"う わ ばきん く み た
上端筋を組立てる",,,,,うわばきん,,,上端筋,,,,,,เหล็กเสรมิ บน,
,ตดิ ตัง้ เหล็กเสรมิ หลัก,24,34,1,,,,,"しゅきん く み た
主筋を組立てる",,,,,しゅきん,,,主筋,,,,,,เหล็กเสรมิ หลัก,
,ตดิ ตัง้ เหล็กปลอกคาน（ST),25,34,1,,,,,"きん く み た
あばら筋を組立てる",,,,,あばらきん,,,あばら筋,,,,,,เหล็กปลอกคาน,
,"ตดิ ตัง้ เหล็กเสรมิ ครอบเหล็กเสรมิ ใน
ฐานราก",1,35,1,,,,,"きん く み た
はかま筋を組立てる",,,,,はかまきん,,,はかま筋,,,,,,"เหล็กเสรมิ ครอบเหล็ก
เสรมิ ในฐานราก",
,ตดิ ตัง้ เหล็กเสรมิ แนวตัง้,2,35,1,,,,,"たてきん く み た
縦筋を組立てる",,,,,たてきん,,,縦筋,,,,,,เหล็กเสรมิ แนวตัง้,
,ตดิ ตัง้ เหล็กเสรมิ ลา่ ง,3,35,1,,,,,"したきん く み た
下筋を組立てる",,,,,したきん,,,下筋,,,,,,เหล็กเสรมิ ลา่ ง,
,ตดิ ตัง้ เหล็กเสรมิ แนวนอน,4,35,1,,,,,"よこきん く み た
横筋を組立てる",,,,,よこきん,,,横筋,,,,,,เหล็กเสรมิ แนวนอน,
,"ตดิ ตัง้ เหล็กเสรมิ ทเี่ รยี งขนานกับเหล็ก
เสรมิ หลัก",5,35,1,,,,,"はらきん く み た
腹筋を組立てる",,,,,はらきん,,,腹筋,,,,,,"เหล็กเสรมิ ทเี่ รยี งขนานกับ
เหล็กเสรมิ หลัก",
,"ตดิ ตัง้ เหล็กเสรมิ ทตี่ ัง้ ฉากกับเหล็ก
เสรมิ หลักทรี่ ับแรง",6,35,1,,,,,"はいりょくきん く み た
配力筋を組立てる",,,,,はいりょくきん,,,配力筋,,,,,,"เหล็กเสรมิ ทตี่ ัง้ ฉากกับ
เหล็กเสรมิ หลักทรี่ ับแรง",
,ตดิ ตัง้ เหล็กเสรมิ บน,7,35,1,,,,,"うわきん く み た
上筋を組立てる",,,,,うわきん,,,上筋,,,,,,เหล็กเสรมิ บน,
,"ตดิ ตัง้ เหล็กปลอกเกลยี วในก าแพงที่
ทนตอ่ แรงสนั่ สะเทอื นแผน่ ดนิ ไหว",8,35,1,,,,,"きん たいしんへき と つ
スパイラル筋を耐震壁に取り付ける",,,,,すぱいらるきん,,,スパイラル筋,,,,,,เหล็กปลอกเกลยี ว,
,"เสน้ ผา่ นศนู ยก์ ลางของเหล็กเสรมิ
ตามทรี่ ะบอุ ยใู่ นแบบและรายละเอยี ด
วสั ดุ",9,35,1,,,,,"てっきんけい せっけい と し ょ とお
鉄筋径は設計図書の通りである",,,,,てっきんけい,,,鉄筋径,,,,,,"เสน้ ผา่ นศนู ยก์ ลางของ
เหล็กเสรมิ",
,"ตรวจสอบความหนาของระยะ
คอนกรตี หมุ้ ผวิ เหล็ก",10,35,1,,,,,"あつ かくにん
かぶり厚さを確認する",,,,,かぶりあつさ,,,かぶり厚さ,,,,,,"ความหนาของระยะ
คอนกรตี หมุ้ ผวิ เหล็ก,
ความหนาของระยะหมุ้
ของคอนกรตี",
,ตรวจสอบมมุ,11,36,1,,,,,"か く ど かくにん
角度を確認する",,,,,かくど,,,角度,,,,,,มมุ,
,"เหล็กเสรมิ ตดิ ตัง้ ดว้ ยเหล็กเสรมิ ชัน้
เดยี ว",12,36,1,,,,,"てっきん はいきん く み た
鉄筋はシングル配筋で組立てる",,,,,しんぐる,,,シングル,,,,,,เหล็กเสรมิ ชัน้ เดยี ว,
,พนื้ เป็นเหล็กเสรมิ สองชัน้,13,36,1,,,,,"はいきん
スラブはダブル配筋とする",,,,,だぶる,,,ダブル,,,,,,เหล็กเสรมิ สองชัน้,
,"เหล็กเสรมิ เป็นเหล็กเสรมิ สองชัน้ ผกู
สลับ",14,36,1,,,,,"てっきん ち ど り けっそく
鉄筋は千鳥結束する",,,,,ちどりけっそく,,,千鳥結束,,,,,,เหล็กเสรมิ สองชัน้ ผกู สลับ,
,"ตัดเหล็กเสรมิ ตามขนาดความยาวของ
การตัด",15,36,1,,,,,"せつだんすんぽう てっきん せつだん
切断寸法で鉄筋を切断する",,,,,せつだんすんぽう,,,切断寸法,,,,,,ขนาดความยาวของการตัด,
,แปรรูปเหล็กเสรมิ ตามขนาดการแปรรูป,16,36,1,,,,,"か こ うすんぽうどお てっきん か こ う
加工寸法通りに鉄筋を加工する",,,,,かこうすんぽう,,,加工寸法,,,,,,ขนาดการแปรรูป,
,"ตอ่ เหล็กเสรมิ เขา้ ดว้ ยกันดว้ ยการตอ่
ทาบเหล็ก",17,36,1,,,,,"てっきん ど う し かさ つ ぎ て
鉄筋同士は重ね継手とする",,,,,かさねつぎて,,,重ね継手,,,,,,การตอ่ ทาบเหล็ก,
,"ตอ่ เหล็กเสรมิ เขา้ ดว้ ยกันดว้ ยการ
เชอื่ มแกส๊ และแรงดัน",18,36,1,,,,,"てっきん ど う し あっせつつ ぎ て
鉄筋同士は圧接継手とする",,,,,あっせつつぎて,,,圧接継手,,,,,,"การตอ่ เหล็กดว้ ยการเชอื่ ม
แกส๊ และแรงดัน",
,ทชี่ อ่ งเปิดใหท้ าการเสรมิ เหล็กชอ่ งเปิด,19,36,1,,,,,"かい こ う ぶ かいこうほきょうきん と つ
開口部には開口補強筋を取り付ける",,,,,かいこうぶ,,,開口部,,,,,,ชอ่ งเปิด,
,"การจัดเรยี งเหล็กเสรมิ ของพนื้ บา้ นที่
ไมไ่ ดย้ กพนื้ (ทญี่ ปี่ ่นุ แมจ้ ะเป็นสว่ น
หนงึ่ ของพนื้ ทใี่ นตัวบา้ นแตใ่ สร่ องเทา้ )
ใชต้ ะแกรงเหล็กเชอื่ ม",20,36,1,,,,,"ど ま はいきん ようせつかなあみ し よ う
土間配筋は溶接金網を使用する",,,,,ようせつかなあみ,,,溶接金網,,,,,,ตะแกรงเหล็กเชอื่ ม,
,"ล าเลยี งเหล็กเสรมิ ทเี่ หลอื ออกจาก
ไซตง์ าน",21,37,1,,,,,"のこ てっきん げ ん ば はんしゅつ
残った鉄筋を現場から搬出する",,,,,はんしゅつ,,,搬出,,,,,,ล าเลยี งออก,
,ล าเลยี งเหล็กเสรมิ เขา้ มาทไี่ ซตง์ าน,22,37,1,,,,,"てっきん げ ん ば はんにゅう
鉄筋を現場に搬入する",,,,,はんにゅう,,,搬入,,,,,,ล าเลยี งเขา้,
,ท าการวางเหล็กเสรมิ ของฐานราก,23,37,1,หมายถงึ รากฐานของสงิ่ กอ่ สรา้ ง,,,,"き そ はいきん
基礎の配筋をおこなう",,,,,きそ,,,基礎,,,,,,ฐานราก,
,"ตอ่ เหล็กเสรมิ เขา้ ดว้ ยกันดว้ ยขอ้ ตอ่
เหล็กเชงิ กล",24,37,1,,,,,"てっきん ど う し き か い し き つ ぎ て
鉄筋同士は機械式継手とする",,,,,きかいしきつぎて,,,機械式継手,,,,,,ขอ้ ตอ่ เหล็กเชงิ กล,
,"ผา่ นการตรวจสอบการจัดวางเหล็ก
เสรมิ จากผคู้ วบคมุ งานออกแบบ",25,37,1,,,,,"せっけいかんりしゃ はいきんけ ん さ ごうかく
設計監理者による配筋検査に合格す
る",,,,,はいきんけんさ,,,配筋検査,,,,,,"การตรวจสอบการจัดวาง
เหล็กเสรมิ",
,,1,38,1,"เรยี กรถแทรกเตอรท์ ตี่ ดิ สว่ นทที่ ำงำน
(อปุ กรณ์) วำ่ รถดันดนิ รถตัก เป็นตน้",,,,,,,,,とらくた,,,トラクタ,,,,,,รถแทรกเตอร์,
,,2,38,1,"เป็นเครอื่ งจักรกลทเี่ ป็นรถแทรกเตอร์
ทมี่ ใี บมดี ตดิ อยู่",,,,,,,,,ぶるどーざ,,,ブルドーザ,,,,,,รถดันดนิ,
,,3,38,1,"เป็นเครอื่ งจักรกลทเี่ ป็นรถแทรกเตอร์
ตดิ บงุ้ ก ๋ี มแี บบลอ้ ตะขำบและลอ้ ยำง",,,,,,,,,とらくたしょべる,,,トラクタショベル,,,,,,รถตัก,
,,4,38,1,"รถตักแบบลอ้ ยำง(ระบบขับเคลอื่ น 4
ลอ้ )",,,,,,,,,ほいるろーだ,,,ホイルローダ,,,,,,รถตักลอ้ ยำง,
,,5,38,1,,,,,,,,,,だんぷとらっく,,,ダンプトラック,,,,,,รถบรรทกุ เททำ้ ย,
,,6,38,1,"เป็นเครอื่ งจักรกลทมี่ สี ว่ นทที่ ำงำนขดุ
ตักซงึ่ ท ำงำนไดห้ ลำยอยำ่ งหำก
เปลยี่ นสว่ นทที่ ำงำน(อปุ กรณ์) อนื่ ๆ",,,,,,,,,ゆあつしょべる,,,油圧ショベル,,,,,,รถขดุ ระบบไฮดรอลกิ,
,,7,38,1,"เป็นรถทพี่ บเห็นมำกทสี่ ดุ ในบรรดำรถ
ขดุ ตักไฮดรอลกิ ใชใ้ นกำรขดุ ลงไป
ใตพ้ นื้ ดนิ",,,,,,,,,ばっくほう,,,バックホウ,,,,,,รถแบคโฮ,
,,8,38,1,"เป็นรถขดุ ไฮดรอลกิ ชนดิ หนงึ่ ใช้
สำ หรับขนยำ้ ยดนิ ทรำย และหนิ บน
พนื้ ดนิ",,,,,,,,,ろーでぃんぐしょべる,,,ローディングショベル,,,,,,รถขดุ ขนำดใหญ่,
,,9,38,1,,,,,,,,,,ろーら,,,ローラ,,,,,,รถบดดนิ,
,,10,38,1,,,,,,,,,,ばけっと,,,バケット,,,,,,บงุ้ ก๋ี,
,,11,39,1,,,,,,,,,,ぶーむ,,,ブーム,,,,,,บมู,
,,12,39,1,,,,,,,,,,あーむ,,,アーム,,,,,,อำรม์,
,,13,39,1,,,,,,,,,,ぶれーど（はいどばん）,,,ブレード（排土板）,,,,,,ใบมดี (ใบดันดนิ ),
,,14,39,1,,,,,,,,,,たいや,,,タイヤ,,,,,,ยำงรถ,
,,15,39,1,,,,,,,,,,くろーら,,,クローラ,,,,,,ตนี ตะขำบ,
,กญุ แจรถยนต์,16,39,1,,,,,"くるま かぎ
車の鍵",,,,,きー（かぎ）,,,キー（鍵）,,,,,,คยี ์ (กญุ แจ),
,,17,39,1,,,,,,,,,,"さぎょうそうち
（あたっちめんと）",,,"作業装置
（アタッチメント）",,,,,,สว่ นทที่ ำงำน(อปุ กรณ์),
,สตำรท์ เครอื่ งยนต ์ ดับเครอื่ งยนต์,18,39,1,,,,,"き
エンジンをかける、エンジンを切る",,,,,えんじん,,,エンジン,,,,,,เครอื่ งยนต์,
,,19,39,1,,,,,,,,,,でぃーぜるえんじん,,,ディーゼルエンジン,,,,,,เครอื่ งยนตด์ เี ซล,
,,20,39,1,,,,,,,,,,えんじんおいる,,,エンジンオイル,,,,,,น ้ำมันเครอื่ ง,
,,21,40,1,,,,,,,,,,"おるたねーた
（じゅうでんはつでんき）",,,"オルタネータ
（充電発電機）",,,,,,"อัลเทอรเ์ นเตอร,์ ไดชำรจ์
(เครอื่ งปั่นไฟและสำมำรถ
ชำรจ์ ไฟเขำ้ แบตเตอร)ี่",
,,22,40,1,,,,,,,,,,ばってり,,,バッテリ,,,,,,แบตเตอรี่,
,,23,40,1,,,,,,,,,,ねんりょう,,,燃料,,,,,,เชอื้ เพลงิ,
,,24,40,1,,,,,,,,,,けいゆ,,,軽油,,,,,,น ้ำมันดเี ซล,
,เหยยี บเบรค,25,40,1,,,,,"ふ
ブレーキを踏む",,,,,ぶれーき,,,ブレーキ,,,,,,เบรค,
,,1,41,1,,,,,,,,,,ゆあつしりんだ,,,油圧シリンダ,,,,,,กระบอกสบู ไฮดรอลกิ,
,,2,41,1,,,,,,,,,,ゆあつもーた,,,油圧モータ,,,,,,มอเตอรไ์ ฮดรอลกิ,
,,3,41,1,,,,,,,,,,ゆあつぽんぷ,,,油圧ポンプ,,,,,,ป๊ัมไฮดรอลกิ,
,,4,41,1,,,,,,,,,,みずもれ,,,水漏れ,,,,,,น ้ำรั่ว,
,,5,41,1,,,,,,,,,,あぶらもれ,,,油漏れ,,,,,,น ้ำมันรั่ว,
,,6,41,1,,,,,,,,,,れいきゃくすい,,,冷却水,,,,,,น ้ำหลอ่ เย็น,
,,7,41,1,,,,,,,,,,ぶれーきえき,,,ブレーキ液,,,,,,น ้ำมันเบรค,
,,8,41,1,,,,,,,,,,ねんりょうたんく,,,燃料タンク,,,,,,ถังน ้ำมัน,
,,9,41,1,,,,,,,,,,ふぁんべると,,,ファンベルト,,,,,,สำยพำนพัดลมหมอ้ น ้ำ,
,,10,41,1,,,,,,,,,,くうきあつ,,,空気圧,,,,,,แรงดันลมยำง,
,,11,41,1,,,,,,,,,,くらっち,,,クラッチ,,,,,,คลัตช์,
,,12,41,1,,,,,,,,,,きゅうはっしん,,,急発進,,,,,,เหยยี บคันเรง่ ออกตัวทันที,
,,13,41,1,,,,,,,,,,きゅうぶれーき,,,急ブレーキ,,,,,,"กดเบรคใหค้ วำมเร็วลดลง
ทันที",
,"เวลำจะหยดุ เครอื่ งยนต ์ปลอ่ ยให้
เครอื่ งยนตห์ มนุ ดว้ ยอตั รำรอบต ำ่ สดุ
เปลำ่ ๆแลว้ จงึ หยดุ",14,42,1,,,,,"て い し
エンジンを停止するときはアイドリング
と
したあとに止める",,,,,あいどりんぐ,,,アイドリング,,,,,,"สภำวะของเครอื่ งยนตท์ ี่
หมนุ ดว้ ยอตั รำรอบต ำ่ สดุ
เปลำ่ ๆ",
,,15,42,1,,,,,,,,,,そうこう,,,走行,,,,,,รถแลน่,
,,16,42,1,,,,,,,,,,せんかい,,,旋回,,,,,,หมนุ,
,,17,42,1,,,,,,,,,,あんぜんろっく,,,安全ロック,,,,,,เซฟตลี้ ็อค,
,,18,42,1,,,,,,,,,,あんぜんしちゅう,,,安全支柱,,,,,,เสำค ้ำเพอื่ ควำมปลอดภัย,
,หำ้ มเตมิ น ้ำมันในขณะทตี่ ดิ เครอื่ งอยู่,19,42,1,,,,,"ねんりょう ほきゅう
エンジンをかけたまま燃料を補給して
はいけない",,,,,ほきゅう（する）,,,補給（する）,,,,,,(กำร)เตมิ,
,,20,42,1,,,,,,,,,,ちゅうしゃ（する）,,,駐車（する）,,,,,,(กำร)จอดรถ,
,,21,42,1,,,,,,,,,,ほこうしゃ,,,歩行者,,,,,,คนเดนิ เทำ้,
,,22,42,1,,,,,,,,,,しゃりょう,,,車両,,,,,,ยำนพำหนะมลี อ้ ทวี่ งิ่ บนบก,
,,23,42,1,หมำยถงึ จดุ ทมี่ องไมเ่ ห็น,,,,,,,,,しかく,,,死角,,,,,,จดุ บอด,
,ปีนขนึ้ ไปตำมควำมลำดชนั ของภเู ขำ,24,42,1,,,,,"やま の しゃめん のぼ
山の斜面を上る",,,,,しゃめん,,,斜面,,,,,,"ทำงลำด, พนื้ ทลี่ ำดเอยี ง",
,ท ำงำนบดอดั ดว้ ยรถบด,25,42,1,,,,,"てんあつさぎょう
ローラで転圧作業をする",,,,,てんあつ（する）,,,転圧（する）,,,,,,(กำร)บดอดั,
,ชนเครอื่ งจักรกลหนักท ำใหบ้ ำดเจ็บ,1,43,1,,,,,"じゅうき せっしょく
重機に接触してけがをする",,,,,せっしょく（する）,,,接触（する）,,,,,,การชน (ชน),
,อปุ กรณ์เตอื นอคั คภี ัยท ำงำน,2,43,1,,,,,"か さ い ほ う ち き さ ど う
火災報知器が作動する",,,,,さどう（する）,,,作動（する）,,,,,,การท างาน (ท างาน),
,ซอ่ มบ ำรงุ ยำนพำหนะ,3,43,1,,,,,"しゃりょう せ い び
車両の整備をする",,,,,せいび（する）,,,整備（する）,,,,,,การซอ่ มบ ารงุ (ซอ่ มบ ารงุ ),
,ตรวจเช็คเครอื่ งมอื กอ่ นเรมิ่ ปฎบิ ัตงิ ำน,4,43,1,,,,,"さぎょうまえ こ う ぐ てんけん
作業前に工具を点検する",,,,,てんけん（する）,,,点検（する）,,,,,,การตรวจเช็ค (ตรวจเช็ค),
,เดนิ เครอื่ งจักรกล,5,43,1,,,,,"き か い うご
機械を動かす",,,,,うごかす,,,動かす,,,,,,เดนิ เครอื่ ง,
,ขับเครอื่ งจักรกลกอ่ สรำ้ ง,6,43,1,,,,,"けんせつき か い うんてん
建設機械を運転する",,,,,うんてん（する）,,,運転（する）,,,,,,การขับ (ขับ),
,วัดควำมยำวของเหล็กเสรมิ,7,43,1,,,,,"てっきん なが はか
鉄筋の長さを測る",,,,,はかる,,,測る,,,,,,วัด,
,ควบคมุ กำรท ำงำนเครอื่ งจักรกล,8,43,1,,,,,"き か い そ う さ
機械を操作する",,,,,そうさ（する）,,,操作（する）,,,,,,"การควบคมุ การท างาน
(ควบคมุ การท างาน)",
,,9,43,1,,,,,,,,,,ていし（する）,,,停止（する）,,,,,,"การหยดุ (หยดุ ) , การจอด
(จอด)",
,"ดับเครอื่ งยนต,์ ตัดเหล็กเสรมิ",10,43,1,,,,,"き てっきん き
エンジンを切る、鉄筋を切る",,,,,きる,,,切る,,,,,,ตัด,
,,11,43,1,,,,,,,,,,まわす,,,回す,,,,,,หมนุ,
,,12,43,1,,,,,,,,,,おす,,,押す,,,,,,"ผลัก, ดัน",
,,13,43,1,,,,,,,,,,あつめる,,,集める,,,,,,รวบรวม,
,,14,43,1,,,,,,,,,,さわる,,,触る,,,,,,"แตะตอ้ ง, สมั ผัส",
,,15,43,1,,,,,,,,,,しばる,,,縛る,,,,,,"มัด, รัด",
,ท ำใหค้ วำมยำวของเหล็กเสรมิ เทำ่ กนั,16,43,1,,,,,"てっきん なが そろ
鉄筋の長さを揃える",,,,,そろえる,,,揃える,,,,,,"ท ำใหเ้ทำ่ กนั , จัดใหเ้สมอ",
,มัดวัสดรุ วบรวมเขำ้ ดว้ ยกนั ดว้ ยเชอื ก,17,43,1,,,,,"ざいりょう むす
材料をまとめてひもで結ぶ",,,,,むすぶ,,,結ぶ,,,,,,"ผกู , มัด",
,,18,43,1,,,,,,,,,,しゃがむ,,,しゃがむ,,,,,,นั่งยองๆ,
,,19,43,1,,,,,,,,,,ちょうせい（する）,,,調整（する）,,,,,,การปรับ (ปรับ),
,,20,43,1,,,,,,,,,,とじる,,,閉じる,,,,,,ปิด,
,,1,44,1,,,,,,,,,,,とりだす,,取り出す,,,,,,เอาออก,
,เครอื่ งมอื เมอื่ ใชแ้ ลว้ น ากลับคนื ทเี่ ดมิ,2,44,1,,,,,"つか こ う ぐ もと ば し ょ もど
使った工具は元の場所に戻す",,,,,,もどす,,戻す,,,,,,กลับคนื,
,,3,44,1,,,,,,,,,,,しあげる,,仕上げる,,,,,,ท าใหเ้สร็จ,
,ตะปหู ัก,4,44,1,,,,,"くぎ お
釘が折れる",,,,,,おれる,,折れる,,,,,,หัก,
,ใบมดี ของเลอื่ ยวงเดอื นบนิ่,5,44,1,,,,,"まる は か
丸のこの刃が欠ける",,,,,,かける,,欠ける,,,,,,บนิ่,
,"อยา่ เขา้ ใกลเ้ครอื่ งจักรกลหนักทกี่ าลัง
ท างาน",6,44,1,,,,,"さぎょうちゅう じゅうき ちか
作業中の重機に近づかない",,,,,,ちかづく,,近づく,,,,,,เขา้ ใกล้,
,,7,44,1,,,,,,,,,,,でんげんをいれる,,電源を入れる,,,,,,เปิดเครอื่ ง,
,,8,44,1,,,,,,,,,,,でんげんをおとす,,電源を落とす,,,,,,ตัดไฟ,
,,9,44,1,,,,,,,,,,,すいっちをきる,,スイッチを切る,,,,,,ปิดสวติ ช์,
,,10,44,1,,,,,,,,,,,こてい（する）,,固定（する）,,,,,,การยดึ ใหค้ งท ี่ (ยดึ ใหค้ งท)ี่,
,"คลายโบลต,์ คลายสลักเกลยี ว",11,44,1,,,,,ボルトをゆるめる,,,,,,ゆるめる,,ゆるめる,,,,,,คลาย,
,,12,44,1,,,,,,,,,,,のばす,,伸ばす,,,,,,ยดื,
,ถอดฝาครอบป้องกนั ออก,13,44,1,,,,,"あんぜん はず
安全カバーを外す",,,,,,はずす,,外す,,,,,,ถอดออก,
,งอเหล็กเสรมิ,14,44,1,,,,,,,,,,,まげる,,曲げる,,,,,,งอ,
,,15,44,1,,,,,鉄筋を曲げる,,,,,,だす,,出す,,,,,,"ยนื่ , สง่",
,,16,44,1,,,,,,,,,,,かわかす,,乾かす,,,,,,ท าใหแ้ หง้,
,,17,44,1,,,,,,,,,,,かぞえる,,数える,,,,,,นับ,
,,18,44,1,,,,,,,,,,,はこぶ,,運ぶ,,,,,,ขน,
,วางวัสดซุ อ้ นกนั อยา่ ใหล้ ม้,19,44,1,,,,,"ざいりょう つ
材料をくずれないように積む",,,,,,つむ,,積む,,,,,,วางซอ้ น,
,เอาของลงจากพนื้ บรรทกุ ของรถบรรทกุ,20,44,1,,,,,"に だ い に も つ お
トラックの荷台から荷物を下ろす",,,,,,おろす,,下ろす,,,,,,เอาลง,
,,21,44,1,,,,,,,,,,,はなれる,,離れる,,,,,,ออกหา่ ง,
,,1,45,1,,,,,,,,,,いち,,,位置,,,,,,ต ำแหน่ง,
,,2,45,1,,,,,,,,,,すんぽう,,,寸法,,,,,,ขนำด,
,,3,45,1,,,,,,,,,,そくてい（する）,,,測定（する）,,,,,,การวดั (วดั ),
,,4,45,1,,,,,,,,,,けいそく（する）,,,計測（する）,,,,,,การวดั (วดั ),
,,5,45,1,,,,,,,,,,けいそくき,,,計測器,,,,,,"อปุ กรณ์วดั , เกจวดั",
,,6,45,1,,,,,,,,,,おんど,,,温度,,,,,,อณุ หภมู ิ,
,,7,45,1,,,,,,,,,,たかさ,,,高さ,,,,,,ควำมสงู,
,,8,45,1,,,,,,,,,,ながさ,,,長さ,,,,,,ควำมยำว,
,,9,45,1,,,,,,,,,,おもさ,,,重さ,,,,,,น ้ำหนัก,
,,10,45,1,,,,,,,,,,あつさ,,,厚さ,,,,,,ควำมหนำ,
,,11,45,1,,,,,,,,,,かたさ,,,硬さ,,,,,,ควำมแข็ง,
,,12,45,1,,,,,,,,,,ふかさ,,,深さ,,,,,,ควำมลกึ,
,,13,45,1,,,,,,,,,,ひょうめん,,,表面,,,,,,พนื้ ผวิ,
,,14,45,1,,,,,,,,,,すきま,,,すきま,,,,,,ชอ่ งวำ่ งแคบๆ,
,,15,45,1,,,,,,,,,,ちゅうしん,,,中心,,,,,,ศนู ยก์ ลำง,
,,16,46,1,,,,,,,,,,あたい,,,値,,,,,,คำ่,
,,17,46,1,,,,,,,,,,あんてい（する）,,,安定（する）,,,,,,"ความเสถยี ร (เสถยี ร), ความ
มนั่ คง (มนั่ คง)",
,,18,46,1,,,,,,,,,,おおきさ,,,大きさ,,,,,,ขนำด,
,,19,46,1,,,,,,,,,,かず,,,数,,,,,,จ ำนวน,
,,20,46,1,,,,,,,,,,ごさ,,,誤差,,,,,,ควำมคลำดเคลอื่ น,
,,21,46,1,,,,,,,,,,なか,,,中,,,,,,ขำ้ งใน,
,,22,46,1,,,,,,,,,,はんたい,,,反対,,,,,,ตรงขำ้ ม,
,,23,46,1,,,,,,,,,,まわり,,,周り,,,,,,รอบ,
,,24,46,1,1ชะค≒ุ 30.3㎝,,,,,,,,,しゃく,,,尺,,,,,,หน่วยควำมยำวของญปี่ ่นุ,
,,25,46,1,,,,,,,,,,あお,,,青,,,,,,น ้ำเงนิ,
,,26,46,1,,,,,,,,,,あか,,,赤,,,,,,แดง,
,,27,46,1,,,,,,,,,,しろ,,,白,,,,,,ขำว,
,,28,46,1,,,,,,,,,,きいろ,,,黄色,,,,,,เหลอื ง,
