No.,,ศัพท์,,,,อ่านว่า,,,ค าแปล,,,,,,หมายเหตุ,,,,,,,,ตัวอย่าง,,,,,,,,,,,
1,,技能実習,,,,ぎのうじっしゅう,,,การฝึกงานด้านเทคนิค,,,,,,,,,,,,,,,,,,,,,,,,,
2,,技能実習生,,,,ぎのうじっしゅうせい,,,ผู้ฝึกงานด้านเทคนิค,,,,,,,,,,,,,,,,,,,,,,,,,
3,,工場,,,,こうじょう,,,โรงงาน,,,,,,,,,,,,,,,,,,,,,,,,,
4,,製造,,,,せいぞう,,,ผลิต,,,,,,,,,,,,,,,,,,,,,,,,,
5,,機械,,,,きかい,,,เครื่องจักร,,,,,,,,,,,,,,,,,,,,,,,,,
6,,安全,,,,あんぜん,,,ปลอดภัย,,,,,,,,,,,,,,,,,,,,,,,,,
7,,危険（な）,,,,きけん（な）,,,อันตราย (ที่อันตราย),,,,,,"โดยปกติแล้วจะก ากับด้วยตัวอักษรคัน จิ แต่ในโรงงานอาจมีกรณีที่ก ากับด้วย ตัวคาตะคานะว่า ""キケン""",,,,,,,,,,,,,,,,,,,
8,,危ない,,,,あぶない,,,อันตราย,,,,,,,,,,,,,,,,,,,,,,,,,
9,,清掃,,,,せいそう,,,สะอาด,,,,,,"ท าความสะอาดเพื่อให้พื้นที่การ
ท างานสะอาดและเข้าใจถึงสภาพที่ ถูกต้องได้ง่ายขึ้น",,,,,,,,,,,,,,,,,,,
10,,非常口,,,,ひじょうぐち,,,ทางออกฉุกเฉิน,,,,,,,,,,,,,,,,,,,,,,,,,
11,,注意,,,,ちゅうい,,,ระวัง,,,,,,,,,,,,,,,,,,,,,,,,,
12,,火事,,,,かじ,,,ไฟไหม้,,,,,,,,,,,,,,,,,,,,,,,,,
13,,事故,,,,じこ,,,อุบัติเหตุ,,,,,,,,,,,,,,,,,,,,,,,,,
14,,服装,,,,ふくそう,,,เครื่องแต่งกาย,,,,,,,,,,,,,,,,,,,,,,,,,
15,,安全装置,,,,あんぜんそうち,,,อุปกรณ์ความปลอดภัย,,,,,,,,,,,,,,,,,,,,,,,,,
1,,安全カバー,,,,あんぜんかばー,,,ฝาครอบป้องกัน,,,,,,,,,,,,,,,,,,,,,,,,,
2,,けが,,,,けが,,,บาดเจ็บ,,,,,,,,,,,,,,,,,,,,,,,,,
3,,けがをする,,,,けがをする,,,ได้รับบาดเจ็บ,,,,,,,,,,,,,,,,,,,,,,,,,
4,,電源,,,,でんげん,,,แหล่งจ่ายไฟฟ้า,,,,,,,,,,,,,,,,,,,,,,,,,
5,,電源を切る,,,,でんげんをきる,,,ตัดไฟ,,,,,,,,,,,,,,,,,,,,,,,,,
6,,非常停止ボタン,,,,ひじょうていしぼたん,,,ปุ่มหยุดฉุกเฉิน,,,,,,,,,,,,,,,,,,,,,,,,,
7,,非常停止ボタンを押す,,,,ひじょうていしぼたん                  をおす,,,กดปุ่มหยุดฉุกเฉิน,,,,,,,,,,,,,,,,,,,,,,,,,
8,,ルール,,,,るーる,,,กฎระเบียบ,,,,,,,,,,,,,,,,,,,,,,,,,
9,,ルールを守る,,,,るーるをまもる,,,เคารพกฎระเบียบ,,,,,,,,,,,,,,,,,,,,,,,,,
10,,止める,,,,とめる,,,หยุด,,,,,,,,,,,,,,,,,,,,,,,,,
11,,機械を止める,,,,きかいをとめる,,,หยุดเครื่องจักร,,,,,,,,,,,,,,,,,,,,,,,,,
12,,やって,,,,やって,,,ท าสิ,,,,,,,,,,,,,,,,,,,,,,,,,
13,,止めて,,,,とめて,,,หยุดสิ,,,,,,,,,,,,,,,,,,,,,,,,,
14,,取って,,,,とって,,,หยิบสิ,,,,,,,,,,,,,,,,,,,,,,,,,
15,,だめ（な）,,,,だめ（な）,,,ไม่ได้ (ที่ไม่ได้),,,,,,,,,,,,,,,,,,,,,,,,,
1,,監理団体,,,,かんりだんたい,,,องค์กรที่ก ำกับดูแล,,,,,,องค์กรที่ไม่แสวงผลก ำไรซึ่งท ำกำร ควบคุมหรือให้ค ำชี้แนะกำรศึกษำ ด้ำนเทคนิคหรือกิจกรรมของผู้ ฝึกงำนด้ำนเทคนิค,,,,,,,,,,,,,,,,,,,
2,,技術移転,,,,ぎじゅついてん,,,กำรถ่ำยทอดเทคนิค,,,,,,,,,,,,,,,,,,,,,,,,,
3,,技能実習期間,,,,ぎのうじっしゅうきかん,,,ระยะเวลำกำรฝึกงำนด้ำน เทคนิค,,,,,,,,,,,,,,,,,,,,,,,,,
4,,職種,,,,しょくしゅ,,,ประเภทอำชีพ,,,,,,,,,,,,,,,,,,,,,,,,,
5,,在留資格,,,,ざいりゅうしかく,,,สถำนภำพกำรพ ำนัก,,,,,,,,,,,,,,,,,,,,,,,,,
6,,パスポート,,,,ぱすぽーと,,,หนังสือเดินทำง,,,,,,,,,,,,,,,,,,,,,,,,,
7,,在留カード,,,,ざいりゅうかーど,,,บัตรสถำนภำพกำรพ ำนัก,,,,,,,,,,,,,,,,,,,,,,,,,
8,,入管,,,,にゅうかん,,,ตม.,,,,,,"ค ำย่อของ ""ส ำนักงำนตรวจคนเข้ำ เมือง"" หรือ ""กองตรวจคนเข้ำเมือง""",,,,,,,,,,,,,,,,,,,
9,,在留期間,,,,ざいりゅうきかん,,,ระยะเวลำกำรพ ำนัก,,,,,,,,,,,,,,,,,,,,,,,,,
10,,雇用契約,,,,こようけいやく,,,สัญญำจ้ำงงำน,,,,,,,,,,,,,,,,,,,,,,,,,
11,,給与明細,,,,きゅうよめいさい,,,สลิปเงินเดือน,,,,,,,,,,,,,,,,,,,,,,,,,
12,,給料,,,,きゅうりょう,,,เงินเดือน,,,,,,,,,,,,,,,,,,,,,,,,,
13,,残業手当,,,,ざんぎょうてあて,,,ค่ำล่วงเวลำ,,,,,,,,,,,,,,,,,,,,,,,,,
14,,労働時間,,,,ろうどうじかん,,,เวลำท ำงำน,,,,,,,,,,,,,,,,,,,,,,,,,
1,,控除（する）,,,,こうじょ（する）,,,การลดหย่อน (ลดหย่อน),,,,การหักเงินจ านวนคงที่ออกจากมูลค่าเดิม ส่วนมากใช้กับการหักภาษี,,,,,,,,,,,,"か ぞ く      やしな                 ひと             ふ よ うこうじょ
家族を養っている人は、「扶養控除                               」
う                      ばあい
を受けられる場合がある",,,,,,,,"ในกรณีที่มีครอบครัวจะได้รับ ""การ ลดหย่อนค้ าจุนครอบครัว""",
2,,ボーナス,,,,ぼーなす,,,โบนัส,,,,,,,,,,,,,,,,,,,,,,,,,
3,,有休,,,,ゆうきゅう,,,ได้รับค่าจ้าง,,,,"การลางานที่ได้รับค่าจ้างแม้ว่าจะไม่ไป ท างาน การลาพักร้อน การลาพักร้อนจะ เรียกสั้นๆว่า ""ยูคิว""",,,,,,,,,,,,"らいしゅう ゆうきゅう                        しんせいしょ       だ
来週、有休をとるので申請書を出し                               た",,,,,,,,ได้ยื่นเรื่องขอหยุดลาพักร้อนสัปดาห์ หน้า,
4,,代休,,,,だいきゅう,,,หยุดชดเชย,,,,วันที่จะได้รับหยุดชดเชยในกรณีที่มาท างาน ในวันหยุด,,,,,,,,,,,,,,,,,,,,,
5,,労働基準法,,,,ろうどうきじゅんほう,,,กฎหมายมาตรฐาน แรงงาน,,,,กฎหมายของญี่ปุ่นที่ก าหนดมาตรฐาน เกี่ยวกับแรงงาน,,,,,,,,,,,,,,,,,,,,,
6,,労働条件,,,,ろうどうじょうけん,,,เงื่อนไขแรงงาน,,,,,,,,,,,,,,,,,,,,,,,,,
7,,税金,,,,ぜいきん,,,ภาษี,,,,,,,,,,,,,,,,,,,,,,,,,
8,,所得税,,,,しょとくぜい,,,ภาษีเงินได้,,,,ภาษีต่อรายได้ที่ได้รับในระยะเวลาหนึ่งปี,,,,,,,,,,,,,,,,,,,,,
9,,住民税,,,,じゅうみんぜい,,,ภาษีบ ารุงท้องที่,,,,ภาษีที่จ่ายให้กับเทศบาลเมืองที่อยู่อาศัย,,,,,,,,,,,,,,,,,,,,,
10,,厚生年金,,,,こうせいねんきん,,,กองทุนส ารองเลี้ยงชีพ,,,,เงินบ านาญส าหรับพนักงานบริษัทหรือ ข้าราชการซึ่งจะได้รับเมื่อเกษียณงาน ทุพพลภาพ เสียชีวิต,,,,,,,,,,,,,,,,,,,,,
11,,雇用保険,,,,こようほけん,,,ประกันการจ้างงาน,,,,ประกันที่จะได้รับเงินประกันเมื่อตกงานหรือ เริ่มหางานใหม่,,,,,,,,,,,,,,,,,,,,,
12,,健康保険,,,,けんこうほけん,,,ประกันสุขภาพ,,,,ประกันที่จะได้รับความคุ้มครองเมื่อผู้ท า ประกันหรือครอบครัวเข้ารับการรักษา,,,,,,,,,,,,,,,,,,,,,
13,,社会保険,,,,しゃかいほけん,,,ประกันสังคม,,,,ชื่อย่อการเรียกรวม ประกันสุขภาพ ประกัน กองทุนส ารองเลี้ยงชีพ ประกันการจ้างงาน ประกันอุบัติเหตุและความเสียหายที่เกิดขึ้น ระหว่างงาน เข้าด้วยกัน โดยเฉพาะในกรณีที่ เรียกรวมระหว่างประกันสุขภาพและประกัน กองทุนส ารองเลี้ยงชีพของพนักงานบริษัท,,,,,,,,,,,,,,,,,,,,,
14,,労災,,,,ろうさい,,,อุบัติเหตุและความ เสียหายที่เกิดขึ้น ระหว่างการท างาน,,,,"ชื่อย่อของ ""อุบัติเหตุและความเสียหายที่ เกิดขึ้นระหว่างการท างาน"" การบาดเจ็บ ระหว่างการท างานหรือเจ็บป่วยอัน เนื่องมาจากการท างาน",,,,,,,,,,,,,,,,,,,,,
15,,労災保険,,,,ろうさいほけん,,,ประกันอุบัติเหตุและ ความเสียหายที่เกิดขึ้น ระหว่างการท างาน,,,,เงินประกันที่จะได้รับเป็นเงินก้อนในกรณีที่ เกิดค่ารักษาหรือมีช่วงเวลาที่ไม่สามารถไป ท างานได้ หรือก่อให้เกิดทุพพลภาพอัน เนื่องมาจากอุบัติเหตุและความเสียหายที่ เกิดขึ้นระหว่างการท างาน,,,,,,,,,,,,,,,,,,,,,
1,,遅刻（する）,,,,ちこく（する）,,,การมาสาย (มาสาย),,,,,,,,,,,,,,,,,,,,,,,,,
2,,早退（する）,,,,そうたい（する）,,,การกลับก่อนเวลา (กลับ ก่อนเวลา),,,,,,,,,,,,,,,,,,,,,,,,,
3,,休憩（する）,,,,きゅうけい（する）,,,การพัก (พัก),,,,,,,,,,,,,,,,,,,,,,,,,
4,,残業（する）,,,,ざんぎょう（する）,,,"การท างานล่วงเวลา
(ท างานล่วงเวลา)",,,,,,,,,,,,,,,,,,,,,,,,,
5,,定時,,,,ていじ,,,ตามเวลาที่ก าหนด,,,,,,ตามระยะเวลาที่ถูกก าหนด ส่วนมาก จะหมายถึงเวลาที่เข้าออกบริษัท,,,,,,,,"き ょ う       て い じ      かえ
今日は定時に帰る",,,,,,,,วันนี้จะกลับบ้านตามเวลาที่ก าหนด,,,
6,,規則,,,,きそく,,,กฎข้อบังคับ,,,,,,,,,,,,,,,,,,,,,,,,,
7,,休日,,,,きゅうじつ,,,วันหยุด,,,,,,,,,,,,,,,,,,,,,,,,,
8,,始業時間,,,,しぎょうじかん,,,เวลาเริ่มงาน,,,,,,,,,,,,,,,,,,,,,,,,,
9,,終業時間,,,,しゅうぎょうじかん,,,เวลาเลิกงาน,,,,,,,,,,,,,,,,,,,,,,,,,
10,,指導員,,,,しどういん,,,ผู้ชี้แนะ,,,,,,,,,,,,,,,,,,,,,,,,,
11,,生活指導員,,,,せいかつしどういん,,,ผู้ชี้แนะในการด ารงชีพ,,,,,,,,,,,,,,,,,,,,,,,,,
12,,担当者,,,,たんとうしゃ,,,ผู้รับผิดชอบ,,,,,,,,,,,,,,,,,,,,,,,,,
13,,スイッチ入れるな,,,,すいっちいれるな,,,อย่าเปิดสวิตช์,,,,,,,,,,,,,,,,,,,,,,,,,
14,,スイッチ切るな,,,,すいっちきるな,,,อย่าปิดสวิตช์,,,,,,,,,,,,,,,,,,,,,,,,,
15,,使用禁止,,,,しようきんし,,,ห้ามใช้,,,,,,,,,,,,,,,,,,,,,,,,,
1,,5S,,,,ごえす,,,5 ส,,,,,,การฝึกวินัย 5 อย่างที่ประกอบไปด้วย สะสาง สะดวก สะอาด สุขลักษณะ สร้างนิสัย โดยอักษร S มาจาก ตัวอักษรแรกของแต่ละค า เป็นค าพูดที่ ใช้เพื่อปรับปรุงพื้นที่การท างาน,,,,,,,,,,,,,,,,,,,
2,,整理,,,,せいり,,,สะสาง,,,,,,"แบ่งแยกระหว่างสิ่งจ าเปนและสิ่งไม่
จ าเป็นให้ชัดเจนแล้วแชร์ข้อมูลร่วมกัน เพื่อให้คุณภาพหรือความสามารถใน การพลิตสูงขึ้น",,,,,,,,,,,,,,,,,,,
3,,整頓,,,,せいとん,,,สะดวก,,,,,,"ก าหนดที่จัดเก็บหรือการจัดวาง
สิ่งจ าเปนแล้วท าเครื่องหมายที่ชัดเจน เพื่อลดความไม่มีเหตุผลหรือความ สิ้นเปลือง",,,,,,,,,,,,,,,,,,,
4,,清掃,,,,せいそう,,,สะอาด,,,,,,"ท าความสะอาดเพื่อให้พื้นที่การ
ท างานสะอาดและเข้าใจถึงสภาพที่ ถูกต้องได้ง่ายขึ้น",,,,,,,,,,,,,,,,,,,
5,,清潔,,,,せいけつ,,,สุขลักษณะ,,,,,,ท าการสะสาง สะดวก สะอาด อย่าง จริงจังเพื่อรักษาสภาพที่สะอาดและ ถูกต้อง,,,,,,,,,,,,,,,,,,,
6,,しつけ,,,,しつけ,,,สร้างนิสัย,,,,,,สร้างนิสัยเพื่อให้สามารถปฏิบัติตามที่ ก าหนดไว้แล้วสร้างธรรมเนียมในการ ช่วยเหลือซึ่งกันและกัน,,,,,,,,,,,,,,,,,,,
7,,掃除（する）,,,,そうじ（する）,,,การท าความสะอาด (ท า ความสะอาด),,,,,,,,,,,,,,,,,,,,,,,,,
8,,片づける,,,,かたづける,,,จัดเก็บให้เข้าที่เข้าทาง,,,,,,,,,,,,,,,,,,,,,,,,,
9,,捨てる,,,,すてる,,,ทิ้ง,,,,,,,,,,,,,,,,,,,,,,,,,
10,,汚い,,,,きたない,,,สกปรก,,,,,,,,,,,,,,,,,,,,,,,,,
11,,汚れる,,,,よごれる,,,เปรอะ,,,,,,,,,,,,,,,,,,,,,,,,,
12,,分別（する）,,,,ぶんべつ（する）,,,"การแบ่งแยกประเภท
(แบ่งแยกประเภท)",,,,,,,,,,,,,,,,,,,,,,,,,
13,,燃えないごみ,,,,もえないごみ,,,ขยะเผาไม่ได้,,,,,,,,,,,,,,,,,,,,,,,,,
14,,燃えるごみ,,,,もえるごみ,,,ขยะเผาได้,,,,,,,,,,,,,,,,,,,,,,,,,
15,,挟まれる,,,,はさまれる,,,ถูกหนีบ,,,,,,,,,,,,,,"き か い       て       はさ
機械に手が挟まれた",,,,,,,,มือถูกเครื่องจักรหนีบ,,,
16,,巻き込まれる,,,,まきこまれる,,,โดนเกี่ยว,,,,,,,,,,,,,,"き か い       て         ま        こ
1)機械に手が巻き込まれる
てぶくろ                         ばん      ま        こ
2)手袋がフライス盤に巻き込まれる",,,,,,,,"1)ถูกเครื่องจักรเกี่ยวเอามือเข้าไป
2)ถุงมือถูกเครื่องไสเกี่ยวเข้าไป",,,
17,,やけど（する）,,,,やけど（する）,,,แผลไฟลวก (โดนไฟลวก),,,,,,,,,,,,,,,,,,,,,,,,,
18,,落ちる,,,,おちる,,,ตก,,,,,,,,,,,,,,"かいだん           お
階段から落ちる",,,,,,,,ตกบันได,,,
19,,すべる,,,,すべる,,,ลื่น,,,,,,,,,,,,,,"ゆか
床がすべる",,,,,,,,พื้นลื่น,,,
20,,転ぶ,,,,ころぶ,,,หกล้ม,,,,,,,,,,,,,,"こうじょう                         ころ
工場ですべって転んだ",,,,,,,,ลื่นหกล้มที่โรงงาน,,,
21,,濡れる,,,,ぬれる,,,เปยก,,,,,,,,,,,,,,,,,,,,,,,,,
22,,衛生,,,,えいせい,,,อนามัย,,,,,,,,,,,,,,,,,,,,,,,,,
23,,避難（する）,,,,ひなん（する）,,,การอพยพหนีภัย (อพยพ หนีภัย),,,,,,,,,,,,,,,,,,,,,,,,,
24,,救急車,,,,きゅうきゅうしゃ,,,รถพยาบาล,,,,,,,,,,,,,,,,,,,,,,,,,
25,,災害,,,,さいがい,,,ภัยพิบัติ,,,,,,,,,,,,,,,,,,,,,,,,,
26,,地震,,,,じしん,,,แผ่นดินไหว,,,,,,,,,,,,,,"じ し ん        お
地震が起きる",,,,,,,,เกิดแผ่นดินไหว,,,
27,,もぐる,,,,もぐる,,,มุด,,,,,,,,,,,,,,"じ し ん         つくえ   した
地震だ！机の下にもぐれ！",,,,,,,,แผ่นดินไหว ! มุดใต้โต๊ะ !,,,
1,,火気厳禁,,,,かきげんきん,,,ห้ามใช้ไฟ,,,,,,,,,,,,,,,,,,,,,,,,,
2,,開放厳禁,,,,かいほうげんきん,,,ห้ามเปิดทิ้งไว้,,,,,,,,,,,,,,,,,,,,,,,,,
3,,標識,,,,ひょうしき,,,เครื่องหมาย,,,,,,,,,,,,,,,,,,,,,,,,,
4,,気をつける,,,,きをつける,,,ระมัดระวัง,,,,,,,,,,,,,,,,,,,,,,,,,
5,,持ち込む,,,,もちこむ,,,น าเข้าไป,,,,,,,,,,,,,,"こうじょう     けいたいでんわ       も        こ
工場に携帯電話を持ち込んではいけ
ない",,,,,,,,ห้ามน าโทรศัพท์มือถือเข้าไปในโรงงาน,,,
6,,防ぐ,,,,ふせぐ,,,ป้องกัน,,,,,,,,,,,,,,"あんぜんかくにん           じ   こ       ふせ
安全確認して事故を防ぐ",,,,,,,,ตรวจสอบความปลอดภัยเพื่อป้องกัน อุบัติเหตุ,,,
7,,火,,,,ひ,,,ไฟ,,,,,,,,,,,,,,,,,,,,,,,,,
8,,煙,,,,けむり,,,ควัน,,,,,,,,,,,,,,,,,,,,,,,,,
9,,消火,,,,しょうか,,,ดับเพลิง,,,,,,,,,,,,,,,,,,,,,,,,,
10,,消火器,,,,しょうかき,,,ถังดับเพลิง,,,,,,,,,,,,,,,,,,,,,,,,,
11,,非常ベル,,,,ひじょうべる,,,กระดิ่งเตือนภัย,,,,,,,,,,,,,,,,,,,,,,,,,
12,,火災報知機,,,,かさいほうちき,,,เครื่องเตือนอัคคีภัย,,,,,,,,,,,,,,,,,,,,,,,,,
13,,逃げる,,,,にげる,,,หลบหนี,,,,,,,,,,,,,,,,,,,,,,,,,
14,,現場,,,,げんば,,,หน้างาน,,,,,,,,,,,,,,,,,,,,,,,,,
15,,作業,,,,さぎょう,,,งาน,,,,,,,,,,,,,,,,,,,,,,,,,
16,,ミーティング,,,,みーてぃんぐ,,,มีตติ้ง,,,,,,อาจเรียก การประชุม ประชุมช่วงเช้า ประชุมก่อนเลิกงาน ว่ามีตติ้งด้วย เช่นกัน,,,,,,,,,,,,,,,,,,,
17,,研修（する）,,,,けんしゅう（する）,,,การฝึกงาน (ฝึกงาน),,,,,,,,,,,,,,,,,,,,,,,,,
18,,実習（する）,,,,じっしゅう（する）,,,การฝึกภาคปฏิบัติ (ฝึก ภาคปฏิบัติ),,,,,,,,,,,,,,,,,,,,,,,,,
19,,あいさつ,,,,あいさつ,,,ทักทาย,,,,,,,,,,,,,,,,,,,,,,,,,
20,,確認（する）,,,,かくにん（する）,,,การตรวจสอบ (ตรวจสอบ),,,,,,,,,,,,,,,,,,,,,,,,,
21,,報告（する）,,,,ほうこく（する）,,,การรายงาน (รายงาน),,,,,,,,,,,,,,,,,,,,,,,,,
22,,連絡（する）,,,,れんらく（する）,,,การติดต่อ (ติดต่อ),,,,,,,,,,,,,,,,,,,,,,,,,
23,,相談（する）,,,,そうだん（する）,,,การปรึกษา (ปรึกษา),,,,,,,,,,,,,,,,,,,,,,,,,
24,,渡す,,,,わたす,,,ยื่นให้,,,,,,ใช้ในกรณีที่ยื่นของให้ใครซักคน,,,,,,,,,,,,,,,,,,,
25,,申請書,,,,しんせいしょ,,,ใบค าร้อง,,,,,,,,,,,,,,,,,,,,,,,,,
26,,寝坊（する）,,,,ねぼう（する）,,,การตื่นสาย (ตื่นสาย),,,,,,,,,,,,,,,,,,,,,,,,,
1,,技能,,,,ぎのう,,,,,ทักษะทางเทคนิค,,,,,,,,,,,,,,,,,,,,,,,
2,,技能検定試験,,,,ぎのうけんていしけん,,,,,การสอบวัดระดับทักษะ ทางเทคนิค,,,,,,,,,,,,,,,,,,,,,,,
3,,受検（する）,,,,じゅけん（する）,,,,,การเข้าสอบ (เข้าสอบ),,,,,,,,,,,,,,,,,,,,,,,
4,,資格,,,,しかく,,,,,คุณสมบัติ,,,,,,,,,,,,,,,,,,,,,,,
5,,手当,,,,てあて,,,,,"เบี้ยเลี้ยง, เงินช่วยเหลือ",,,,,,,,,,,,,,,,,,,,,,,
6,,社員,,,,しゃいん,,,,,พนักงานบริษัท,,,,,,,,,,,,,,,,,,,,,,,
7,,部長,,,,ぶちょう,,,,,หัวหน้าฝ่าย,,,,,,,,,,,,,,,,,,,,,,,
8,,課長,,,,かちょう,,,,,หัวหน้าแผนก,,,,,,,,,,,,,,,,,,,,,,,
9,,更衣室,,,,こういしつ,,,,,ห้องเปลี่ยนเสื้อผ้า,,,,,,,,,,,,,,,,,,,,,,,
10,,台車,,,,だいしゃ,,,,,รถเข็น,,,,,,,,,,,,,,,,,,,,,,,
11,,床,,,,ゆか,,,,,พื้น,,,,,,,,,,,,,,,,,,,,,,,
12,,出口,,,,でぐち,,,,,ทางออก,,,,,,,,,,,,,,,,,,,,,,,
13,,電気,,,,でんき,,,,,ไฟฟ้า,,,,,,,,,,,,,,,,,,,,,,,
14,,警報音,,,,けいほうおん,,,,,เสียงสัญญานเตือนภัย,,,,,,,,,,,,,,,,,,,,,,,
15,,コンセント,,,,こんせんと,,,,,"ปลั๊กไฟ(ตัวเมีย), เต้าเสียบ",,,,,,,,,,,,,,,,,,,,,,,
16,,作業場,,,,さぎょうば,,,,,สถานที่ปฏิบัติงาน,,,,,,,,,,,,,,,,,,,,,,,
17,,作業台,,,,さぎょうだい,,,,,โต๊ะท างานช่าง,,,,,,,,,,,,,,,,,,,,,,,
18,,工事現場,,,,こうじげんば,,,,,สถานที่ก่อสร้าง,,,,,,,,,,,,,,,,,,,,,,,
19,,職長,,,,しょくちょう,,,,,หัวหน้างาน,,,,,,,,,,,,,"あ し ばくみたて        しょくちょう    し   じ       したが
足場組立は  職長の指示に従う",,,,,,,,การประกอบนั่งร้านให้ปฏิบัติตาม ค าสั่งของหัวหน้างาน,,
20,,作業責任者,,,,さぎょうせきにんしゃ,,,,,ผู้รับผิดชอบงาน,,,,,,,,,,,,,,,,,,,,,,,
1,,禁止,,,,きんし,,,ห้าม,,,,,,,,,,,,,,,,,,,,,,,,,
2,,表示板,,,,ひょうじばん,,,ป้ายประกาศ,,,,,,,,,,,,,,,,,,,,,,,,,
3,,禁止事項,,,,きんしじこう,,,ข้อห้าม,,,,,,,,,,,,,,,,,,,,,,,,,
4,,避難訓練,,,,ひなんくんれん,,,การฝึกหลบภัยหรือหนีภัย,,,,,,,,,,,,,,,,,,,,,,,,,
5,,感電（する）,,,,かんでん（する）,,,"ไฟฟ้าดูด (ถูกไฟฟ้าดูด), ไฟฟ้าช็อต (ถูกไฟฟ้าช็อต)",,,,,,,,,,,,,,,,,,,,,,,,,
6,,防止（する）,,,,ぼうし（する）,,,การป้องกันไม่ให้เกิด (ป้องกันไม่ให้เกิด),,,,,,,,,,,,,,,,,,,,,,,,,
7,,予防（する）,,,,よぼう（する）,,,การป้องกันล่วงหน้า (ป้องกันล่วงหน้า),,,,,,,,,,,,,,,,,,,,,,,,,
8,,転倒（する）,,,,てんとう（する）,,,"ล้ม (ล้ม), การหกล้ม (หก ล้ม)",,,,,,,,,,,,,,,,,,,,,,,,,
9,,挟まる,,,,はさまる,,,"คั่น, หนีบ, ติดอยู่",,,,,,,,,,,,,,,,,,,,,,,,,
10,,足元,,,,あしもと,,,ที่เท้า,,,,,,,,,,,,,,,,,,,,,,,,,
11,,不安定（な）,,,,ふあんてい（な）,,,ไม่มั่นคง,,,,,,,,,,,,,,,,,,,,,,,,,
12,,後片付け,,,,あとかたづけ,,,ท าความสะอาดและเก็บ เข้าที่,,,,,,,,,,,,,,,,,,,,,,,,,
13,,救急箱,,,,きゅうきゅうばこ,,,กล่องปฐมพยาบาล,,,,,,,,,,,,,,,,,,,,,,,,,
14,,絆創膏,,,,ばんそうこう,,,"พลาสเตอร์ยา, เทป ส าหรับปิดแผล",,,,,,,,,,,,,,,,,,,,,,,,,
15,,体調,,,,たいちょう,,,สภาพร่างกาย,,,,,,,,,,,,,,,,,,,,,,,,,
16,,血,,,,ち,,,เลือด,,,,,,,,,,,,,,,,,,,,,,,,,
17,,熱中症,,,,ねっちゅうしょう,,,โรคลมแดด,,,,,,,,,,,,,,,,,,,,,,,,,
18,,吐き気,,,,はきけ,,,คลื่นไส้,,,,,,,,,,,,,,,,,,,,,,,,,
19,,嘔吐（する）,,,,おうと（する）,,,อาเจียน (อาเจียน),,,,,,,,,,,,,,,,,,,,,,,,,
20,,足がつる,,,,あしがつる,,,มีอาการตะคริวที่ขา,,,,,,,,,,,,,,,,,,,,,,,,,
21,,気分が悪い,,,,きぶんがわるい,,,รู้สึกไม่สบาย,,,,,,,,,,,,,,,,,,,,,,,,,
22,,寝不足,,,,ねぶそく,,,นอนไม่พอ,,,,,,,,,,,,,,,,,,,,,,,,,
23,,安全ネット,,,,あんぜんねっと,,,เครือข่ายความปลอดภัย,,,,,,,,,,,,,,,,,,,,,,,,,
24,,安全点検,,,,あんぜんてんけん,,,การตรวจเช็คความ ปลอดภัย,,,,,,,,,,,,,,,,,,,,,,,,,
1,,KY活動（危険予知活動）,,,,けーわいかつどう（きけ                     んよちかつどう）,,,กิจกรรมKY (กิจกรรมฝึก การคาดการณ์อันตราย ล่วงหน้า),,,,,,,,,,,,,,,,,,,,,,,,,
2,,危険,,,,きけん,,,อันตราย,,,,,,,,,,,,,,,,,,,,,,,,,
3,,ぶつかる,,,,ぶつかる,,,ชน,,,,,,,,,,,,,,トラクタショベルのバケットにぶつかってけがをした,,,,,,,,บาดเจ็บเพราะไปชนบุ้งกี๋รถตัก,,,
4,,当たる,,,,あたる,,,"โดน, กระทบ",,,,,,,,,,,,,,"あ  し  ば                 お                               こ   う   ぐ         からだ        あ
足場から落ちてきた工具が体に当
たってけがをした",,,,,,,,บาดเจ็บเพราะเครื่องมือตกจากนั่งร้าน มาโดนตัว,,,
5,,下敷きになる,,,,したじきになる,,,โดนทับ,,,,,,,,,,,,,,"じ ゅ う き         し   た  じ
重機の下敷きになる",,,,,,,,โดนเครื่องจักรกลหนักทับ,,,
6,,打つ,,,,うつ,,,"ตี, ตอก, เคาะ",,,,,,,,,,,,,,"あやま                                                  て            う
誤ってハンマーで手を打ってしまっ                               た",,,,,,,,ใช้ค้อนพลาดตีโดนมือ,,,
7,,バランスを崩す,,,,ばらんすをくずす,,,เสียการทรงตัว,,,,,,,,,,,,,,"う え                                           く ず              て ん ら く
はしごの上でバランスを崩して転落                               し
た",,,,,,,,ตกลงมาเพราะเสียการทรงตัวบน บันไดพับ,,,
8,,倒れる,,,,たおれる,,,"ล้ม, ล้มป่วย",,,,,,,,,,,,,,"た お                  ねっちゅうしょう        た お
はしごが倒れる、熱中症で倒れる",,,,,,,,"บันไดพับล้ม, ล้มป่วยเพราะเป็นลมแดด",,,
9,,転落（する）,,,,てんらく（する）,,,การพลัดตกลงมา (พลัด ตกลงมา),,,,,,,,,,,,,,"う え                                           く ず              て ん ら く
はしごの上でバランスを崩して転落                               し
た",,,,,,,,พลัดตกลงมาเพราะเสียการทรงตัวบน บันไดพับ,,,
10,,指差呼称,,,,しさこしょう,,,การท ามือชี้และปากย้ า เพื่อความปลอดภัย,,,,,,,,,,,,,,,,,,,,,,,,,
11,,ヒヤリハット,,,,ひやりはっと,,,เหตุการณ์เกือบเกิด อุบัติเหตุ,,,,,,,,,,,,,,,,,,,,,,,,,
12,,原因,,,,げんいん,,,สาเหตุ,,,,,,,,,,,,,,,,,,,,,,,,,
13,,対策,,,,たいさく,,,การรับมือกับปัญหา,,,,,,,,,,,,,,,,,,,,,,,,,
14,,落下（する）,,,,らっか（する）,,,"การหล่น (หล่น), การตก ลงมา (การตกลงมา)",,,,,,,,,,,,,,"あ し ば           こ う ぐ       ら っ か
足場から工具が落下した",,,,,,,,เครื่องมือหล่นลงมาจากนั่งร้าน,,,
15,,墜落（する）,,,,ついらく（する）,,,"การตกลงมาจากที่สูง (ตก ลงมาจากที่สูง), การตกดิ่ง
(ตกดิ่ง)",,,,,,,,,,,,,,"か  い  こ  う  ぶ               つ い ら く
開口部から墜落した",,,,,,,,ตกลงมาจากช่องเปิด,,,
16,,確認（する）,,,,かくにん（する）,,,"การตรวจยืนยัน (ตรวจ ยืนยัน), การตรวจสอบ (ตรวจสอบ)",,,,,,,,,,,,,,"しゅうい      あんぜん    かくにん
周囲の安全を確認する",,,,,,,,ตรวจยืนยันความปลอดภัยรอบข้าง,,,
1,,作業着,,,,さぎょうぎ,,,ชุดท ำงำน,,,,,,,,,,,,,,,,,,,,,,,,,
2,,作業服,,,,さぎょうふく,,,ชุดใส่ปฏิบัติงำน,,,,,,,,,,,,,,,,,,,,,,,,,
3,,作業靴,,,,さぎょうぐつ,,,รองเท้าปฏิบัติงาน,,,,,,,,,,,,,,,,,,,,,,,,,
4,,手袋,,,,てぶくろ,,,ถุงมือ,,,,,,,,,,,,,,,,,,,11.保護メガネแว่นตาป้องกัน ใช้เพื่อป้องกันตาจากเศษวัสดุตัด กลึงและอื่นๆที่อาจปลิวเข้าตา หรือสารเคมี เป็นต้น,,,,,,
5,,帽子,,,,ぼうし,,,หมวก,,,,,,,,"４．手袋 ถุงมือ ใช้เพื่อป้องกันการบาดเจ็บก็จริง แต่ห้ามสวมในเวลาที่ใช้เครื่องมือที่
มีการหมุนด้วยไฟฟ้า เช่น เลื่อยวง เดือน สว่านไฟฟ้า เป็ นต้น เพราะ อาจเข้าไปพันติดอยู่ในส่วนที่หมุน ได้",,,,,,,,,,,,,,,,,
6,,保護帽（ヘルメット）,,,,ほごぼう（へるめっと）,,,หมวกนิรภัย (หมวกเซฟตี้),,,,,,,,,,,,,,,,,,,,,,,,,
7,,保護具,,,,ほごぐ,,,อุปกรณ์ป้องกัน,,,,,,,,,,,,,,,,,,,,,,,,,
8,,あごひも,,,,あごひも,,,สายรัดคาง,,,,,,,,,,,,,,,,,,,,,,,,,
9,,ボタン,,,,ぼたん,,,กระดุม,,,,,,,,,,,,,,,,,,,,,,,,,
10,,ポケット,,,,ぽけっと,,,กระเป๋า,,,,,,,,,,,,,,,,,,,,,,,,,
11,,保護メガネ,,,,ほごめがね,,,แว่นตำป้องกัน,,,,,,,"14.安全靴 รองเท้านิรภัย เพื่อป้องกันอันตรายจากการเหยียบ ตะปูและของที่ตกหล่นลงมา เป็นต้น
ต้องผูกเชือกรองเท้าให้แน่น สวมใส่ รองเท้าที่เหมาะกับการปฏิบัติงาน",,,,,,,,,,,,,,,,,,
12,,マスク,,,,ますく,,,"หน้ากาก, หน้ากากอนามัย",,,,,,,,,,,,,,,,,,,,,,,,,
13,,耳栓,,,,みみせん,,,ที่อุดหู,,,,,,,,,,,,,,,,,,,,,,,,,
14,,安全靴,,,,あんぜんぐつ,,,รองเท้ำนิรภัย,,,,,,,,,,,,,,,,,,,,,,,,,
15,,墜落制止用器具（安全帯）,,,,"ついらくせいしようきぐ
（あんぜんたい）",,,อุปกรณ์ป้องกันกำรตกจำกที่ สูง(สำยรัดตัวกันตก),,,,,,,,,,,,,,,,,,,,,,,,,
16,,業務,,,,ぎょうむ,,,"งาน, ภาระหน้าที่",,,,,,,,,,,,,,,,,,,,,,,,,
17,,時間厳守,,,,じかんげんしゅ,,,การตรงต่อเวลา,,,,,,,,,,,,,,,,,,,,,,,,,
18,,予定,,,,よてい,,,ก าหนดการ,,,,,,,,,,,,,,,,,,,,,,,,,
19,,日付,,,,ひづけ,,,วันที่,,,,,,,,,,,,,,,,,,,,,,,,,
20,,準備（する）,,,,じゅんび（する）,,,(การ)เตรียม,,,,,,,,,,,,,,,,,,,,,,,,,
21,,会議,,,,かいぎ,,,การประชุม,,,,,,,,,,,,,,,,,,,,,,,,,
22,,朝礼,,,,ちょうれい,,,การประชุมเช้าก่อนเริ่มงาน,,,,,,,,,,,,,,,,,,,,,,,,,
23,,報告書,,,,ほうこくしょ,,,หนังสือรายงาน,,,,,,,,,,,,,,,,,,,,,,,,,
24,,マニュアル,,,,まにゅある,,,คู่มือ,,,,,,,,,,,,,,,,,,,,,,,,,
25,,作業手順書,,,,さぎょうてじゅんしょ,,,คู่มือขั้นตอนการปฏิบัติงาน,,,,,,,,,,,,,,,,,,,,,,,,,
26,,調子,,,,ちょうし,,,สภาพการท างานของ ร่างกายหรือเครื่องจักร,,,,,,,,,,,,,,,,,,,,,,,,,
1,,立入禁止,,,,たちいりきんし,,,ห้ามเข้า,,,,,,,,,,,,,,,,,,,,,,,,,
2,,禁煙,,,,きんえん,,,ห้ามสูบบุหรี่,,,,,,,,,,,,,,,,,,,,,,,,,
3,,火気厳禁,,,,かきげんきん,,,ห้ามจุดไฟ,,,,,,,,,,,,,,,,,,,,,,,,,
4,,駐車禁止,,,,ちゅうしゃきんし,,,ห้ามจอดรถ,,,,,,,,,,,,,,,,,,,,,,,,,
5,,足もと注意,,,,あしもとちゅうい,,,ระวังสะดุด,,,,,,,,,,,,,,,,,,,,,,,,,
6,,開口部注意,,,,かいこうぶちゅうい,,,ระวังช่องเปิด,,,,,,,,,,,,,,,,,,,,,,,,,
7,,感電注意,,,,かんでんちゅうい,,,ระวังอันตรายจากไฟฟ้า ช็อต,,,,,,,,,,,,,,,,,,,,,,,,,
8,,堕落注意,,,,ついらくちゅうい,,,ระวังตกจากที่สูง,,,,,,,,,,,,,,,,,,,,,,,,,
9,,頭上注意,,,,ずじょうちゅうい,,,ระวังศีรษะ,,,,,,,,,,,,,,,,,,,,,,,,,
10,,警報設備,,,,けいほうせつび,,,อุปกรณ์สัญญาณเตือนภัย ปุ่มขอความช่วยเหลือ,,,,,,,,,,,,,,,,,,,,,,,,,
11,,消火器,,,,しょうかき,,,ถังดับเพลิง,,,,,,,,,,,,,,,,,,,,,,,,,
12,,AED設置場所,,,,えーいーでぃーせっち                   ばしょ,,,จุดติดตั้งเคริ่องกระตุก หัวใจอัตโนมัติ,,,,,,,,,,,,,,,,,,,,,,,,,
13,,保護帽着用,,,,ほごぼうちゃくよう,,,สวมหมวกนิรภัย,,,,,,,,,,,,,,,,,,,,,,,,,
14,,安全帯使用,,,,あんぜんたいしよう,,,สวมสายรัดตัวนิรภัยกันตก,,,,,,,,,,,,,,,,,,,,,,,,,
15,,昇降階段,,,,しょうこうかいだん,,,บันไดขึ้นลง,,,,,,,,,,,,,,,,,,,,,,,,,
16,,休憩所,,,,きゅうけいじょ,,,ห้องนั่งพัก,,,,,,,,,,,,,,,,,,,,,,,,,
17,,最大積載荷重,,,,さいだいせきさいかじゅう,,,รับน้ าหนักได้สูงสุด,,,,,,,,,,,,,,,,,,,,,,,,,
18,,喫煙所,,,,きつえんじょ,,,ที่พักสูบบุหรี่,,,,,,,,,,,,,,,,,,,,,,,,,
19,,整理整頓,,,,せいりせいとん,,,"สะสาง สะดวก, ซ้อนให้ถูกต้องสะดวกใช้ ปลอดภัย",,,,,,,,,,,,,,,,,,,,,,,,,
20,,安全通路,,,,あんぜんつうろ,,,ทางเดินปลอดภัย,,,,,,,,,,,,,,,,,,,,,,,,,
1,三連クランプ,,さんれんくらんぷ,,"ชุดข้ อสื อ3 ห่วงติ ดกัน, ชุดแคลมป์ข้ อเสื อ3 ห่วงติ ดกัน",,,,,"さ ん れ ん                                  た ん か ん       け つ ご う
三連クランプで単管を結合する",,จับยึ ดท่อเหล็กให้ เชืI   อมต่อเข้ า ด้ วยกันด้ วยชุดข้ อสื3อห่วงติ ดกัน,,,,,,,,,,,,,,,,,,,,,,
2,"ベルトコンベア
（ベルコン）",,"べるとこんべあ
（べるこん）",,สายพานลําเลี ยง,,,,,"つ ち        こ  う  ん  ぱ  ん
ベルトコンベアで土を小運搬する",,แบ่งขนถ่ายดิ นด้ วยสายพานลําเลี ย,,,,,,ง,,,,,,,,,,,,,,,,
3,かけや,,かけや,,"ค้ อนไม้ ขนาดใหญ, ่ ตะลุมพุก",,ค้ อนไม้ ขนาดใหญเ่รียกอี กชืI   อหนึ ว่า นะริโมะโนะ(ตัวก่อเสี ยง) หรือ โอนะริ(เสี ยงดัง) แบบจับด้ ามด้ วย สองมื อเรียกว่า คะเคะยะ(ค้ อนไม้ ขนาดใหญ่) แบบจับด้ ามด้ วยมื อ  เดี ยวเรียกว่า คิ ซึ ฉิ(ค้ อนไม) ้ หรือ เรียกว่าโคะเนะคิ ริ,,,"I   ง
く い          う             こ
かけやで杭を打ち込む",,ตอกหมุดด้ วยค้ อนไม้,,,,,,,,,,,,,,,,,,,,,,
4,ランマ,,らんま,,"เครืI   องกระทุ้ ง,ดิ น เครืI   องตบดิ น",,"คื อ เครืI   องตบดิ นแบบกระโดด
(Tamping Rammer)",,,"じ   ば  ん           し           か た
ランマで地盤を締め固める",,ตบอัดพืy   นดิ นให้ แน่นโดยเครืI   อง กระทุ้ งดิ น,,,,,,,,,,,,,,,,,,,,,,
5,自在クランプ,,じざいくらんぷ,,ข้ อเสื อเป็น(ข้ อเสื อทีI สามารถหมุนไปมาได)้,,"ใช้ จับยึ ดท่อเหล็กให้ เชืI   อมต่อเข้ ด้ วยกันอย่างคงทีI   เมืI   อต้ องการ ความแข็งแรงในแนวเฉียง ในงาน
นัI   งร้ านเรียกการเสริมความแข็งแร ในแนวเฉียงว่า 「คํy   าย（ันสึ จิไคอิ
）」",,,"า
เพิI   ม
じ  ざ   い                                    も ち               た ん か ん        き ん け つ
自在クランプを用いて単管を緊結す
ง  る",,ใช้ ข้ อเสื อเป็นจับยึ ดท่อเหล็กให้ เชืI   อมต่อเข้ าด้ วยกันอย่างคงทีI,,,,,,,,,,,,,,,,,,,,,,
6,キャッチクランプ,,きゃっちくらんぷ,,"ชุดบี มแคลมป์กับข้ อ เสื อ, ชุดข้ อเสื อกับยูแค ลมป์ (ชุดแคลมป์ทีI   มี แคลมป์ยึ ดบี มและข้ อ เสื ออยู่คู่กัน)",,,,,"も ち               た ん か ん       て っ  こ つ
キャッチクランプを用いて単管と鉄骨
き ん け つ
を緊結する",,ใช้ ชุดบี มแคลมป์กับข้ อเสื อจับยึ ด ท่อเหล็กไว้ กับโครงเหล็ก,,,,,,,,,,,,,,,,,,,,,,
7,吊り上げ用クランプ,,つりあげようくらんぷ,,"แคลมป์ยกเหล็ก, แค ลมป์ยก, แคลมป์จับยก เหล็ก",,,,,"つ           あ           よ  う                                   も ち               き ん け つ
吊り上げ用クランプを用いて緊結し
た ん か ん          つ           あ
た単管を吊り上げる",,ใช้ แคลมป์ยกเหล็กจับยกท่อเหล็ก ทีI   ต่อเข้ าด้ วยกันแล้ ว,,,,,,,,,,,,,,,,,,,,,,
8,直交クランプ,,ちょっこうくらんぷ,,ข้ อเสื อตัy   งฉาก,,,,,"ちょっ こう                                   も ち               た ん か ん        き ん け つ
直交クランプを用いて単管を緊結す
る",,ใช้ ข้ อเสื อตัy   งฉากจับยึ ดท่อเหล็ก เชืI   อมต่อเข้ าด้ วยกันอย่างคงทีI,,,,,,ให้,,,,,,,,,,,,,,,,
9,フック,,ふっく,,"ตะขอยก, ตะขอ",,,,,ワイヤーロープをフックにかける,,คล้ องลวดสลิ งเข้ ากับตะขอยก,,,,,,,,,,,,,,,,,,,,,,
10,ストレートシャックル,,すとれーとしゃっくる,,สเก็นตัวยู (อุปกรณ์ ห่วงโลหะทีI   ใช้ สําหรับ คล้ องยึ ดเข้ ากับ อุปกรณ์ต่างๆ),,,,,ワイヤーをストレートシャックルにかける,,คล้ องลวดเหล็กเข้ ากับสเก็นตัวยู,,,,,,,,,,,,,,,,,,,,,,
11,滑車,,かっしゃ,,รอก,,,,,"か っ  し ゃ        ざいりょう         つ           あ
滑車で材料を吊り上げる",,ยกวัสดุขึy   นด้ วยรอก,,,,,,,,,,,,,,,,,,,,,,
12,クレーン,,くれーん,,"ปัy   นจ, ัI เคนรน",,,,,"し   ざ  い          つ          あ
クレーンで資材を吊り上げる",,ยกวัสดุขึy   นด้ วยปัy   นจัI   น,,,,,,,,,,,,,,,,,,,,,,
13,移動式クレーン,,いどうしきくれーん,,ปัy   นจัI   นชนิดเคลื อนที,,,,,"い  ど   う  し  き                                   し   ざ  い          つ          あ
移動式クレーンで資材を吊り上げる",,ยกวัสดุด้ วยปัy   นจัI   นเคลืI   อนทีI,,,,,,,,,,,,,,,,,,,,,,
14,介しゃくロープ,,かいしゃくろーぷ,,เชื อกพยุงกันส่ าย    (เชื อกทีI   ห้ อยอยู่กับ ของทีI   ยกด้ วยปัy ) นจัI,,น,,,"か い                                               に  も   つ           ふ
介しゃくロープで荷物の振れをおさ
える",,ลดการส่ายของวัสดุด้ วยเชื อกพยุง กันส่ าย,,,,,,,,,,,,,,,,,,,,,,
15,昇降階段,,しょうこうかいだん,,บันไดขึy   นลงภายใน นัI   งร้ าน,,,,,"あ   し  ば じ ょ うそう       の ぼ                     し ょ うこうか い だ ん       つ か
足場上層に上るには昇降階段を使
う",,ใช้ บันไดขึy   นลงภายในนัI   งร้ านเ ขึy   นไปนัI   งร้ านชัy   นบน,,,,,,พืI   อ,,,,,,,,,,,,,,,,
16,筋かい止めピン,,すじかいとめぴん,,"เดื อยล็อคกากบาท, สลักล็อคกากบาท,  เดื อยล็อคท่อคํy   ายัน นัI   งร้ าน",,,,,"す  じ                 と                                さ           こ            お           ま
筋かい止めピンを差し込み折り曲げ
ておく",,สอดเดื อยล็อคกากบาทนัI   งร้ าน แล้ วพับงอไว้,,,,,,,,,,,,,,,,,,,,,,
17,脚柱ジョイント,,きゃくちゅうじょいんと,,ข้ อต่อเสานัI   งร้ าน,,,,,"きゃくちゅう                                    さ   い  ご                 さ           こ
脚柱ジョイントは最後まで差し込む",,ข้ อต่อเสานัI   งร้ านต้ องสอดให้ สุด,,,,,,,,,,,,,,,,,,,,,,
18,連結ピン,,れんけつぴん,,ข้ อต่อ,,,,,"れん け つ                      さ   い  ご                 さ           こ
連結ピンは最後まで差し込む",,ข้ อต่อต้ องสอดให้ สุด,,,,,,,,,,,,,,,,,,,,,,
19,ジョイント金具,,じょいんとかなぐ,,อุปกรณ์ข้ อต่อ,,,,,"か   な  ぐ         か く じ つ        さ   い  ご
ジョイント金具は確実に最後までは
める",,อุปกรณ์ข้ อต่อต้ องใส่ให้ สุดและให้ เข้ าทีI   อย่างถูกต้ อง,,,,,,,,,,,,,,,,,,,,,,
20,レバーブロック,,ればーぶろっく,,รอกโยก,,,,,"し   ざ  い         こ  て  い
レバーブロックで資材を固定する",,ยึ ดวัสดุด้ วยรอกโยก,,,,,,,,,,,,,,,,,,,,,,
21,電動のこ（丸のこ）,,でんどうのこ（まるのこ）,,เลืI   อยไฟฟ(้ เาลืI   อยวง เดื อน),,,,,"か た わく        せつ だ ん        ま  る                      し   よ   う
型枠の切断は丸のこを使用する",,ใช้ เลืI   อยวงเดื อนตัดแบบหล่อ คอนกรีต,,,,,,,,,,,,,,,,,,,,,,
22,モンキースパナ,,もんきーすぱな,,ประแจเลืI   อน,,หรือเรียกอี กอย่างหนึI   ง「ว่า ประแจลิ ง (มงคีI   เรน)」ฉิ,,,"し                     ゆ る
モンキースパナでナットを締める・緩
める",,ใช้ ประแจเลืI   อนขันหรือคลายน็อต,,,,,,,,,,,,,,,,,,,,,,
23,親綱支柱,,おやづなしちゅう,,"เสายึ ดเชื อกป้องกัน การตก (เชื อกสําหรับ เกีI   ยวตะขอสายรัดตัว
กันตก)",,,,,"おや づ な         は           い     ち          お や づ な し ち ゅ う         と
親綱を張る位置に親綱支柱を取り
つ
付ける",,ติ ดตัy   งเสายึ ดเชื อกป้องกันการตก ในจุดขึ งเชื อกป้องกันการตก,,,,,,,,,,,,,,,,,,,,,,
24,ブラケット,,ぶらけっと,,นัI   งร้ านท้ าวแขน,,หรือเรียกอี กอย่างหนึI   ง「ว่าคาน ปีก (โมะชิ โอะคุริ)」,,,"あ  し  ば                                                  と           つ
足場にブラケットを取り付ける",,ติ ดตัy   งท้ าวแขนเข้ ากับนัI   งร้ าน,,,,,,,,,,,,,,,,,,,,,,
25,梯子,,はしご,,"บันไดพาด, บันไดพับ",,,,,,,,,,,,,,,,,,,,,,,,,,,,,
1,,親綱,,,,おやづな,,,เชือกป้องกันการตก (เชือกส าหรับเกี่ยวตะขอ สายรัดตัวกันตก),,,,,,คือเชือกที่มีไว้เพื่อเกี่ยวสายรัดตัวกัน ตก(เข็มขัดที่มีเชือกช่วยชีวิตติดอยู่)ใน ไซต์งานก่อสร้าง และจะต้องติดตั้งอยู่ ระหว่างเสาโดยไม่ให้หย่อนยานเพื่อ ปกป้องชีวิตของผู้ท างานในไซต์งาน,,,,,,,,"お やづな        あんぜんたい
親綱に安全帯をかける",,,,,,,,เอาสายรัดตัวกันตกเกี่ยวไว้กับเชือก ป้องกันการตก,,,
2,,建枠（ビティ）,,,,たてわく（びてぃ）,,,ขาตั้งนั่งร้าน,,,,,,,,,,,,,,"た て わ く                                   も ち               あ  し  ば         く  み  た
建枠（ビティ）を用いて足場を組立て
る",,,,,,,,ใช้ขาตั้งนั่งร้านประกอบนั่งร้าน,,,
3,,メッシュシート,,,,めっしゅしーと,,,ตาข่ายกันฝุ่น,,,,,,เรียกอีกอย่างว่า「ผ้าใบกันฝุ่น (โยโจ ชีทโตะ)」「ตาข่ายป้องกันการฟุ้ง กระจาย (ฮิซันโบชิเน็ทโตะ)」,,,,,,,,"あ  し  ば  わ く                                                           と          つ
足場枠にメッシュシートを取り付け                               る",,,,,,,,ติดตาข่ายกันฝุ่นที่โครงนั่งร้าน,,,
4,,防音パネル,,,,ぼうおんぱねる,,,แผงกันเสียง,,,,,,,,,,,,,,"そ う お ん た い さ く                   ぼ う お ん                             せ  っ  ち
騒音対策として防音パネルを設置す
る",,,,,,,,ติดตั้งแผงกันเสียงตามมาตรการลด เสียงรบกวน,,,
5,,朝顔材,,,,あさがおざい,,,ตาข่ายนิรภัย,,,,,,,,,,,,,,"あ さ がおざ い        ひ  ら  い  ら  っ  か  ぼ  う  し
朝顔材は飛来落下防止のためにつか
う",,,,,,,,ตาข่ายนิรภัยใช้เพื่อป้องกันวัตถุร่วง ตกลงมา,,,
6,,架空線,,,,かくうせん,,,สายไฟบนเสาไฟฟ้า,,,,,,หากไปสัมผัสโดนมีโอกาสสูงที่จะท า ให้เกิดอุบัติเหตุไฟฟ้าช็อตได้เพราะ เป็นสายส่งไฟฟ้าแรงสูง,,,,,,,,"か   く   う せ ん        せっしょく
架空線へ接触させないようにする",,,,,,,,อย่าให้นั่งร้านสัมผัสกับสายไฟบนเสา ไฟฟ้า,,,
7,,幅木（仮設足場）,,,,はばき（かせつあしば）,,,ขอบกันตกนั่งร้าน (นั่งร้าน ชั่วคราว),,,,,,,,,,,,,,"ろ う ど う し ゃ        つ い て ん ら く       き     ぐ           ら  っ  か  ぼ   う  し
労働者の墜転落・器具の落下防止の
あ  し  ば         は  ば  き        も う
ために足場に幅木を設ける",,,,,,,,ติดตั้งขอบกันตกนั่งร้าน เพื่อป้องกัน การพลัดตกของคนงานและการตก ของอุปกรณ์ต่างๆ,,,
8,,単管,,,,たんかん,,,ท่อเหล็ก,,,,,,ย่อมาจาก「ท่อแป๊ปเหล็ก (ทังคัง ไพอิปุ)」 บางครั้งก็เรียกว่า「ท่อแป๊ป (ไพอิปุ)」,,,,,,,,"たん かん        も ち                あ  し  ば           く             た
単管を用いて足場を組み立てる",,,,,,,,ใช้ท่อเหล็กประกอบนั่งร้าน,,,
9,,脚立,,,,きゃたつ,,,"บันไดพาด, บันไดพับ",,,,,,,,,,,,,,,,,,,,,,,,,
10,,作業半径,,,,さぎょうはんけい,,,รัศมีการท างาน,,,,,,รัศมีการหมุนของเครื่องจักรกลหนัก ส่วนใหญ่จะห้ามเข้าใกล้เพื่อป้องกัน การเกิดอุบัติเหตุถูกชน,,,,,,,,"じ ゅ う き さ ぎ ょ う         さ ぎ ょ う は ん け い          た           い               き ん
重機作業の作業半径に立ち入りを禁
し
止する",,,,,,,,ห้ามเข้าใกล้รัศมีการท างานที่ เครื่องจักรกลหนักท างาน,,,
11,,仮ボルト,,,,かりぼると,,,น็อตไว้ชั่วคราว,,,,,,,,,,,,,,"か り                            こ う ぞ う た い        か り         こ   て  い
仮ボルトで構造体を仮に固定する",,,,,,,,ยึดโครงสร้างไว้ชั่วคราวด้วยการ ติดน็อตไว้ชั่วคราว,,,
12,,手直し,,,,てなおし,,,แก้ไข,,,,,,,,,,,,,,"し  て  き                       ば  し  ょ         て  な  お
指摘された場所を手直しする",,,,,,,,ใช้นั่งร้านแก้ไขงานตามต าแหน่งที่ถูก ระบุไว้,,,
13,,面一,,,,つらいち,,,ท าให้วัสดุสองชนิดเรียบ เสมอกัน,,,,,,,,,,,,,,"つ ら い ち
面一にそろえる",,,,,,,,ท าให้เรียบเสมอกัน,,,
14,,点検事項,,,,てんけんじこう,,,รายการตรวจเช็ค,,,,,,,,,,,,,,"し  よ   う               こ   う   ぐ        て ん け ん  じ   こ   う         も と                し
使用する工具は点検事項に基づき始
ぎょうま えて ん け ん
業前点検をおこなう",,,,,,,,อุปกรณ์ที่ใช้ต้องท าการตรวจเช็คตาม รายการตรวจเช็คก่อนเริ่มงาน,,,
15,,積載荷重,,,,せきさいかじゅう,,,น้ าหนักบรรทุก,,,,,,,,,,,,,,"せ き さ い か じ ゅ う         こ
トラックの積載荷重を超えないよう                               に
つ            こ
積み込む",,,,,,,,บรรทุกไม่ให้เกินน้ าหนักบรรทุกของ รถบรรทุก,,,
16,,すき間,,,,すきま,,,ช่องว่าง,,,,,,,,,,,,,,"ぼ う お ん                                         ま            あ
防音シートはすき間が空かないよう                               に
と          つ
取り付ける",,,,,,,,การติดตั้งแผ่นกันเสียงอย่าให้มีช่องว่าง,,,
17,,通りを見る,,,,とおりをみる,,,"ตรวจยืนยัน, ตรวจยืนยันว่า เปนแนวตรง",,,,,,,,,,,,,,"かたど お              ね  ぎ  り           で     き                              と お
やり方通りで根切が出来ているか通
りをみる",,,,,,,,ตรวจยืนยันดูว่าได้ท าการขุดตาม วิธีการหรือไม่,,,
18,,組立,,,,くみたて,,,ประกอบ,,,,,,,,,,,,,,"あ  し  ば         く  み  た
足場を組立てる",,,,,,,,ประกอบนั่งร้าน,,,
19,,地組,,,,じぐみ,,,ประกอบที่พื้น,,,,,,,,,,,,,,"し た          じ   ぐ み              あ  し  ば                                          あ
下で地組した足場をクレーンで上げ
う え          と          つ
て上で取り付ける",,,,,,,,ใช้ปั้นจั่นยกนั่งร้านที่ประกอบบนพื้นดิน เอาขึ้นไปประกอบข้างบน,,,
20,,天端,,,,てんば,,,ระดับบนสุด,,,,,,เรียกอีกชิ่อหนึ่งว่า 「ด้านบน (อุ วะบะ)」,,,,,,,,"て  ん  ば                            へいかつ
コンクリートの天端をコテで平滑に                               な
らす",,,,,,,,ใช้เกรียงฉาบด้านบนของคอนกรีตให้ เรียบเป็นเนื้อเดียวกัน,,,
21,,玉掛け,,,,たまかけ・たまがけ,,,การเกี่ยวเชือกเข้ากับและ ถอดเชือกออกจากตะขอ ปั้นจั่น,,,,,,,,,,,,,,"ざいりょう         つ          あ                さ い        あんぜん          い     ち
材料を吊り上げる際は安全な位置に
た ま か け
玉掛けをおこなう",,,,,,,,เวลายกวัสดุ จะต้องเกี่ยวเชือกเข้ากับ ตะขอปั้นจั่นในต าแหน่งที่ปลอดภัย,,,
22,,合図,,,,あいず,,,การให้สัญญาน,,,,,,,,,,,,,,"じ ゅ う き さ ぎ ょ う        あ  い  ず                          あんぜん       おこな
重機作業は合図をもって安全に行う",,,,,,,,งานที่ใช้เครื่องจักรกลหนัก จะต้องให้ และดูสัญญานเพื่อปฏิบัติงานด้วย ความปลอดภัย,,,
23,,定格荷重,,,,ていかくかじゅう,,,พิกัดน้ าหนัก,,,,,,,,,,,,,,"て い か く か じ ゅ う         こ                  つ                      さ ぎ ょ う
定格荷重を超えて吊りもの作業はお
こなわない",,,,,,,,ไม่ท าการยกของที่เกินพิกัดน้ าหนัก,,,
24,,たち,,,,たち,,,แนวตั้งของเสา,,,,,,,,,,,,,,"あ  し  ば  し  ち  ゅ  う                              み             すいちょくせい
足場支柱のたちを見る（垂直性＝た
ち）",,,,,,,,"ดูแนวตั้งของเสานั่งร้าน(ซึยโฉะกุเซ
(แนวตั้ง)=ทะจิ)",,,
25,,職長,,,,しょくちょう,,,หัวหน้างาน,,,,,,,,,,,,,,"あ  し  ば  く み た て        しょくちょう          し     じ          したが
足場組立は職長の指示に従う",,,,,,,,การประกอบนั่งร้านให้ท าตามค าสั่ง หัวหน้างาน,,,
1,,安全カバー,,,,あんぜんかばー,,,ฝาครอบป้องกัน,,,,,,ส่วนใหญ่หมายถึงฝาครอบที่ติดอยู่กับ เลื่อยวงเดือนไฟฟ้า เพื่อใช้ป้องกัน เลื่อยวงเดือนกระเด็นมาโดนร่างกาย ในกรณีเกิดการดีดตัวเวลาตัด,,,,,,,,"あ  ん  ぜ ん                 し よ  う         じ こ         ふ  せ
安全カバーの使用で事故を防ぐ",,,,,,,,ป้องกันอุบัติเหตุด้วยการใช้ฝาครอบ ป้องกัน,,,
2,,安全帯,,,,あんぜんたい,,,"สายรัดตัวนิรภัย, ชุดเซฟตี้ กันตก",,,,,,,,,,,,,,"あんぜんたい        あ  し  ば          と          つ
安全帯を足場に取り付ける",,,,,,,,คล้องสายรัดตัวนิรภัยไว้กับนั่งร้าน,,,
3,,インサート,,,,いんさーと,,,"พุกฝังคอนกรีต, ปลั๊กฝัง คอนกรีต",,,,,,,,,,,,,,"せ  っ  ち
インサートをコンクリートに設置す                               るた
か た わ く          う           こ
め、型枠に打ち込む",,,,,,,,ตอกพุกฝังคอนกรีตติดกับแบบหล่อ คอนกรีตเพื่อติดตั้งในคอนกรีต,,,
4,,スペーサ,,,,すぺーさ,,,ลูกปูน,,,,,,,,,,,,,,"か た わ く                                            と          つ
型枠にスペーサを取り付ける",,,,,,,,ใส่ลูกปูนในแบบหล่อคอนกรีต,,,
5,,鉄筋,,,,てっきん,,,"เหล็กเสริม, เหล็กเสริมแรง",,,,,,,,,,,,,,"て っ き ん       か た わ く         す  き  ま        ちょうせい
鉄筋と型枠の隙間を調整する",,,,,,,,จัดระยะห่างระหว่างเหล็กเสริมกับ แบบหล่อคอนกรีต,,,
6,,電工ドラム（ドラム）,,,,でんこうどらむ（どらむ）,,,ล้อเก็บสายไฟ (โรล สายไฟ),,,,,,,,,,,,,,"で ん こ う                                                                  さ           こ
電工ドラムのコンセントに差し込む",,,,,,,,เสียบปลั๊กที่ล้อเก็บสายไฟ,,,
7,,電動丸のこ（電のこ）,,,,でんどうまるのこ（でんのこ）,,,"เลื่อยวงเดือนไฟฟ้า
(เลื่อยไฟฟ้า)",,,,,,,,,,,,,,"で ん ど う ま る                                                         せつだん
電動丸のこでコンパネを切断する",,,,,,,,ตัดไม้แบบด้วยเลื่อยวงเดือนไฟฟ้า,,,
8,,パッキン,,,,ぱっきん,,,วัสดุกันซึมรอยต่อ,,,,,,,,,,,,,,"し           こ
パッキンを敷き込む",,,,,,,,ปูวัสดุกันซึมรอยต่อ,,,
9,,小バール,,,,しょうばーる,,,ชะแลงขนาดเล็ก,,,,,,,,,,,,,,"しょう                               く ぎ          ぬ
小バールで釘を抜く",,,,,,,,ใช้ชะแลงขนาดเล็กถอนตะปู,,,
10,,大バール,,,,だいばーる,,,ชะแลงขนาดใหญ่,,,,,,,,,,,,,,"か た わく かい たい        だい                               し   よ   う
型枠解体に大バールを使用する",,,,,,,,ใช้ชะแลงขนาดใหญ่ในการถอดแบบ หล่อคอนกรีต,,,
11,,化粧合板,,,,けしょうごうはん,,,ไม้อัดเคลือบ,,,,,,,,,,,,,,"ひょうめん          う          はな         し     あ                                けしょうごうばん
表面は打ち放し仕上げのため化粧合
し   よ   う
板を使用する",,,,,,,,ใช้ไม้อัดเคลือบเนื่องจากพื้นผิว ด้านหน้าท าให้เสร็จแบบปล่อยเปลือย,,,
12,,普通合板,,,,ふつうごうはん,,,ไม้อัดธรรมดา,,,,,,,,,,,,,,"はいめん          そ     じ     し     あ                                ふ  つ  う  ご う ば ん
背面は素地仕上げのため普通合板を
し  よ   う
使用する",,,,,,,,ใช้ไม้อัดธรรมดาเนื่องจากพื้นผิว ด้านหลังท าให้เสร็จแบบเนื้อเดิม,,,
13,,スタイロフォーム,,,,すたいろふぉーむ,,,โฟม,,,,,,,,,,,,,,"か た わ くな い          と          つ
スタイロフォームを型枠内に取り付け
る",,,,,,,,ใส่โฟมอยู่ภายในแบบหล่อคอนกรีต,,,
14,,面木,,,,めんぎ,,,"สามเหลี่ยมลบมุม, บัวไม้ สามเหลี่ยม",,,,,,,,,,,,,,"か た わ く        めん   ぎ           と          つ
型枠に面木を取り付ける",,,,,,,,ติดสามเหลี่ยมลบมุมเข้ากับแบบหล่อ คอนกรีต,,,
15,,バイブレーター,,,,ばいぶれーたー,,,เครื่องสั่นคอนกรีต,,,,,,,,,,,,,,"し          かた
バイブレーターでコンクリートを締め固
める",,,,,,,,ท าการอัดแน่นคอนกรีตด้วยเครื่องสั่น คอนกรีต,,,
16,,剥離剤,,,,はくりざい,,,น้ ายาถอดแบบ,,,,,,,,,,,,,,"か た わ く                                      よ
コンクリートと型枠のはなれを良くする
は   く  り ざ い        し  よ   う
ために剥離剤を使用する",,,,,,,,ใช้น้ ายาถอดแบบเพื่อท าให้ถอดแบบ หล่อคอนกรีตออกจากคอนกรีตได้ง่าย ขึ้น,,,
17,,けこみ板,,,,けこみいた,,,ไม้บันไดลูกตั้ง,,,,,,,,,,,,,,"い た         と          つ
けこみ板を取り付ける",,,,,,,,ติดตั้งไม้บันไดลูกตั้ง,,,
18,,目地棒,,,,めじぼう,,,วัสดุกั้นให้เกิดแนวร่อง รอยต่อ,,,,,,,,,,,,,,"か た わ く          め     じ   ぼ う         と          つ
型枠に目地棒を取り付ける",,,,,,,,ในแบบหล่อคอนกรีตติดตั้งวัสดุกั้นให้ เกิดแนวร่องรอยต่อ,,,
19,,コンクリート,,,,こんくりーと,,,คอนกรีต,,,,,,,,,,,,,,"か た わ く                                                  なが         こ
型枠にコンクリートを流し込む",,,,,,,,เทคอนกรีตลงในแบบหล่อคอนกรีต,,,
20,,コンベックス,,,,こんべっくす,,,ตลับเมตร,,,,,,,,,,,,,,"す ん ぽ う       はか
コンベックスで寸法を測る",,,,,,,,วัดขนาดด้วยตลับเมตร,,,
21,,作業用手袋,,,,さぎょうようてぶくろ,,,ถุงมือส าหรับใช้ปฏิบัติงาน,,,,,,,,,,,,,,"さ ぎ ょ う よ う て ぶ く ろ       も ち              か た わ く さ ぎ ょ う
作業用手袋を用いて型枠作業をおこ
なう",,,,,,,,ใส่ถุงมือส าหรับใช้ปฏิบัติงานเมื่อ ท างานแบบหล่อคอนกรีต,,,
22,,差金,,,,さしがね,,,ฉากเหล็ก,,,,,,,,,,,,,,"さ し が ね        す ん ぽ う       はか
差金で寸法を測る",,,,,,,,วัดขนาดด้วยฉากเหล็ก,,,
23,,水平器,,,,すいへいき,,,"ระดับน้ า, เครื่องวัดระดับ",,,,,,,,,,,,,,"すい へい   き          かたむ           ちょうせい      すい へい
水平器で傾きを調整し水平にする",,,,,,,,ปรับความลาดเอียงเพื่อให้ได้ระนาบ ด้วยระดับน้ า,,,
24,,墨さし,,,,すみさし,,,ปากกาส าหรับใช้ตีเส้น,,,,,,,,,,,,,,"す み                   す み
墨さしを墨つぼにつける",,,,,,,,จุ่มปลายปากกาส าหรับใช้ตีเส้นในบัก เต้าตีเส้น,,,
25,,墨つぼ,,,,すみつぼ,,,บักเต้าตีเส้น,,,,,,,,,,,,,,"す み                    す み
墨さしを墨つぼにつける",,,,,,,,จุ่มปลายปากกาส าหรับใช้ตีเส้นในบัก เต้าตีเส้น,,,
1,,"丸セパレーター
（丸セパ）",,,,"まるせぱれーたー
（まるせぱ）",,,อุปกรณ์ยึดแบบระบบ ฟอร์มไท (ฟอร์มไท),,,,,,,,,,,,,,"ま る                                                か た わ く        こ  て  い
丸セパレーターで型枠を固定する",,,,,,,,ยึดแบบหล่อคอนกรีตด้วยระบบฟอร์ม ไท,,,
2,,天端釘,,,,てんばくぎ,,,หมุดช่วยในการปรับระดับ สันคอนกรีตฐานราก,,,,,,,,,,,,,,"て ん        て ん   ば   く ぎ          う
コンクリート天に天端釘を打つ",,,,,,,,ปักหมุดช่วยในการปรับระดับสัน คอนกรีตฐานรากที่ด้านบนของคอนกรีต,,,
3,,ケレン,,,,けれん,,,ท าความสะอาด,,,,,,,,,,,,,,"ひょうめん
コンパネの表面をけれんする",,,,,,,,ท าความสะอาดพื้นผิวของไม้แบบ,,,
4,,型枠支保工,,,,かたわくしほこう,,,ค้ ายัน,,,,,,,,,,,,,,"か  た  わ  く  し  ほ  こ  う         こ   う   じ        おこな
型枠支保工の工事を行う",,,,,,,,งานก่อสร้างค้ ายัน,,,
5,,"基礎型枠
（メタルフォーム）",,,,"きそかたわく
（めたるふぉーむ）",,,"แบบหล่อคอนกรีตฐานราก
(แบบเหล็ก)",,,,,,,,,,,,,,"き     そ   か た わ く        く  み  た
基礎型枠を組立てる",,,,,,,,ประกอบแบบหล่อคอนกรีตฐานราก ด้วยแบบเหล็ก,,,
6,,釘仕舞い,,,,くぎしまい,,,ถอนตะปูออกและจัดเก็บ หลังจบงาน,,,,,,,,,,,,,,"か た わ く                                   く ぎ   し     ま
型枠をばらして釘仕舞いをする",,,,,,,,รื้อถอนแบบหล่อคอนกรีตแล้วถอน ตะปูออกและจัดเก็บหลังจบงาน,,,
7,,スラブ天端,,,,すらぶてんば,,,ระดับบนสุดของพื้น,,,,,,,,,,,,,,"て ん   ば
スラブ天端をそろえる",,,,,,,,ท าให้ระดับพื้นโครงสร้างเสมอกัน,,,
8,,高さ（タッパ）,,,,たかさ（たっぱ）,,,ความสูง (ส่วนสูง),,,,,,,,,,,,,,"た か                                           は か
高さ（タッパ）を測る",,,,,,,,วัดความสูง (ส่วนสูง),,,
9,,建込み,,,,たてこみ,,,ประกอบวัสดุก่อสร้างใน แนวตั้งที่ต าแหน่งตามที่ ก าหนดในแบบ,,,,,,,,,,,,,,"か た わ く        た  て  こ
型枠を建込みする",,,,,,,,ประกอบแบบหล่อคอนกรีตในแนวตั้ง ที่ต าแหน่งตามที่ก าหนดในแบบ,,,
10,,通り,,,,とおり,,,เป็นแนวเส้นตรง,,,,,,ปรับแก้สิ่งที่บิดเบี้ยว สิ่งที่กีดขวาง ฯลฯ ให้อยู่ในสภาพปกติ,,,,,,,,"と お                よ
通りを良くする",,,,,,,,ปรับให้เป็นแนวเส้นตรง,,,
11,,蹴上げ,,,,けあげ,,,ความสูงของขั้นบันได,,,,,,ความสูงของขั้นบันไดหนึ่งขั้น,,,,,,,,"き                                  け     あ          す ん ぽ う         か た わ く        く  み  た
決められた蹴上げ寸法で型枠を組立
てる",,,,,,,,ประกอบแบบหล่อคอนกรีตของ ขั้นบันไดตามความสูงที่ก าหนด,,,
12,,蹴込み,,,,けこみ,,,ส่วนที่ขั้นบันไดเหลื่อมกัน,,,,,,,,,,,,,,"き                                け     こ          す ん ぽ う        か た わ く        く  み  た
決められた蹴込み寸法で型枠を組立
てる",,,,,,,,ประกอบแบบหล่อคอนกรีตตามขนาด ของส่วนที่ขั้นบันไดเหลื่อมกันตามที่ ก าหนด,,,
13,,工具の手入れ,,,,こうぐのていれ,,,ดูแลรักษาเครื่องมือ,,,,,,,,,,,,,,"こ   う   ぐ           て     い
工具の手入れをおこたらない",,,,,,,,ไม่ละเลยในการดูแลรักษาเครื่องมือ,,,
14,,下げ振り,,,,さげふり,,,สายดิ่ง,,,,,,,,,,,,,,"さ            ふ               すいちょく       か く に ん
下げ振りで垂直を確認する",,,,,,,,ตรวจสอบยืนยันเส้นแนวดิ่งด้วยสายดิ่ง,,,
15,,地墨,,,,じずみ,,,"ท าเครื่องหมายเพื่อ
ก าหนดต าแหน่งก่อสร้าง บนพื้นฐานราก",,,,,,,,,,,,,,"じ   ず み         あ                        か た わ く         と          つ
地墨に合わせて型枠を取り付ける",,,,,,,,ติดตั้งแบบหล่อคอนกรีตตาม เครื่องหมายก าหนดต าแหน่งก่อสร้าง บนพื้นฐานราก,,,
16,,捨てコンクリート,,,,すてこんくりーと,,,"การเทลีน, การเทคอนกรีต เพื่อปรับผิวหน้าดิน",,,,,,,,,,,,,,"す                                                      と          わ く        せ  っ  ち
捨てコンクリートの止め枠を設置す                               る",,,,,,,,ติดตั้งแผงกั้นส าหรับการเทลีน,,,
17,,はね出し,,,,はねだし,,,ส่วนที่ยื่นออกมา,,,,,,สภาพของแผ่นพื้นทางเดินข้างหนึ่ง ของนั่งร้านที่ยื่นออกมาอย่างมากจาก ส่วนที่รองรับ หากเหยียบขึ้นไปโดยไม่ รู้อาจตกได้ ซึ่งเปนอันตรายอย่างยิ่ง,,,,,,,,"かべ                              だ                                   か た わ く        く  み  た
壁からはね出してスラブ型枠を組立て
る",,,,,,,,ประกอบแบบหล่อคอนกรีตของแผ่น พื้นแบนที่ยื่นออกมาจากผนัง,,,
18,,はらみ,,,,はらみ,,,เบ่งบวม,,,,,,,,,,,,,,"だ  せ  つ ちゅう       か た わ く
コンクリート打設中に型枠のはらみを
か く に ん
確認する",,,,,,,,ตรวจสอบความเบ่งบวมของแบบหล่อ คอนกรีตระหว่างการเทคอนกรีต,,,
19,,前面,,,,まえつら,,,ด้านหน้า,,,,,,,,,,,,,,"ま え つ ら       そ ろ
前面を揃える",,,,,,,,ท าให้ด้านหน้าเสมอกัน,,,
20,,養生,,,,ようじょう,,,บ่ม,,,,,,,,,,,,,,"だ  せ  つ   ご         ようじょう
コンクリート打設後に養生をおこなう",,,,,,,,ท าการบ่มคอนกรีตหลังเท,,,
21,,レベル,,,,れべる,,,"ระดับ, เครื่องวัดระนาบ",,,,,,,,,,,,,,"そくりょう
レベルを測量する",,,,,,,,วัดระดับ,,,
22,,割付,,,,わりつけ,,,การแบ่งพื้นที่บนแบบ แปลนเพื่อก าหนดจุด ติดตั้งอย่างถูกต้อง,,,,,,,,,,,,,,"か た わ く         わ          つ
型枠を割り付ける",,,,,,,,แบ่งพื้นที่บนแบบแปลนเพื่อก าหนด จุดติดตั้งแบบหล่อคอนกรีต,,,
23,,埋め込み金物,,,,うめこみかなもの,,,อุปกรณ์โลหะแบบฝังอยู่ ในคอนกรีต เพื่อเป็น รากฐานของตัวยึดส าหรับ ติดตั้งอุปกรณ์ต่างๆ,,,,,,,,,,,,,,"か た わ く                                                  う            こ          か な もの
型枠にはあらかじめ埋め込み金物を
と          つ
取り付ける",,,,,,,,ติดตั้งอุปกรณ์โลหะแบบฝังอยู่ในแบบ หล่อคอนกรีตไว้ล่วงหน้า เพื่อเป็น รากฐานของตัวยึดส าหรับติดตั้ง อุปกรณ์ต่างๆ,,,
24,,解体する（バラス）,,,,かいたいする（ばらす）,,,รื้อถอน (ถอดเป็นชิ้นๆ),,,,,,,,,,,,,,"か た わ く       かいたい
型枠を解体する（バラス）",,,,,,,,รื้อถอนแบบหล่อคอนกรีต (ถอดเป็น ชิ้นๆ),,,
25,,かぶり寸法,,,,かぶりすんぽう,,,"ระยะคอนกรีตหุ้มผิวเหล็ก, ระยะหุ้มของคอนกรีต",,,,,,,,,,,,,,"て っ き ん       か た わ く                             す ん ぽ う        か く に ん
鉄筋と型枠のかぶり寸法を確認する",,,,,,,,ตรวจสอบความหนาระยะคอนกรีตหุ้ม ผิวเหล็กของเหล็กเสริมกับแบบหล่อ คอนกรีต,,,
1,,異形棒鋼,,,,いけいぼうこう,,,เหล็กข้ออ้อย,,,,,,เป็นเหล็กเสริมที่ใช้ทั่วไปในญี่ปุ่น,,,,,,,,"い  け  い ぼ う こ う       も ち
異形棒鋼を用いる",,,,,,,,ใช้เหล็กข้ออ้อย,,,
2,,結束線,,,,けっそくせん,,,ลวดผูกเหล็ก,,,,,,,,,,,,,,"け っ そ く せん        て っ き ん       し ば
結束線で鉄筋を縛る",,,,,,,,ผูกเหล็กเสริมด้วยลวดผูกเหล็ก,,,
3,,結束工具,,,,けっそくこうぐ,,,เครื่องมือที่ใช้การผูกเหล็ก,,,,,,เรียกว่า 「ตะขอ (ฮัคคา)」ด้วย,,,,,,,,"け っ そ く  こ   う   ぐ        も ち              て っ き ん       し ば
結束工具を用いて鉄筋を縛る",,,,,,,,ใช้เครื่องมือผูกเหล็กในการผูกเหล็ก เสริม,,,
4,,鉄筋切断機,,,,てっきんせつだんき,,,เครื่องตัดเหล็กเสริม,,,,,,,,,,,,,,"て っ き ん せ  つ  だ  ん  き         て っ き ん       せつだん
鉄筋切断機で鉄筋を切断する",,,,,,,,ตัดเหล็กเสริมด้วยเครื่องตัดเหล็กเสริม,,,
5,,鉄筋曲げ加工機,,,,てっきんまげかこうき,,,เครื่องดัดเหล็กเสริม,,,,,,,,,,,,,,"て っ き ん   ま           か  こ  う    き          て っ き ん         ま
鉄筋曲げ加工機で鉄筋を曲げる",,,,,,,,ดัดเหล็กเสริมด้วยเครื่องดัดเหล็กเสริม,,,
6,,フック,,,,ふっく,,,"ดัดโค้ง, ดัดงอเป็นขอ",,,,,,,,,,,,,,"て っ き ん た  ん  ぶ
鉄筋端部にフックをつける",,,,,,,,ดัดปลายเหล็กเสริมให้งอเป็นขอ,,,
7,,保護帽（ヘルメット）,,,,ほごぼう（へるめっと）,,,หมวกนิรภัย (หมวกเซฟตี้),,,,,,,,,,,,,,"ほ     ご   ぼ う                             さ ぎ ょ う          と           か
保護帽をかぶり作業に取り掛かる",,,,,,,,สวมหมวกนิรภัยและเริ่มลงมือ ปฏิบัติงาน,,,
8,,アンカー,,,,あんかー,,,สมอ,,,,,,ย่อมาจาก 「สมอและเหล็กเดือย (ซา ชิคินอังคา)」อาจเรียกว่า「เหล็กเดือย (ซาชิคิน)」,,,,,,,,"せ  っ  ち
アンカーを設置する",,,,,,,,ติดตั้งสมอ,,,
9,,加工場,,,,かこうば,,,โรงแปรรูป,,,,,,,,,,,,,,"げ  ん  ば はんにゅうまえ        か  こ  う   ば           て っ き ん         か  こ  う
現場搬入前に加工場で鉄筋を加工
する",,,,,,,,แปรรูปเหล็กเสริมที่โรงแปรรูปก่อน ล าเลียงไปที่ไซต์งาน,,,
10,,スペーサ―,,,,すぺーさー,,,ลูกปูน,,,,,,,,,,,,,,"て っ き ん                             あ つ              た も
鉄筋のかぶり厚さを保つためスペー
つか
サーを使う",,,,,,,,ใช้ลูกปูนเพื่อท าให้ระยะคอนกรีตหุ้ม ผิวเหล็กของเหล็กเสริมมีความหนา,,,
11,,ドーナツ,,,,どーなつ,,,ลูกปูนกลม,,,,,,,,,,,,,,"かべ        て っ き ん                      あ つ                                                つか
壁の鉄筋かぶり厚さはドーナツを使う",,,,,,,,ใช้ลูกปูนกลมในการท าให้ระยะ คอนกรีตหุ้มผิวเหล็กของเหล็กเสริม ของผนังมีความหนา,,,
12,,加工配筋図,,,,かこうはいきんず,,,แบบการวางและดัดเหล็ก เสริม,,,,,,,,,,,,,,"か  こ  う は い き ん   ず   ど お              く  み  た
加工配筋図通りに組立てる",,,,,,,,ประกอบตามแบบการวางและดัดเหล็ก เสริม,,,
13,,配筋詳細図,,,,はいきんしょうさいず,,,แบบละเอียดของการวาง เหล็กเสริม,,,,,,,,,,,,,,"は い き んしょうさい  ず   ど お             く み   た
配筋詳細図通りに組立てる",,,,,,,,ประกอบตามแบบละเอียดของการวาง เหล็กเสริม,,,
14,,開口補強筋,,,,かいこうほきょうきん,,,การเสริมเหล็กช่องเปิด,,,,,,,,,,,,,,"ま ど か い こ う   ぶ          か い こ う ほ き ょ う き ん       ぐ み   た
窓開口部は開口補強筋を組立てる",,,,,,,,ท าการเสริมเหล็กช่องเปิดที่ช่องเปิด หน้าต่าง,,,
15,,幅止め筋,,,,はばどめきん,,,เหล็กเสริมที่ใส่เพิ่มเมื่อมี การผูกเหล็กเสริมสองชั้น เพื่อยึดให้ระยะห่างระหว่าง เหล็กคงที่,,,,,,,,,,,,,,"はば   ど          き ん         と          つ
幅止め筋を取り付ける",,,,,,,,ติดตั้งเหล็กเสริมที่ใส่เพิ่มเมื่อมีการผูก เหล็กเสริมสองชั้นเพื่อยึดให้ระยะห่าง ระหว่างเหล็กคงที่,,,
16,,差筋,,,,さしきん,,,เหล็กเดือย,,,,,,,,,,,,,,"さ し き ん
コンクリートに差筋をする",,,,,,,,ใส่เหล็กเดือยในคอนกรีต,,,
17,,柱主筋,,,,はしらしゅきん,,,"เหล็กเสริมหลักในเสา, เหล็กยืน",,,,,,,,,,,,,,"はしらしゅきん       ぐ み   た
柱主筋を組立てる",,,,,,,,ติดตั้งเหล็กเสริมหลักในเสา,,,
18,,柱配筋,,,,はしらはいきん,,,การวางเหล็กเสริมในเสา,,,,,,,,,,,,,,"はしらはいきん         ず   めん        か く に ん
柱配筋を図面で確認する",,,,,,,,ตรวจยืนยันการวางเหล็กเสริมในเสา กับแบบ,,,
19,,スラブ筋,,,,すらぶきん,,,เหล็กเสริมในพื้น,,,,,,,,,,,,,,"き ん        し ょ て い                                   く  み  た
スラブ筋を所定のピッチで組立てる",,,,,,,,ติดตั้งเหล็กเสริมในพื้นตามระยะห่างที่ ก าหนด,,,
20,,ベース筋,,,,べーすきん,,,เหล็กเสริมในฐานราก,,,,,,,,,,,,,,"き ん        く  み  た
ベース筋を組立てる",,,,,,,,ติดตั้งเหล็กเสริมในฐานราก,,,
21,,帯筋（フープ）,,,,おびきん（ふーぷ）,,,เหล็กปลอกเสา (เหล็ก ปลอกรัดรอบ),,,,,,,,,,,,,,"おびき ん        く  み  た
帯筋を組立てる",,,,,,,,ติดตั้งเหล็กปลอกเสา,,,
22,,下端筋,,,,したばきん,,,เหล็กเสริมล่าง,,,,,,,,,,,,,,"し  た  ば き ん        く  み  た
下端筋を組立てる",,,,,,,,ติดตั้งเหล็กเสริมล่าง,,,
23,,上端筋,,,,うわばきん,,,เหล็กเสริมบน,,,,,,,,,,,,,,"う  わ  ば き ん        く  み  た
上端筋を組立てる",,,,,,,,ติดตั้งเหล็กเสริมบน,,,
24,,主筋,,,,しゅきん,,,เหล็กเสริมหลัก,,,,,,,,,,,,,,"し ゅ き ん        く  み  た
主筋を組立てる",,,,,,,,ติดตั้งเหล็กเสริมหลัก,,,
25,,あばら筋,,,,あばらきん,,,เหล็กปลอกคาน,,,,,,,,,,,,,,"き ん        く  み  た
あばら筋を組立てる",,,,,,,,ติดตั้งเหล็กปลอกคาน（ST),,,
1,,はかま筋,,,,はかまきん,,,เหล็กเสริมครอบเหล็ก เสริมในฐานราก,,,,,,,,,,,,,,"き ん        く  み  た
はかま筋を組立てる",,,,,,,,ติดตั้งเหล็กเสริมครอบเหล็กเสริมใน ฐานราก,,,
2,,縦筋,,,,たてきん,,,เหล็กเสริมแนวตั้ง,,,,,,,,,,,,,,"た て き ん        く  み  た
縦筋を組立てる",,,,,,,,ติดตั้งเหล็กเสริมแนวตั้ง,,,
3,,下筋,,,,したきん,,,เหล็กเสริมล่าง,,,,,,,,,,,,,,"し た き ん        く  み  た
下筋を組立てる",,,,,,,,ติดตั้งเหล็กเสริมล่าง,,,
4,,横筋,,,,よこきん,,,เหล็กเสริมแนวนอน,,,,,,,,,,,,,,"よ こ き ん        く  み  た
横筋を組立てる",,,,,,,,ติดตั้งเหล็กเสริมแนวนอน,,,
5,,腹筋,,,,はらきん,,,เหล็กเสริมที่เรียงขนานกับ เหล็กเสริมหลัก,,,,,,,,,,,,,,"は ら き ん        く  み  た
腹筋を組立てる",,,,,,,,ติดตั้งเหล็กเสริมที่เรียงขนานกับเหล็ก เสริมหลัก,,,
6,,配力筋,,,,はいりょくきん,,,เหล็กเสริมที่ตั้งฉากกับ เหล็กเสริมหลักที่รับแรง,,,,,,,,,,,,,,"はいりょくきん        く  み  た
配力筋を組立てる",,,,,,,,ติดตั้งเหล็กเสริมที่ตั้งฉากกับเหล็ก เสริมหลักที่รับแรง,,,
7,,上筋,,,,うわきん,,,เหล็กเสริมบน,,,,,,,,,,,,,,"う わ き ん        く  み  た
上筋を組立てる",,,,,,,,ติดตั้งเหล็กเสริมบน,,,
8,,スパイラル筋,,,,すぱいらるきん,,,เหล็กปลอกเกลียว,,,,,,,,,,,,,,"き ん        た い し んへ き          と           つ
スパイラル筋を耐震壁に取り付ける",,,,,,,,ติดตั้งเหล็กปลอกเกลียวในก าแพงที่ ทนต่อแรงสั่นสะเทือนแผ่นดินไหว,,,
9,,鉄筋径,,,,てっきんけい,,,เส้นผ่านศูนย์กลางของ เหล็กเสริม,,,,,,,,,,,,,,"て っ き ん け い        せ っ け い  と   し   ょ         と お
鉄筋径は設計図書の通りである",,,,,,,,เส้นผ่านศูนย์กลางของเหล็กเสริม ตามที่ระบุอยู่ในแบบและรายละเอียด วัสดุ,,,
10,,かぶり厚さ,,,,かぶりあつさ,,,"ความหนาของระยะ คอนกรีตหุ้มผิวเหล็ก, ความหนาของระยะหุ้ม ของคอนกรีต",,,,,,,,,,,,,,"あ つ              か く に ん
かぶり厚さを確認する",,,,,,,,ตรวจสอบความหนาของระยะ คอนกรีตหุ้มผิวเหล็ก,,,
11,,角度,,,,かくど,,,มุม,,,,,,,,,,,,,,"か  く  ど        か く に ん
角度を確認する",,,,,,,,ตรวจสอบมุม,,,
12,,シングル,,,,しんぐる,,,เหล็กเสริมชั้นเดียว,,,,,,,,,,,,,,"て っ き ん                                   は い き ん         く  み  た
鉄筋はシングル配筋で組立てる",,,,,,,,เหล็กเสริมติดตั้งด้วยเหล็กเสริมชั้น เดียว,,,
13,,ダブル,,,,だぶる,,,เหล็กเสริมสองชั้น,,,,,,,,,,,,,,"は い き ん
スラブはダブル配筋とする",,,,,,,,พื้นเป็นเหล็กเสริมสองชั้น,,,
14,,千鳥結束,,,,ちどりけっそく,,,เหล็กเสริมสองชั้นผูกสลับ,,,,,,,,,,,,,,"て っ き ん        ち   ど  り  け っ そ く
鉄筋は千鳥結束する",,,,,,,,เหล็กเสริมเป็นเหล็กเสริมสองชั้นผูก สลับ,,,
15,,切断寸法,,,,せつだんすんぽう,,,ขนาดความยาวของการตัด,,,,,,,,,,,,,,"せつだんす ん ぽ う        て っ き ん       せつだん
切断寸法で鉄筋を切断する",,,,,,,,ตัดเหล็กเสริมตามขนาดความยาวของ การตัด,,,
16,,加工寸法,,,,かこうすんぽう,,,ขนาดการแปรรูป,,,,,,,,,,,,,,"か  こ  う  す ん ぽ うど お             て っ き ん        か  こ  う
加工寸法通りに鉄筋を加工する",,,,,,,,แปรรูปเหล็กเสริมตามขนาดการแปรรูป,,,
17,,重ね継手,,,,かさねつぎて,,,การต่อทาบเหล็ก,,,,,,,,,,,,,,"て っ き ん  ど  う  し         か さ         つ  ぎ  て
鉄筋同士は重ね継手とする",,,,,,,,ต่อเหล็กเสริมเข้าด้วยกันด้วยการต่อ ทาบเหล็ก,,,
18,,圧接継手,,,,あっせつつぎて,,,การต่อเหล็กด้วยการเชื่อม แก๊สและแรงดัน,,,,,,,,,,,,,,"て っ き ん  ど  う  し        あ っ せ つ つ  ぎ  て
鉄筋同士は圧接継手とする",,,,,,,,ต่อเหล็กเสริมเข้าด้วยกันด้วยการ เชื่อมแก๊สและแรงดัน,,,
19,,開口部,,,,かいこうぶ,,,ช่องเปิด,,,,,,,,,,,,,,"か  い  こ  う  ぶ               か い こ う ほ き ょ う き ん         と          つ
開口部には開口補強筋を取り付ける",,,,,,,,ที่ช่องเปิดให้ท าการเสริมเหล็กช่องเปิด,,,
20,,溶接金網,,,,ようせつかなあみ,,,ตะแกรงเหล็กเชื่อม,,,,,,,,,,,,,,"ど     ま   は い き ん        よ う せ つ かなあみ        し  よ   う
土間配筋は溶接金網を使用する",,,,,,,,การจัดเรียงเหล็กเสริมของพื้นบ้านที่ ไม่ได้ยกพื้น(ที่ญี่ปุ่นแม้จะเป็นส่วน หนึ่งของพื้นที่ในตัวบ้านแต่ใส่รองเท้า) ใช้ตะแกรงเหล็กเชื่อม,,,
21,,搬出,,,,はんしゅつ,,,ล าเลียงออก,,,,,,,,,,,,,,"の こ              て っ き ん        げ  ん  ば              はんしゅつ
残った鉄筋を現場から搬出する",,,,,,,,ล าเลียงเหล็กเสริมที่เหลือออกจาก ไซต์งาน,,,
22,,搬入,,,,はんにゅう,,,ล าเลียงเข้า,,,,,,,,,,,,,,"て っ き ん        げ  ん  ば        はんにゅう
鉄筋を現場に搬入する",,,,,,,,ล าเลียงเหล็กเสริมเข้ามาที่ไซต์งาน,,,
23,,基礎,,,,きそ,,,ฐานราก,,,,,,หมายถึงรากฐานของสิ่งก่อสร้าง,,,,,,,,"き     そ          は い き ん
基礎の配筋をおこなう",,,,,,,,ท าการวางเหล็กเสริมของฐานราก,,,
24,,機械式継手,,,,きかいしきつぎて,,,ข้อต่อเหล็กเชิงกล,,,,,,,,,,,,,,"て っ き ん  ど  う  し         き  か  い  し  き  つ  ぎ  て
鉄筋同士は機械式継手とする",,,,,,,,ต่อเหล็กเสริมเข้าด้วยกันด้วยข้อต่อ เหล็กเชิงกล,,,
25,,配筋検査,,,,はいきんけんさ,,,การตรวจสอบการจัดวาง เหล็กเสริม,,,,,,,,,,,,,,"せ っ け い か ん り し ゃ                    は い き ん け  ん  さ         ご う か く
設計監理者による配筋検査に合格す
る",,,,,,,,ผ่านการตรวจสอบการจัดวางเหล็ก เสริมจากผู้ควบคุมงานออกแบบ,,,
1,,トラクタ,,,,とらくた,,,รถแทรกเตอร์,,,,,,"เรียกรถแทรกเตอร์ที่ติดส่วนที่ท ำงำน
(อุปกรณ์) ว่ำ รถดันดิน รถตัก เป็นต้น",,,,,,,,,,,,,,,,,,,
2,,ブルドーザ,,,,ぶるどーざ,,,รถดันดิน,,,,,,เป็นเครื่องจักรกลที่เป็นรถแทรกเตอร์ ที่มีใบมีดติดอยู่,,,,,,,,,,,,,,,,,,,
3,,トラクタショベル,,,,とらくたしょべる,,,รถตัก,,,,,,เป็นเครื่องจักรกลที่เป็นรถแทรกเตอร์ ติดบุ้งกี๋ มีแบบล้อตะขำบและล้อยำง,,,,,,,,,,,,,,,,,,,
4,,ホイルローダ,,,,ほいるろーだ,,,รถตักล้อยำง,,,,,,"รถตักแบบล้อยำง(ระบบขับเคลื่อน 4
ล้อ)",,,,,,,,,,,,,,,,,,,
5,,ダンプトラック,,,,だんぷとらっく,,,รถบรรทุกเทท้ำย,,,,,,,,,,,,,,,,,,,,,,,,,
6,,油圧ショベル,,,,ゆあつしょべる,,,รถขุดระบบไฮดรอลิก,,,,,,เป็นเครื่องจักรกลที่มีส่วนที่ท ำงำนขุด ตักซึ่งท ำงำนได้หลำยอย่ำงหำก เปลี่ยนส่วนที่ท ำงำน(อุปกรณ์) อื่นๆ,,,,,,,,,,,,,,,,,,,
7,,バックホウ,,,,ばっくほう,,,รถแบคโฮ,,,,,,เป็นรถที่พบเห็นมำกที่สุดในบรรดำรถ ขุดตักไฮดรอลิก ใช้ในกำรขุดลงไป ใต้พื้นดิน,,,,,,,,,,,,,,,,,,,
8,,ローディングショベル,,,,ろーでぃんぐしょべる,,,รถขุดขนำดใหญ่,,,,,,"เป็นรถขุดไฮดรอลิกชนิดหนึ่ง ใช้
ส ำหรับขนย้ำยดิน ทรำย และหินบน พื้นดิน",,,,,,,,,,,,,,,,,,,
9,,ローラ,,,,ろーら,,,รถบดดิน,,,,,,,,,,,,,,,,,,,,,,,,,
10,,バケット,,,,ばけっと,,,บุ้งกี๋,,,,,,,,,,,,,,,,,,,,,,,,,
11,,ブーム,,,,ぶーむ,,,บูม,,,,,,,,,,,,,,,,,,,,,,,,,
12,,アーム,,,,あーむ,,,อำร์ม,,,,,,,,,,,,,,,,,,,,,,,,,
13,,ブレード（排土板）,,,,ぶれーど（はいどばん）,,,ใบมีด(ใบดันดิน),,,,,,,,,,,,,,,,,,,,,,,,,
14,,タイヤ,,,,たいや,,,ยำงรถ,,,,,,,,,,,,,,,,,,,,,,,,,
15,,クローラ,,,,くろーら,,,ตีนตะขำบ,,,,,,,,,,,,,,,,,,,,,,,,,
16,,キー（鍵）,,,,きー（かぎ）,,,คีย์ (กุญแจ),,,,,,,,,,,,,,"く る ま   か ぎ
車の鍵",,,,,,,,กุญแจรถยนต์,,,
17,,"作業装置
（アタッチメント）",,,,"さぎょうそうち
（あたっちめんと）",,,ส่วนที่ท ำงำน(อุปกรณ์),,,,,,,,,,,,,,,,,,,,,,,,,
18,,エンジン,,,,えんじん,,,เครื่องยนต์,,,,,,,,,,,,,,"き
エンジンをかける、エンジンを切る",,,,,,,,สตำร์ทเครื่องยนต์ ดับเครื่องยนต์,,,
19,,ディーゼルエンジン,,,,でぃーぜるえんじん,,,เครื่องยนต์ดีเซล,,,,,,,,,,,,,,,,,,,,,,,,,
20,,エンジンオイル,,,,えんじんおいる,,,น้ ำมันเครื่อง,,,,,,,,,,,,,,,,,,,,,,,,,
21,,"オルタネータ
（充電発電機）",,,,"おるたねーた
（じゅうでんはつでんき）",,,"อัลเทอร์เนเตอร์, ไดชำร์จ (เครื่องปั่นไฟและสำมำรถ ชำร์จไฟเข้ำแบตเตอรี่)",,,,,,,,,,,,,,,,,,,,,,,,,
22,,バッテリ,,,,ばってり,,,แบตเตอรี่,,,,,,,,,,,,,,,,,,,,,,,,,
23,,燃料,,,,ねんりょう,,,เชื้อเพลิง,,,,,,,,,,,,,,,,,,,,,,,,,
24,,軽油,,,,けいゆ,,,น้ ำมันดีเซล,,,,,,,,,,,,,,,,,,,,,,,,,
25,,ブレーキ,,,,ぶれーき,,,เบรค,,,,,,,,,,,,,,"ふ
ブレーキを踏む",,,,,,,,เหยียบเบรค,,,
1,,油圧シリンダ,,,,ゆあつしりんだ,,,กระบอกสูบไฮดรอลิก,,,,,,,,,,,,,,,,,,,,,,,,,
2,,油圧モータ,,,,ゆあつもーた,,,มอเตอร์ไฮดรอลิก,,,,,,,,,,,,,,,,,,,,,,,,,
3,,油圧ポンプ,,,,ゆあつぽんぷ,,,ปั๊มไฮดรอลิก,,,,,,,,,,,,,,,,,,,,,,,,,
4,,水漏れ,,,,みずもれ,,,น้ ำรั่ว,,,,,,,,,,,,,,,,,,,,,,,,,
5,,油漏れ,,,,あぶらもれ,,,น้ ำมันรั่ว,,,,,,,,,,,,,,,,,,,,,,,,,
6,,冷却水,,,,れいきゃくすい,,,น้ ำหล่อเย็น,,,,,,,,,,,,,,,,,,,,,,,,,
7,,ブレーキ液,,,,ぶれーきえき,,,น้ ำมันเบรค,,,,,,,,,,,,,,,,,,,,,,,,,
8,,燃料タンク,,,,ねんりょうたんく,,,ถังน้ ำมัน,,,,,,,,,,,,,,,,,,,,,,,,,
9,,ファンベルト,,,,ふぁんべると,,,สำยพำนพัดลมหม้อน้ ำ,,,,,,,,,,,,,,,,,,,,,,,,,
10,,空気圧,,,,くうきあつ,,,แรงดันลมยำง,,,,,,,,,,,,,,,,,,,,,,,,,
11,,クラッチ,,,,くらっち,,,คลัตช์,,,,,,,,,,,,,,,,,,,,,,,,,
12,,急発進,,,,きゅうはっしん,,,เหยียบคันเร่งออกตัวทันที,,,,,,,,,,,,,,,,,,,,,,,,,
13,,急ブレーキ,,,,きゅうぶれーき,,,กดเบรคให้ควำมเร็วลดลง ทันที,,,,,,,,,,,,,,,,,,,,,,,,,
14,,アイドリング,,,,あいどりんぐ,,,สภำวะของเครื่องยนต์ที่ หมุนด้วยอัตรำรอบต่ ำสุด เปล่ำๆ,,,,,,,,,,,,,,"て  い  し
エンジンを停止するときはアイドリング
と
したあとに止める",,,,,,,,เวลำจะหยุดเครื่องยนต์ ปล่อยให้ เครื่องยนต์หมุนด้วยอัตรำรอบต่ ำสุด เปล่ำๆแล้วจึงหยุด,,,
15,,走行,,,,そうこう,,,รถแล่น,,,,,,,,,,,,,,,,,,,,,,,,,
16,,旋回,,,,せんかい,,,หมุน,,,,,,,,,,,,,,,,,,,,,,,,,
17,,安全ロック,,,,あんぜんろっく,,,เซฟตี้ล็อค,,,,,,,,,,,,,,,,,,,,,,,,,
18,,安全支柱,,,,あんぜんしちゅう,,,เสำค้ ำเพื่อควำมปลอดภัย,,,,,,,,,,,,,,,,,,,,,,,,,
19,,補給（する）,,,,ほきゅう（する）,,,(กำร)เติม,,,,,,,,,,,,,,"ねんりょう       ほ き ゅ う
エンジンをかけたまま燃料を補給し                               て
はいけない",,,,,,,,ห้ำมเติมน้ ำมันในขณะที่ติดเครื่องอยู่,,,
20,,駐車（する）,,,,ちゅうしゃ（する）,,,(กำร)จอดรถ,,,,,,,,,,,,,,,,,,,,,,,,,
21,,歩行者,,,,ほこうしゃ,,,คนเดินเท้ำ,,,,,,,,,,,,,,,,,,,,,,,,,
22,,車両,,,,しゃりょう,,,ยำนพำหนะมีล้อที่วิ่งบนบก,,,,,,,,,,,,,,,,,,,,,,,,,
23,,死角,,,,しかく,,,จุดบอด,,,,,,หมำยถึงจุดที่มองไม่เห็น,,,,,,,,,,,,,,,,,,,
24,,斜面,,,,しゃめん,,,"ทำงลำด, พื้นที่ลำดเอียง",,,,,,,,,,,,,,"や ま   の   し ゃ め ん       の ぼ
山の斜面を上る",,,,,,,,ปีนขึ้นไปตำมควำมลำดชันของภูเขำ,,,
25,,転圧（する）,,,,てんあつ（する）,,,(กำร)บดอัด,,,,,,,,,,,,,,"て ん あ つ さ ぎ ょ う
ローラで転圧作業をする",,,,,,,,ท ำงำนบดอัดด้วยรถบด,,,
1,,接触（する）,,,,せっしょく（する）,,,การชน (ชน),,,,,,,,,,,,,,"じ ゅ う き        せっしょく
重機に接触してけがをする",,,,,,,,ชนเครื่องจักรกลหนักท ำให้บำดเจ็บ,,,
2,,作動（する）,,,,さどう（する）,,,การท างาน (ท างาน),,,,,,,,,,,,,,"か  さ  い  ほ   う  ち    き            さ  ど   う
火災報知器が作動する",,,,,,,,อุปกรณ์เตือนอัคคีภัยท ำงำน,,,
3,,整備（する）,,,,せいび（する）,,,การซ่อมบ ารุง (ซ่อมบ ารุง),,,,,,,,,,,,,,"しゃりょう         せ  い  び
車両の整備をする",,,,,,,,ซ่อมบ ำรุงยำนพำหนะ,,,
4,,点検（する）,,,,てんけん（する）,,,การตรวจเช็ค (ตรวจเช็ค),,,,,,,,,,,,,,"さ ぎ ょ う ま え         こ   う   ぐ        て ん け ん
作業前に工具を点検する",,,,,,,,ตรวจเช็คเครื่องมือก่อนเริ่มปฎิบัติงำน,,,
5,,動かす,,,,うごかす,,,เดินเครื่อง,,,,,,,,,,,,,,"き  か  い        う ご
機械を動かす",,,,,,,,เดินเครื่องจักรกล,,,
6,,運転（する）,,,,うんてん（する）,,,การขับ (ขับ),,,,,,,,,,,,,,"け ん せつ き  か  い        う ん て ん
建設機械を運転する",,,,,,,,ขับเครื่องจักรกลก่อสร้ำง,,,
7,,測る,,,,はかる,,,วัด,,,,,,,,,,,,,,"て っ き ん        なが              は か
鉄筋の長さを測る",,,,,,,,วัดควำมยำวของเหล็กเสริม,,,
8,,操作（する）,,,,そうさ（する）,,,"การควบคุมการท างาน
(ควบคุมการท างาน)",,,,,,,,,,,,,,"き  か  い         そ   う   さ
機械を操作する",,,,,,,,ควบคุมกำรท ำงำนเครื่องจักรกล,,,
9,,停止（する）,,,,ていし（する）,,,"การหยุด (หยุด) , การจอด
(จอด)",,,,,,,,,,,,,,,,,,,,,,,,,
10,,切る,,,,きる,,,ตัด,,,,,,,,,,,,,,"き              て っ き ん          き
エンジンを切る、鉄筋を切る",,,,,,,,"ดับเครื่องยนต์, ตัดเหล็กเสริม",,,
11,,回す,,,,まわす,,,หมุน,,,,,,,,,,,,,,,,,,,,,,,,,
12,,押す,,,,おす,,,"ผลัก, ดัน",,,,,,,,,,,,,,,,,,,,,,,,,
13,,集める,,,,あつめる,,,รวบรวม,,,,,,,,,,,,,,,,,,,,,,,,,
14,,触る,,,,さわる,,,"แตะต้อง, สัมผัส",,,,,,,,,,,,,,,,,,,,,,,,,
15,,縛る,,,,しばる,,,"มัด, รัด",,,,,,,,,,,,,,,,,,,,,,,,,
16,,揃える,,,,そろえる,,,"ท ำให้เท่ำกัน, จัดให้เสมอ",,,,,,,,,,,,,,"て っ き ん        なが              そ ろ
鉄筋の長さを揃える",,,,,,,,ท ำให้ควำมยำวของเหล็กเสริมเท่ำกัน,,,
17,,結ぶ,,,,むすぶ,,,"ผูก, มัด",,,,,,,,,,,,,,"ざいりょう                                                       む す
材料をまとめてひもで結ぶ",,,,,,,,มัดวัสดุรวบรวมเข้ำด้วยกันด้วยเชือก,,,
18,,しゃがむ,,,,しゃがむ,,,นั่งยองๆ,,,,,,,,,,,,,,,,,,,,,,,,,
19,,調整（する）,,,,ちょうせい（する）,,,การปรับ (ปรับ),,,,,,,,,,,,,,,,,,,,,,,,,
20,,閉じる,,,,とじる,,,ปิด,,,,,,,,,,,,,,,,,,,,,,,,,
1,,取り出す,,,,とりだす,,,เอาออก,,,,,,,,,,,,,,,,,,,,,,,,,
2,,戻す,,,,もどす,,,กลับคืน,,,,,,,,,,,,,,"つか               こ   う   ぐ         も と         ば  し   ょ         も ど
使った工具は元の場所に戻す",,,,,,,,เครื่องมือเมื่อใช้แล้วน ากลับคืนที่เดิม,,,
3,,仕上げる,,,,しあげる,,,ท าให้เสร็จ,,,,,,,,,,,,,,,,,,,,,,,,,
4,,折れる,,,,おれる,,,หัก,,,,,,,,,,,,,,"く ぎ           お
釘が折れる",,,,,,,,ตะปูหัก,,,
5,,欠ける,,,,かける,,,บิ่น,,,,,,,,,,,,,,"ま る                        は             か
丸のこの刃が欠ける",,,,,,,,ใบมีดของเลื่อยวงเดือนบิ่น,,,
6,,近づく,,,,ちかづく,,,เข้าใกล้,,,,,,,,,,,,,,"さぎょ うち ゅう        じ ゅ う き        ち か
作業中の重機に近づかない",,,,,,,,อย่าเข้าใกล้เครื่องจักรกลหนักที่ก าลัง ท างาน,,,
7,,電源を入れる,,,,でんげんをいれる,,,เปิดเครื่อง,,,,,,,,,,,,,,,,,,,,,,,,,
8,,電源を落とす,,,,でんげんをおとす,,,ตัดไฟ,,,,,,,,,,,,,,,,,,,,,,,,,
9,,スイッチを切る,,,,すいっちをきる,,,ปิดสวิตช์,,,,,,,,,,,,,,,,,,,,,,,,,
10,,固定（する）,,,,こてい（する）,,,การยึดให้คงที่ (ยึดให้คงที่),,,,,,,,,,,,,,,,,,,,,,,,,
11,,ゆるめる,,,,ゆるめる,,,คลาย,,,,,,,,,,,,,,ボルトをゆるめる,,,,,,,,"คลายโบลต์,คลายสลักเกลียว",,,
12,,伸ばす,,,,のばす,,,ยืด,,,,,,,,,,,,,,,,,,,,,,,,,
13,,外す,,,,はずす,,,ถอดออก,,,,,,,,,,,,,,"あ ん ぜん                             は ず
安全カバーを外す",,,,,,,,ถอดฝาครอบป้องกันออก,,,
14,,曲げる,,,,まげる,,,งอ,,,,,,,,,,,,,,,,,,,,,,งอเหล็กเสริม,,,
15,,出す,,,,だす,,,"ยื่น, ส่ง",,,,,,,,,,,,,,鉄筋を曲げる,,,,,,,,,,,
16,,乾かす,,,,かわかす,,,ท าให้แห้ง,,,,,,,,,,,,,,,,,,,,,,,,,
17,,数える,,,,かぞえる,,,นับ,,,,,,,,,,,,,,,,,,,,,,,,,
18,,運ぶ,,,,はこぶ,,,ขน,,,,,,,,,,,,,,,,,,,,,,,,,
19,,積む,,,,つむ,,,วางซ้อน,,,,,,,,,,,,,,"ざいりょう                                                               つ
材料をくずれないように積む",,,,,,,,วางวัสดุซ้อนกันอย่าให้ล้ม,,,
20,,下ろす,,,,おろす,,,เอาลง,,,,,,,,,,,,,,"に  だ  い                に  も  つ          お
トラックの荷台から荷物を下ろす",,,,,,,,เอาของลงจากพื้นบรรทุกของรถบรรทุก,,,
21,,離れる,,,,はなれる,,,ออกห่าง,,,,,,,,,,,,,,,,,,,,,,,,,
1,,位置,,,,いち,,ต ำแหน่ง,,,,,,,,,,,,,,,,,,,,,,,,,,
2,,寸法,,,,すんぽう,,ขนำด,,,,,,,,,,,,,,,,,,,,,,,,,,
3,,測定（する）,,,,そくてい（する）,,การวัด (วัด),,,,,,,,,,,,,,,,,,,,,,,,,,
4,,計測（する）,,,,けいそく（する）,,การวัด (วัด),,,,,,,,,,,,,,,,,,,,,,,,,,
5,,計測器,,,,けいそくき,,"อุปกรณ์วัด, เกจวัด",,,,,,,,,,,,,,,,,,,,,,,,,,
6,,温度,,,,おんど,,อุณหภูมิ,,,,,,,,,,,,,,,,,,,,,,,,,,
7,,高さ,,,,たかさ,,ควำมสูง,,,,,,,,,,,,,,,,,,,,,,,,,,
8,,長さ,,,,ながさ,,ควำมยำว,,,,,,,,,,,,,,,,,,,,,,,,,,
9,,重さ,,,,おもさ,,น้ ำหนัก,,,,,,,,,,,,,,,,,,,,,,,,,,
10,,厚さ,,,,あつさ,,ควำมหนำ,,,,,,,,,,,,,,,,,,,,,,,,,,
11,,硬さ,,,,かたさ,,ควำมแข็ง,,,,,,,,,,,,,,,,,,,,,,,,,,
12,,深さ,,,,ふかさ,,ควำมลึก,,,,,,,,,,,,,,,,,,,,,,,,,,
13,,表面,,,,ひょうめん,,พื้นผิว,,,,,,,,,,,,,,,,,,,,,,,,,,
14,,すきま,,,,すきま,,ช่องว่ำงแคบๆ,,,,,,,,,,,,,,,,,,,,,,,,,,
15,,中心,,,,ちゅうしん,,ศูนย์กลำง,,,,,,,,,,,,,,,,,,,,,,,,,,
16,,値,,,,あたい,,ค่ำ,,,,,,,,,,,,,,,,,,,,,,,,,,
17,,安定（する）,,,,あんてい（する）,,"ความเสถียร (เสถียร), ความ มั่นคง (มั่นคง)",,,,,,,,,,,,,,,,,,,,,,,,,,
18,,大きさ,,,,おおきさ,,ขนำด,,,,,,,,,,,,,,,,,,,,,,,,,,
19,,数,,,,かず,,จ ำนวน,,,,,,,,,,,,,,,,,,,,,,,,,,
20,,誤差,,,,ごさ,,ควำมคลำดเคลื่อน,,,,,,,,,,,,,,,,,,,,,,,,,,
21,,中,,,,なか,,ข้ำงใน,,,,,,,,,,,,,,,,,,,,,,,,,,
22,,反対,,,,はんたい,,ตรงข้ำม,,,,,,,,,,,,,,,,,,,,,,,,,,
23,,周り,,,,まわり,,รอบ,,,,,,,,,,,,,,,,,,,,,,,,,,
24,,尺,,,,しゃく,,หน่วยควำมยำวของญี่ปุ่น,,,,,,,,,1ชะคุ≒30.3㎝,,,,,,,,,,,,,,,,,
25,,青,,,,あお,,น้ ำเงิน,,,,,,,,,,,,,,,,,,,,,,,,,,
26,,赤,,,,あか,,แดง,,,,,,,,,,,,,,,,,,,,,,,,,,
27,,白,,,,しろ,,ขำว,,,,,,,,,,,,,,,,,,,,,,,,,,
28,,黄色,,,,きいろ,,เหลือง,,,,,,,,,,,,,,,,,,,,,,,,,,
1,,片づける,,,,かたづける,,เก็บของเข้าที่,,,,,,なおす,,,,,,,,,,,,,,,,,,,,
2,,捨てる,,,,すてる,,ทิ้ง,,,,,,ほかす、なげる,,,,,,,,,,,,,,,,,,,,
3,,掃く,,,,はく,,กวาด,,,,,,はわく,,,,,,,,,,,,,,,,,,,,
4,,持ち上げる,,,,もちあげる,,ยกขึ้น,,,,,,つる,,,,,,,,,,,,,,,,,,,,
5,,束ねる,,,,たばねる,,มัดรวม,,,,,,きびる,,,,,,,,,,,,,,,,,,,,
6,,足をくじく,,,,あしをくじく,,ขาแพลง,,,,,,ぐねる,,,,,,,,,,,,,,,,,,,,
1,,一輪車,,,,いちりんしゃ,,รถเข็นล้อเดี่ยว,,,,,,ねこ,,,,,,,,,,,,,,,,,,,,
2,,支柱,,,,しちゅう,,ไม้ค้ ายัน,,,,,,サポート,,,,,,,,,,,,,,,,,,,,
3,,ショベル,,,,しょべる,,"เสียบ, พลั่ว",,,,,,スコップ,,,,,,,,,,,,,,,,,,,,
4,,かけや,,,,かけや,,ค้อนหัวไม้,,,,,,鳴り物（なりもの）、大鳴り（おおなり）,,,,,,,,,,,,,,,,,,,,
