Column_4,Column_6,No.,PDFページ番号,PDF表番号,ခ ေါဟာရ,စာဖတန ည်း,ဘာသာ ြန ဆ ို ခင်း,မှတခ ျက,အမှတအ သာ်း/ဆငို ်း ဘတို,ဥြမာ
,,1,1,1,技能実習,ぎのうじっしゅう,အလပု ်သငတ် န်း်,,,
,,2,1,1,技能実習生,ぎのうじっしゅうせい,အလပု ်သင်,,,
,,3,1,1,工場,こうじょう,စကရ် ု,,,
,,4,1,1,製造,せいぞう,ထတု လ် ပု ်မှု,,,
,,5,1,1,機械,きかい,စက်,,,
,,6,1,1,安全,あんぜん,လခ ု ြုံ မှု,,,
,,7,1,1,危険（な）,きけん（な）,အန္ရတ ာယ်(ရှိ သသာ),"ပ ုမ န ် န်း် ဂ ်းန သဲ့ ရ်းသပမ ဲ့ စကရ် ု မ ာ
ါတာ ါနာနသ ဲ့ ရ်းတအ ဲ့ ါလည်း် ရှိ တယ။်",,
,,8,1,1,危ない,あぶない,အန္ရတ ာယရ် ှိ သည်,,,
,,9,1,1,清掃,せいそう,"သနရ် ဲ့ င်း် သရ်းလပု ်ခ င်း်
(Sei-sou)","သနရ် ဲ့ င်း် သရ်းခပြုံလပု ်၍ သပ်ရပ်ပပ ်း
ရှိ သငရ်ဲ့ ှိ တကှို သ် ညအ်ဲ့ သခ အသနက ှို
အမ ာ်းသလှိ ယွ သ် အာငခ်ပြုံလပု ်ထာ်းသသာ
လပု ်ငန်း် ငွ က် ှို ဖနတ် ်း ခ င်း် ။",,
,,10,1,1,非常口,ひじょうぐち,အသရ်းသပေါ်ထကွ သ် ပါက်,,,
,,11,1,1,注意,ちゅうい,သတှိ,,,
,,12,1,1,火事,かじ,မ ်းသလာငမ် ှု,,,
,,13,1,1,事故,じこ,မသတာ်တဆမှု,,,
,,14,1,1,服装,ふくそう,အဝတအ် စာ်း,,,
,,15,1,1,安全装置,あんぜんそうち,"အန္ရတ ာယက် င်း် ရ င်း် သရ်းကရှိ ှိ
ယာ",,,
,,1,2,1,安全カバー,あんぜんかばー,လခ ု ြုံ သရ်းကာဗာအဖ ု်း,,,
,,2,2,1,けが,けが,ဒဏရ် ာ,,,
,,3,2,1,けがをする,けがをする,ဒဏရ် ာရသည်,,,
,,4,2,1,電源,でんげん,လျှပ်စစ်ပါဝါ,,,
,,5,2,1,電源を切る,でんげんをきる,လျှပ်စစ်ပါဝါပှိတသ် ည်,,,
,,6,2,1,非常停止ボタン,ひじょうていしぼたん,"အသရ်းသပေါ်စကရ် ပ်တန ် ဲ့
လတု ်",,,
,,7,2,1,非常停止ボタンを押す,"ひじょうていしぼたんを
おす","အသရ်းသပေါ်စကရ် ပ်တန ် ဲ့
လတု က် ှို န္ပှိ ်သည်",,,
,,8,2,1,ルール,るーる,စည်း် ကမ််း,,,
,,9,2,1,ルールを守る,るーるをまもる,စည်း် ကမ််းလကှို န် ာသည်,,,
,,10,2,1,止める,とめる,ရပ်သည်,,,
,,11,2,1,機械を止める,きかいをとめる,စကက် ှို ရပ်သည်,,,
,,12,2,1,やって,やって,လပု ်ပါ,,,
,,13,2,1,止めて,とめて,ရပ်ပါ,,,
,,14,2,1,取って,とって,ယပူ ါ,,,
,,15,2,1,だめ（な）,だめ（な）,မလပု ်သင်(ဲ့ သသာ),,,
,,1,3,1,監理団体,かんりだんたい,စ မ ကပွ ်ကသ ရ်းအဖ ွွဲ့,"အလပု ်သငမ် ာ်း၏
နည်း် ပညာသငယ် ခူ င်း် န္င ်ဲ့
အခ ာ်းလပု ်သဆာငမ် ှုမ ာ်းက ှို
စ မ န ် ဲ့ ကွ က်း ကကပ်သည ်ဲ့
အက ှိြုံ်းအခမတမ် ယတူ အ ဲ့ ဖ ွွဲ့အစည်း် ။",,
,,2,3,1,技術移転,ぎじゅついてん,နည်း် ပညာလသ ခပာင်း် ခ င်း်,,,
,,3,3,1,技能実習期間,ぎのうじっしゅうきかん,အလပု ်သငတ် န်း် ကာလ,,,
,,4,3,1,職種,しょくしゅ,အလပု ်အကငှို အ် မ ှိြုံ်းအစာ်း,,,
,,5,3,1,在留資格,ざいりゅうしかく,ဗ ဇာအမ ှိြုံ်းအစာ်း,,,
,,6,3,1,パスポート,ぱすぽーと,န္ငှို င် က ်းူ လကမ် တ်,,,
,,7,3,1,在留カード,ざいりゅうかーど,"န္ငှို င် ခ ာ်းသာ်းမ တပ် ုတငက်
တ်",,,
,,8,3,1,入管,にゅうかん,လဝက,"にゅうこくかんりちょう
「入国管理庁」""လဝူ ငမ် ှုကက်း ကကပ်ရ
にゅうこくかんりきょく
သးး်းသအဂ ငစ် ""၊「入国管理局」""လူ
ဝငမ် ှုကက်း ကကပ်သရ်းဥ ်းစ ်းဌာန""၏
အတသှို ကာက။်",,
,,9,3,1,在留期間,ざいりゅうきかん,ဗ ဇာသကတ် မ််း,,,
,,10,4,1,雇用契約,こようけいやく,"အလပု ် နထ် ဲ့ ာ်းသရ်းသသေ
းာတစူ ာ ြုံပ်",,,
,,11,4,1,給与明細,きゅうよめいさい,လစာရ င်း် တမ််းစာရွက်,,,
,,12,4,1,給料,きゅうりょう,လစာသငွ,,,
,,13,4,1,残業手当,ざんぎょうてあて,အ ှိနပ် ှိုသကက်း,,,
,,14,4,1,労働時間,ろうどうじかん,အလပု ် ှိန်,,,
,"မ သှို နသညမ်ဲ့ ှိသာ်းစုဝငရ် ှိ သညလ်ဲ့ သူ ည်
မ သှို ကသ် ာ ငွ ်ဲ့
စ ာ်းန္ငှို သ် ညအ်ဲ့ ါလည်း် ရှိ သည။်",1,5,1,控除（する）,こうじょ（する）,န္တှု ယ် ူ(သည်),"မူလသငပွ မာဏမ
သတမ် တသ် ညသ်ဲ့ ငပွ မာဏက ှို န္တှု ယ် ခူ င်း် ။
အဓှိကအာ်းခဖင ်ဲ့ အ နွ သ် ငသွ ပ်းသဆာငတ် အ ဲ့ ါ
သ်း ု တယ်",,"かぞく やしな ひと ふようこうじょ
家族を養っている人は、「扶養控除」
う ばあい
を受けられる場合がある"
,,2,5,1,ボーナス,ぼーなす,အပှိုဆသု ကက်း,,,
,"သနာကတ် စ်ပတတ် ငွ ်
လပု ်သက ် ငွ ယ်ဲ့ ူ ငသ် သာသကကာင ်ဲ့
သလျှာကလ် ာ က ှို တငသ် ည။်",3,5,1,有休,ゆうきゅう,လပု ်သက ် ငွ ်ဲ့,"အလပု ် ငွ ယ်ဲ့ သူ ပမ ဲ့ လပု ် သပ်းတ ဲ့
ငွ အ်ဲ့ မ ှိြုံ်းအစာ်း န္စ ်စဉ်လပု ်သက ် ငွ ်ဲ့
န္စ ်စဉ်လပု ်သက ် ငွ က်ဲ့ ှို အတ ှို ြုံပ်သခပာလျှင ်
ゆうきゅう
「有休｣ ""လပု ်သက ် ငွ ်ဲ့""ခဖစ်သာွ ်းသည။်",,"らいしゅうゆうきゅう しんせいしょ だ
来週、有休をとるので申請書を出した"
,,4,5,1,代休,だいきゅう,အစာ်းထ်းှို နာ်းရက်,"အလပု ်ပှိတရ် ကတ် ငွ ် အလပု ်လပု ်သညအ်ဲ့ ါ
ထနှို ာ်းရကက် ှို အစာ်းထ်းှို ၍
အလပု ်ကနှို ာ်း ငွ ရ်ဲ့ သညရ်ဲ့ က။်",,
,,5,5,1,労働基準法,ろうどうきじゅんほう,အလပု ်သမာ်းစ န္နှု ်း် ဥပသဒ,"အလပု ်လပု ်ကငှို ခ် င်း် ဆငှို ရ် ာစ ှိနစ် န္နှု ်း် မ ာ်းသ
တမ် တထ် ာ်းသသာဂ ပနန္် ငှို င် ၏ ဥပသဒ",,
,,6,5,1,労働条件,ろうどうじょうけん,အလပု ်သမာ်း စ ာ်း ငွ ်ဲ့,,,
,,7,5,1,税金,ぜいきん,အ နွ ်,,,
,,8,5,1,所得税,しょとくぜい,ဝငသ် င ွ နွ ်,"တစ်န္စ ်အတငွ ်း် ရရှိ တလ ဲ့ စာသငစွ သည ်ဲ့
ဝငသ် ငသွ ပေါ်မူတညပ်ပ ်း သပ်းသဆာငမ် ယအ်ဲ့ နွ ်",,
,,9,6,1,住民税,じゅうみんぜい,စညပ် င ် နွ ်,"သနထငှို သ် နတ ဲ့ ပမှိြုံွဲ့ရွာသဒသက ှို
သပ်းသဆာငရ် မယအ်ဲ့ နွ ်",,
,,10,6,1,厚生年金,こうせいねんきん,အလပု ်ပငစ် ငအ် ာမ,"ကမု ပဏန္ င အ်ဲ့ စှို်းရဝနထ် မ််းမ ာ်းကဝငသ် ညပ်ဲ့ ငစ်
ငခ်ဖစ်၍ အသကက်က်း လာသညအ်ဲ့ ါ၊
မသနစ် ွမ််းခဖစ်လာသညအ်ဲ့ ါ၊
သသဆ်း ု သညအ်ဲ့ ါ
ပငစ် ငသ် ကက်းရန္ငှို သ် သာပငစ် င်",,
,,11,6,1,雇用保険,こようほけん,အလပု ်အာမ,"အလပု ်လကမ် ဲ့ခဖစ်သညအ်ဲ့ ါ၊
အလပု ်အသစ်ခပနရ် ာသညအ်ဲ့ ါ
အာမ သ ကက်းရရှိ န္ငှို သ် ညအ်ဲ့ ာမ အ မ ှိြုံ်းအစာ်း",,
,,12,6,1,健康保険,けんこうほけん,က န်း် မာသရ်းအာမ,"အာမ ထ ာ်းသန္ူ င ်ဲ့ သမူ ဲ့ ှိသာ်းစုဝငမ် ာ်း
သဆ်းကသု မှု ယ သူ ညအ်ဲ့ ါ
အာမ သ ကက်းရရှိ န္ငှို သ် ညအ်ဲ့ ာမ အ မ ှိြုံ်းအစာ်း",,
,,13,6,1,社会保険,しゃかいほけん,လမူ ှုဖူလသ ု ရ်းအာမ,"က န်း် မာသရ်းအာမ ၊
အလပု ်သမာ်းနစ်နာသကက်းအာမ ၊
ခပြုံစုသစာငသ်ဲ့ ရ ာကမ် ှုအာမ ၊ အလပု ်အာမ ၊
အလပု ်သမာ်းနစ်နာသကက်းအာမ က ှို
ခ ြုံ ငသ ု ေါ်ဆသှို ညအ်ဲ့ မည။် အဓှိကအာ်းခဖင ်ဲ့
ကမု ပဏဝ နထ် မ််းမ ာ်းကဝငသ် ည ်ဲ့
က န်း် မာသရ်းအာမ န္ င ်ဲ့
အလပု ်ပငစ် ငအ် ာမ က ဆှို လှို သှို ည။်",,
,,14,7,1,労災,ろうさい,"လပု ်ငန်း် ငွ ်
ထ ှိ ကှို ဒ် ဏရ် ာရမှု","ろうどうさいがい
「労働災害」""လပု ်ငန်း် ငွ ်
ထ ှိ ကှို ဒ် ဏရ် ာရမှု""၏ အတသှို ကာက။်
အလပု ်လပု ်သနစဉ် ဒဏရ် ာရခ င်း် န္င ်ဲ့
အလပု ်သကကာငသ်ဲ့ နမသကာင်း် ခဖစ်ခ င်း် ကဆှို လှို ှို
သည။်",,
,,15,7,1,労災保険,ろうさいほけん,"အလပု ်သမာ်းနစ်နာသကက်း
အာမ","လပု ်ငန်း် ငွ ် ထ ှိ ကှို ဒ် ဏရ် ာရမှုအတကွ ်
သဆ်းကသု စရှိတက် နု က် ခ င်း် ၊
အလပု ်မလပု ်န္ငှို ခ် င်း် ၊
မသနစ် ွမ််းခဖစ်ခ င်း် တအှို ဲ့ တကွ ် တစ်လ်း ု တစ်
အာမ သ ကက်းရရှိ န္ငှို သ် သာအာမ အ မ ှိြုံ်းအစာ်း",,
,,1,8,1,遅刻（する）,ちこく（する）,အလပု ်သနာကက် (သည်),,,
,,2,8,1,早退（する）,そうたい（する）,အလပု ်သစာခပန်(သည်),,,
,,3,8,1,休憩（する）,きゅうけい（する）,အနာ်းယူ(သည်),,,
,,4,8,1,残業（する）,ざんぎょう（する）,အ ှိနပ် ှိုအလပု ်(ဆင်း် သည်),,,
,ဒသ န ပဲ့ ုမ နအ် ှိနတ် ငွ ် ခပနမ် ည။်,5,8,1,定時,ていじ,ပ ုမ နအ် ှိန်,"သတမ် တထ် ာ်းတအ ဲ့ ှိန ် လပု ်ငန်း် ငွ တ် ငွ ်
အထ်းူ သခဖင ်ဲ့ ရု ်းတကရ် ု ်းဆင်း် ှိနက် ှို
ဆလှို သှို ည။်",,"き ょ う ていじ かえ
今日は定時に帰る"
,,6,8,1,規則,きそく,စည်း် မ ဉ််းစည်း် ကမ််း,,,
,,7,8,1,休日,きゅうじつ,အလပု ်နာ်းရက်,,,
,,8,8,1,始業時間,しぎょうじかん,အလပု ်စ ှိန်,,,
,,9,8,1,終業時間,しゅうぎょうじかん,အလပု ်ပပ ်း ှိန်,,,
,,10,8,1,指導員,しどういん,သငတ် န်း် မ ်း,,,
,,11,8,1,生活指導員,せいかつしどういん,သနထငှို မ် ှုပ ုစ သလကဲ့ ငသ်ဲ့ ပ်းသူ,,,
,,12,8,1,担当者,たんとうしゃ,တာဝန ်,,,
,,13,8,1,スイッチ入れるな,すいっちいれるな,လတု မ် ဖွငန်ဲ့ ဲ့,,,
,,14,8,1,スイッチ切るな,すいっちきるな,လတု မ် ပှိတန် ဲ့,,,
,,15,8,1,使用禁止,しようきんし,အသ်း ု မခပြုံရ,,,
,,1,9,1,5S,ごえす,5S,"စနစ်တက ထာ်းရှိ ခ င်း် (Seiri)၊
စ သတမ် တထ် ာ်းရှိ ခ င်း် (Sei-ton)၊
သနရ် ဲ့ င်း် သရ်းလပု ်ခ င်း် (Sei-sou)၊
သနရ် ဲ့ င်း် သပ်ရပ်မှု (Sei-ketsu)၊
အစဉ်အလာဓသလထဲ့ ်း ု စ
(Shi-tsuke)ဟသု သာ စကာ်းလ်း ု ၅
ကု ဆှို လှို သှို ည။်
ဂ ပနစ် ကာ်းလ်း ု အသ်း သ်း
ပထမအကရခ ာမ ာ်း Sန္င စ်ဲ့ သည။်
လပု ်ငန်း် ငွ ခ်ပြုံခပငတ် ်းှို တကသ် ရ်းအတကွ ်
သ်း ု သညသ်ဲ့ ဝါဟာရ။",,
,,2,9,1,整理,せいり,"စနစ်တက ထာ်းရှိ ခ င်း်
(Seiri)","လအှို ပ်သသာပစစည်း် န္င ်ဲ့
မလအှို ပ်သသာပစစည်း် က ှို ခွ ာ်းထာ်း၍
ထအှို ဲ့ ကအ် လကမ် ာ်းမျှသဝခ င်း် အာ်းခဖင်ဲ့
အရညအ် သသ်းွ န္င ်ဲ့ ကနု ထ် တု လ် ပု ်မှု
ြှ
စွမ််းအာ်းခမငတ်ဲ့ ငရ် န ် သဆာငရ် ွကခ် င်း် ။",,
,,3,9,1,整頓,せいとん,"စ သတမ် တထ် ာ်းရှိ ခ င်း်
(Sei-ton)","လအှို ပ်သသာပစစည်း် က ှို
ထာ်းသညသ်ဲ့ နရာန္င ်ဲ့ ထာ်းပ ုထာ်းနည်း် ကှို
သတမ် တ၍်
အမ ာ်းသသှိ အာငသ် ဖာ်ခပခ င်း် အာ်းခဖင ်ဲ့
အတင်း် အက ပ်ခပြုံလပု ်ခ င်း် န္င ်ဲ့
အလဟဿခဖစ်ခ င်း် က ှို သလျှာ ဲ့ ခ င်း် ။",,
,,4,10,1,清掃,せいそう,"သနရ် ဲ့ င်း် သရ်းလပု ်ခ င်း်
(Sei-sou)","သနရ် ဲ့ င်း် သရ်းခပြုံလပု ်၍ သပ်ရပ်ပပ ်း
ရှိ သငရ်ဲ့ ှိ တကှို သ် ညအ်ဲ့ သခ အသနက ှို
အမ ာ်းသလှိ ယွ သ် အာငခ်ပြုံလပု ်ထာ်းသသာ
လပု ်ငန်း် ငွ က် ှို ဖနတ် ်း ခ င်း် ။",,
,,5,10,1,清潔,せいけつ,"သနရ် ဲ့ င်း် သပ်ရပ်မှု
(Sei-ketsu)","စနစ်တက ထာ်းရှိ ခ င်း် (Seiri)၊
စ သတမ် တထ် ာ်းရှိ ခ င်း် (Sei-ton)၊
သနရ် ဲ့ င်း် သရ်းလပု ်ခ င်း် (Sei-sou)က ှို
သသ ာလကှို န် ာသဆာငရ် ွကပ်ပ ်း
ရှုပ်သထ်းွ မှုမရှိ သသာ
ရှိ သငရ်ဲ့ ှိ တကှို သ် ညလ်ဲ့ ပု ်ငန်း် ငွ အ် သခ အန
သးကထှို နှိ ်း် သမှိ ််းခ င်း် ။",,
,,6,10,1,しつけ,しつけ,"အစဉ်အလာဓသလထဲ့ ်း ု စ
(Shi-tsuke)","သတမ် တထ် ာ်းသညစ်ဲ့ ည်း် ကမ််းမ ာ်းက ှို
သတမ် တထ် ာ်းသညအ်ဲ့ တငှို ်း်
အစဉ်အလာအခဖစ်
ပ ုမ နသ် ဆာငရ် ွကန္် ငှို သ် အာင ်
အခပနအ် လန က် ညူ က ကသညလ်ဲ့ ပု ်ငန ် ငွ အ်
သခ အသနကဖှို နတ် ်း ခ င်း် ။",,
,,7,10,1,掃除（する）,そうじ（する）,သနရ် ဲ့ င်း် သရ်း(လပု ်သည်),,,
,,8,11,1,片づける,かたづける,သမှိ ််းဆည်း် သည်,,,
,,9,11,1,捨てる,すてる,စွနပ် ဲ့ စ်သည်,,,
,,10,11,1,汚い,きたない,ညစ်ပတသ် သာ,,,
,,11,11,1,汚れる,よごれる,ညစ်သပသည်,,,
,,12,11,1,分別（する）,ぶんべつ（する）,အမ ှိြုံ်းအစာ်း ခွ ာ်း(သည်),,,
,,13,11,1,燃えないごみ,もえないごみ,မ ်းရှုှိွဲ့လမှို ဲ့ ရတအ ဲ့ မှိှုက်,,,
,,14,11,1,燃えるごみ,もえるごみ,မ ်းရှုှိွဲ့လရှို ဲ့ တအ ဲ့ မှိှုက်,,,
,စကတ် ငွ ် လကည် ပ်သာွ ်းသည။်,15,11,1,挟まれる,はさまれる,ညပ်သည်,,,"きかい て はさ
機械に手が挟まれた"
,"1) စကတ် ငွ ်
လကည် ပ်ပါသာွ ်းမည။်
2) လကအ် တှိ သ် ည ် ကကတှိ စ် ကတ် ငွ ်
ညပ်ပါသာွ ်းမည။်",16,11,1,巻き込まれる,まきこまれる,ညပ်ပါသည်,,,"きかい て ま こ
1)機械に手が巻き込まれる
てぶくろ ばん ま こ
2)手袋がフライス盤に巻き込まれる"
,,17,11,1,やけど（する）,やけど（する）,အပူသလာင်(သည်),,,
,သလက ာ်းမ ခပြုံတက် သည်,18,11,1,落ちる,おちる,က ဆင်း် သည်,,,"かいだん お
階段から落ちる"
,ကကမ််းခပငသ် ည ် သ ာ်လတ တသ် ည။်,19,11,1,すべる,すべる,သ ာ်လသ ည်,,,"ゆか
床がすべる"
,စကရ် ု တငွ ် သ ာ်လသ ာွ ်းသည။်,20,12,1,転ぶ,ころぶ,လက သည်,,,"こうじょう ころ
工場ですべって転んだ"
,,21,12,1,濡れる,ぬれる,သရစှိုသည်,,,
,,22,12,1,衛生,えいせい,သနရ် ဲ့ င်း် သပ်ရပ်မှု,,,
,,23,12,1,避難（する）,ひなん（する）,သေ်းသရ ာင်(သည်),,,
,,24,12,1,救急車,きゅうきゅうしゃ,လနူ ာတငယ် ာဉ်,,,
,,25,12,1,災害,さいがい,သေ်းအန္ရတ ာယ်,,,
,ငလ ငလ် ပှု ်သည။်,26,12,1,地震,じしん,ငလ င်,,,"じ しん お
地震が起きる"
,"ငလ ငလ် ပှု ်တယ။် စာ်းပ ွ သ ု အာကသ် ှို ဲ့
ဝငလ် ကှို ပ် ါ။",27,12,1,もぐる,もぐる,သအာကသ် ဝှို ဲ့ ငသ် ည်,,,"じ しん つくえ した
地震だ！机の下にもぐれ！"
,,1,13,1,火気厳禁,かきげんきん,မ ်းသတခှိပြုံ,,,
,,2,13,1,開放厳禁,かいほうげんきん,ဖွငမ်ဲ့ ထာ်းရ,,,
,,3,13,1,標識,ひょうしき,အမ တအ် သာ်း,,,
,,4,13,1,気をつける,きをつける,ဂရုစှိုကသ် ည်,,,
,"စကရ် ု ထသ ှို လဲ့ ကက် ငှို ဖ် ုန်း် က ှို
မယလူ ာပါန္င ။်ဲ့",5,13,1,持ち込む,もちこむ,ယလူ ာသည်,,,"こうじょう けいたいでんわ も こ
工場に携帯電話を持ち込んではいけ
ない"
,"သေ်းကင်း် လခ ု ြုံ သရ်းက ှို စစ်ပပ ်း
မသတာ်တဆမှုက ှို ကာကယွ သ် ည။်",6,13,1,防ぐ,ふせぐ,ကာကယွ သ် ည။်,,,"あんぜんかくにん じ こ ふせ
安全確認して事故を防ぐ"
,,7,13,1,火,ひ,မ ်း,,,
,,8,13,1,煙,けむり,မ ်း ်းှို,,,
,,9,13,1,消火,しょうか,မ ်းပငမ ််းသတခ် င်း်,,,
,,10,13,1,消火器,しょうかき,မ ်းသတေ် ်းူ,,,
,,11,13,1,非常ベル,ひじょうべる,အသရ်းသပေါ်သတသှိ ပ်းစက်,,,
,,12,13,1,火災報知機,かさいほうちき,မ ်းအ ကသ် ပ်းစက်,,,
,,13,13,1,逃げる,にげる,ထကွ သ် ခပ်းသည်,,,
,,14,13,1,現場,げんば,လပု ်ငန်း် ငွ ်,,,
,,15,13,1,作業,さぎょう,အလပု ်,,,
,,16,14,1,ミーティング,みーてぃんぐ,အစည်း် အသဝ်း,"အစည်း် အသဝ်း၊ မနကအ် စည်း် အသဝ်း၊
အလပု ်ပပ ်းအစည်း် အသဝ်းကလှို ည်း်
အစည်း် အသဝ်းလသှို ဲ့ ေါ် ကကသည။်",,
,,17,14,1,研修（する）,けんしゅう（する）,သငတ် န်း် (ခပြုံလပု ်သည်),,,
,,18,14,1,実習（する）,じっしゅう（する）,"လကသ် တွဲ့သွ ငတ် န်း် (ခပြုံလပု ်
သည်)",,,
,,19,14,1,あいさつ,あいさつ,န္တှု ဆ် ကခ် င်း်,,,
,,20,14,1,確認（する）,かくにん（する）,သသ ာစစ်(သည်),,,
,,21,14,1,報告（する）,ほうこく（する）,အသကကာင်း် ကကာ်း(သည်),,,
,,22,14,1,連絡（する）,れんらく（する）,အသကကာင်း် ကကာ်း(သည်),,,
,,23,14,1,相談（する）,そうだん（する）,သဆ်းွ သန္်းွ (သည်),,,
,,24,14,1,渡す,わたす,သပ်းသည်,"ပစစည်း် က ှို အခ ာ်းသကူ ှို သပ်းတအ ဲ့ ါ
သ်း ု သည်",,
,,25,14,1,申請書,しんせいしょ,သလျှာကလ် ာ,,,
,,26,14,1,寝坊（する）,ねぼう（する）,အပှိ ်ရာထသနာကက် (သည်),,,
,,1,15,1,技能,ぎのう,နည်း် ပညာ,,,
,,2,15,1,技能検定試験,ぎのうけんていしけん,နည်း် ပညာအဆင ်ဲ့ သတမ် တစ် ာသမ်းပ ွ,,,
,,3,15,1,受検（する）,じゅけん（する）,စာသမ်းပ ွသခဖ(သည)်,,,
,,4,15,1,資格,しかく,အရညအ် င်း်,,,
,,5,15,1,手当,てあて,စ ာ်း ငွ ်ဲ့,,,
,,6,15,1,社員,しゃいん,ကမု ပဏဝ နထ် မ််း,,,
,,7,15,1,部長,ぶちょう,ဌာနမ ်း,,,
,,8,15,1,課長,かちょう,ဌာန မွ ်း,,,
,,9,15,1,更衣室,こういしつ,အဝတလ် န်း်,,,
,,10,15,1,台車,だいしゃ,လကတ် နွ ်း် လည ်း်,,,
,,11,15,1,床,ゆか,ကကမ််းခပင်,,,
,,12,15,1,出口,でぐち,ထကွ သ် ပါက်,,,
,,13,15,1,電気,でんき,လျှပ်စစ်/မ ်း,,,
,,14,15,1,警報音,けいほうおん,သတသှိ ပ်း သ ါင်း် သလာင်း် သ,,,
,,15,15,1,コンセント,こんせんと,"ပလတသ် ါင်း်
ပလတသ် ပါက်",,,
,,16,15,1,作業場,さぎょうば,အလပု ်ရု,,,
,,17,15,1,作業台,さぎょうだい,အလပု ်စာ်းပ ွ,,,
,,18,15,1,工事現場,こうじげんば,သဆာကလ် ပု ်သရ်း လပု ်ငန်း် ငွ ်,,,
,"ခငမ််းဆငရ် ာတငွ ်
လပု ်ငန်း် ငွ လ် မ််းည နက်က်း ကကပ်သ၏ူ
ည နက်ကာ်း ကက် ှို လကှို န် ာရမည်",19,15,1,職長,しょくちょう,လပု ်ငန်း် ငွ လ် မ််းည နက်က်း ကကပ်သူ,,,"あしばくみたて しょくちょう し じ したが
足場組立は 職長の指示に従う"
,,20,15,1,作業責任者,さぎょうせきにんしゃ,လပု ်ငန်း် တာဝန ်,,,
,,1,16,1,禁止,きんし,တာ်းခမစ်ခ င်း်,,,
,,2,16,1,表示板,ひょうじばん,သငပ် ုန်း် ၊ဆငှို ်း် ေတု ်,,,
,,3,16,1,禁止事項,きんしじこう,တာ်းခမစ် က်,,,
,,4,16,1,避難訓練,ひなんくんれん,သေ်းအန္ရတ ာယမ် သရ ာငတ် မှိ ််းသရ်း သလကဲ့ ငမ်ဲ့ ှု,,,
,,5,16,1,感電（する）,かんでん（する）,ဓာတလ် ကှို ်(သည်),,,
,,6,16,1,防止（する）,ぼうし（する）,တာ်းဆ်း (သည်),,,
,,7,16,1,予防（する）,よぼう（する）,ကကြုံှိတငက် ာကယွ ်(သည်),,,
,,8,16,1,転倒（する）,てんとう（する）,လက (သည်),,,
,,9,16,1,挟まる,はさまる,ညပ်သည်,,,
,,10,16,1,足元,あしもと,သခ သထာကအ် န်း တဝှိုက်,,,
,,11,16,1,不安定（な）,ふあんてい（な）,မတညပ်ငမှိ ်(သသာ),,,
,,12,16,1,後片付け,あとかたづけ,အလပု ်ပပ ်းသနာက ် သနစ် ဲ့ ငသ် မှိ ််းဆည်း် ခ င်း်,,,
,,13,16,1,救急箱,きゅうきゅうばこ,အသရ်းသပေါ်သဆ်းသသတတ ာ,,,
,,14,16,1,絆創膏,ばんそうこう,ပလာစတာ,,,
,,15,16,1,体調,たいちょう,က န်း် မာသရ်းအသခ အသန,,,
,,16,16,1,血,ち,သသ်းွ,,,
,,17,16,1,熱中症,ねっちゅうしょう,အပူလျှပ်ခ င်း်,,,
,,18,16,1,吐き気,はきけ,ပ ှိြုံွဲ့စှိတ၊်အန ် ငစ် ှိတ်,,,
,,19,16,1,嘔吐（する）,おうと（する）,အန(် သည်),,,
,,20,17,1,足がつる,あしがつる,သခ သထာက ် ကကကတ် ကသ် ည်,,,
,,21,17,1,気分が悪い,きぶんがわるい,သနလမှို ဲ့ သကာင်း် ေ်းူ,,,
,,22,17,1,寝不足,ねぶそく,အပှိ ်သရ်းမဝခ င်း်,,,
,,23,17,1,安全ネット,あんぜんねっと,လခ ု ြုံ သရ်းပှိုကက် နွ ်,,,
,,24,17,1,安全点検,あんぜんてんけん,လခ ု ြုံ စှိတ ် မှုစစ်သဆ်းခ င်း်,,,
,,1,18,1,KY活動（危険予知活動）,"けーわいかつどう（きけん
よちかつどう）","KY လပှု ်ရ ာ်းမှု
(အန္ရတ ာယက်ကြုံှိတင ် နမ် ဲ့ န်း် သရှိ ှိ သရ်းလပှု ်ရ ာ်းမှု)",,,
,,2,18,1,危険,きけん,အန္ရတ ာယ်,,,
,"ထရကတ် ာသရ ာ်ဗယက် ာ်း၏ ‌
သခမသက ာကသ် ယ ် ကွ န္် င တ်ဲ့ ကှို မ် ှိ၍ ဒဏရ် ာရ သ ဲ့ ည်",3,18,1,ぶつかる,ぶつかる,တကှို မ် ှိသည်,,,トラクタショベルのバケットにぶつかってけがをした
,"ခငမ််းစငမ် က လာသသာ ကရှိ ှိယာက န္ာဓ ကယှို န္် င ထ်ဲ့ မှိ ှိ၍
ဒဏရ် ာရ သ ဲ့ ည်",4,18,1,当たる,あたる,ထမှိ ှိသည်,,,"あ し ば お こ う ぐ からだ あ
足場から落ちてきた工具が体に当たってけがをした"
,စကက်က်း ၏သအာကတ် ငွ ် ပှိမှိသည်,5,18,1,下敷きになる,したじきになる,သအာကတ် ငွ ပ် ှိမှိသည်,,,"じゅうき し た じ
重機の下敷きになる"
,လကက် ှို တခူဖင ်ဲ့ မ ာ်းထမု ှိ သ ဲ့ ည်,6,18,1,打つ,うつ,ထသု ည၊်ရုှိကသ် ည်,,,"あやま て う
誤ってハンマーで手を打ってしまった"
,"လပု ်ငန်း် ငွ သ် ်း ု သလက ာ်းသပေါ်၌ ဟန ် ကပ် က၍်
လမှိ ်ဲ့က သ ဲ့ ည်",7,18,1,バランスを崩す,ばらんすをくずす,ဟန ် ကပ် ကသ် ည်,,,"うえ くず てんらく
はしごの上でバランスを崩して転落した"
,"လပု ်ငန်း် ငွ သ် ်း ု သလက ာ်းက
လက သာွ ်းသည၊် အပူလျှပ်၍သမဲ့လသ ာွ ်းသည်",8,18,1,倒れる,たおれる,လက သည်,,,"たお ねっちゅうしょう たお
はしごが倒れる、熱中症で倒れる"
,"လပု ်ငန်း် ငွ သ် ်း ု သလက ာ်းသပေါ်၌ ဟန ် ကပ် က၍်
လမှိ ်ဲ့က သ ဲ့ ည်",9,18,1,転落（する）,てんらく（する）,လမှိ ်ဲ့က သည်,,,"うえ くず てんらく
はしごの上でバランスを崩して転落した"
,,10,18,1,指差呼称,しさこしょう,"ြှ
လကည် ြုံှိ်းထ်းှို ၍နာမညသ် ေါ် စစ်သဆ်းမှု",,,
,,11,18,1,ヒヤリハット,ひやりはっと,"သသ သ လ်းနလ ဲ့ တွ သ် ာွ ်းသသာလပု ်ငန်း် ငွ မ် သတာ်တ
ဆခဖစ်မှု",,,
,,12,19,1,原因,げんいん,အသကကာင်း် ရင်း်,,,
,,13,19,1,対策,たいさく,သဆာငရ် ွကမ် ှု၊စ မ က်,,,
,ခငမ််းစငသ် ပေါ်မ ကရှိ ှိယာက ခပြုံတက် သ ဲ့ ည်,14,19,1,落下（する）,らっか（する）,ခပြုံတက် သည်,,,"あしば こ う ぐ らっか
足場から工具が落下した"
,တငွ ်း် သပါကဝ် မ က လာ သ ဲ့ ည်,15,19,1,墜落（する）,ついらく（する）,အခမငမ်ဲ့ က သည်,,,"か い こ う ぶ ついらく
開口部から墜落した"
,"အန်း ပတဝ် န်း် က င၏် လခ ု ြုံ စှိတ ် သရ်းကအှို တညခ်ပြုံ
စစ်သဆ်းသည်",16,19,1,確認（する）,かくにん（する）,အတညခ်ပြုံစစ်သဆ်းသည်,,,"しゅうい あんぜん かくにん
周囲の安全を確認する"
,,16,21,1,業務,ぎょうむ,လပု ်ငန်း်,,,
,,17,21,1,時間厳守,じかんげんしゅ,"အ ှိနက် ှို တတှိ ကှိ က
လကှို န် ာခ င်း်",,,
,,18,21,1,予定,よてい,ကကြုံှိတငစ် စဥ် က်,,,
,,19,21,1,日付,ひづけ,ရကစ် ွ,,,
,,20,21,1,準備（する）,じゅんび（する）,အသငခ်ဲ့ပင(် သည်),,,
,,21,21,1,会議,かいぎ,အစည်း် အသဝ်း,,,
,,22,21,1,朝礼,ちょうれい,"နန က ် င်း် လစူ ုအမ ာစကာ်း‌
သခပာခ င်း်",,,
,,23,21,1,報告書,ほうこくしょ,အစ ရင ် စ ာ,,,
,,24,21,1,マニュアル,まにゅある,လကစ် ွစာသစာင ် (Manual),,,
,,25,21,1,作業手順書,さぎょうてじゅんしょ,"လပု ်ငန်း် လပု ်သဆာငပ် ု
အဆငဆ်ဲ့ ငစ်ဲ့ ာအုပ်",,,
,,26,21,1,調子,ちょうし,(က န်း် မာသရ်း)အသခ အသန,,,
,,1,22,1,立入禁止,たちいりきんし,မဝငရ်,,,
,,2,22,1,禁煙,きんえん,သဆ်းလပှိ ်မသသာကရ်,,,
,,3,22,1,火気厳禁,かきげんきん,မ ်းသတခှိပြုံ,,,
,,4,22,1,駐車禁止,ちゅうしゃきんし,ကာ်းမရပ်ရ,,,
,,5,22,1,足もと注意,あしもとちゅうい,"သခ သထာကအ် န်း တဝှိုက်
သတခှိပြုံ",,,
,,6,22,1,開口部注意,かいこうぶちゅうい,အသပါကရ် ှိ သညသ် တခှိပြုံ,,,
,,7,22,1,感電注意,かんでんちゅうい,"ဓာတလ် ကှို တ် တသ် ည်
သတခှိပြုံ",,,
,,8,22,1,堕落注意,ついらくちゅうい,"ခပြုံတက် တတသ် ည်
သတခှိပြုံ",,,
,,9,22,1,頭上注意,ずじょうちゅうい,သ ါင်း် အသပေါ်သတထှိ ာ်းပါ,,,
,,10,22,1,警報設備,けいほうせつび,"သတသှိ ပ်းသ ါင်း် သလာင်း်
သနရာ",,,
,,11,23,1,消火器,しょうかき,မ ်းသတေ် ်းူ,,,
,,12,23,1,AED設置場所,"えーいーでぃーせっちば
しょ",န္လ ်း ု န္်းှိှု စကထ် ာ်းသညသ်ဲ့ နရာ,,,
,,13,23,1,保護帽着用,ほごぼうちゃくよう,"ကာကယွ သ် ရ်းဥ ်းထပု ်
သဆာင်း် ပါ",,,
,,14,23,1,安全帯使用,あんぜんたいしよう,လခ ု ြုံ ‌သရ်း ါ်းပတက်ကြုံှိ်းသ်း ု ပါ,,,
,,15,23,1,昇降階段,しょうこうかいだん,ခငမ််းအတငွ ်း် ရှိ သလက ာ်း,,,
,,16,23,1,休憩所,きゅうけいじょ,နာ်းသနရနသ် နရာ,,,
,,17,23,1,最大積載荷重,さいだいせきさいかじゅう,အမ ာ်းဆ်း ု တငန္် ငှို သ် ည ်ဲ့ ကနု အ် သလ်း ှိန်,,,
,,18,23,1,喫煙所,きつえんじょ,သဆ်းလပှိ ်သသာကရ် နသ် နရာ,,,
,,19,23,1,整理整頓,せいりせいとん,"သနရ် ဲ့ င်း် သပ်ရပ်သနသအာင်
အစ အစဥ်တက လပု ်ပါ",,,
,,20,23,1,安全通路,あんぜんつうろ,"အန္ရတ ာယက် င်း် သည်ဲ့
သလျှာကလ် မ််းသကကာင်း်",,,
,"၃
ြှ
ဆု ကည် ပ်ခဖငပ်ဲ့ ှိုကလ် ်း ု ကဆှို ကသ် ည်",1,24,1,三連クランプ,さんれんくらんぷ,"ြှ
၃ ဆု ကည် ပ်",,,"さんれん たんかん けつごう
三連クランプで単管を結合する"
,"သရွွဲ့လ ာ်းစက ် ါ်းပတခ်ဖငသ်ဲ့ ခမကက်း ကှို
သခပာင်း် သယသ် ည်/ သွ ယသ် ည်",2,24,1,"ベルトコンベア
（ベルコン）","べるとこんべあ
（べるこん）","သရွွဲ့လ ာ်းစက ် ါ်းပတ်
(Belt conveyor)",,,"つち こ う ん ぱ ん
ベルトコンベアで土を小運搬する"
,"သစ်သာ်းတအူ ကက်း စာ်းခဖင ်ဲ့
ပှိုင(် သအာက ် တ ငှို ်)က ှို ရုှိကသ် ငွ ်း် သည်",3,24,1,かけや,かけや,သစ်သာ်းတအူ ကက်း စာ်း,"အကက်း စာ်းသစ်သာ်းတ။ူ တခ ာ်း
အသ ေါ်အသဝေါ်မ ာ်းမ ာ (နာရှိမှိုန္)ှို ဲ့
(အု်းှိ နာရှိ) တခှိုဖဲ့ စ်ကကသည။်
ြှ
လကန္် စ ်ဖကခ်ဖင ်ဲ့ ကငှို ည် စ်၍
သ်း ု သသာတကူ ှို ( ါ ယ )၊
လကတ် စ်ဖကခ်ဖငသ်ဲ့ ်း ု သသာတကူ ှို
( ဇ ု ှိ)(ကနှို ရ ှိ) ဟလု ည်း် သ ေါ်သည။်",,"くい う こ
かけやで杭を打ち込む"
,သခမဖှိစကခ်ဖင ်ဲ့ သခမသာ်းက ှို ဖှိသပှိ ်သည်,4,24,1,ランマ,らんま,သခမဖှိစက ် (Rammer),Tamping rammer ခဖစ်ပါသည။်,,"じ ば ん し かた
ランマで地盤を締め固める"
,"ြှ
လည ၍်ဲ့ ရသသာညပ်ကသှို ်း ု ၍ပှိုကလ် ်း ု ကှို
ငှို ် ငှို ပ် ူ်းကပ်သည်",5,24,1,自在クランプ,じざいくらんぷ,"ြှ
လည ၍်ဲ့ ရသသာ ညပ်
(Adjustable/Movable
clamp)","ပှိုကလ် ်း ု အ င်း် င်း် ငှို ် ငှို ပ် ူ်းကပ်၍
တသစာင်း် အာ်းခဖညသ်ဲ့ ညတ်ဲ့ န်း် က ှို
ထညသ်ဲ့ ငွ ်း် ရာတငွ သ် ်း ု သည။် ခငမ််းတငွ ၊်
တသစာင်း် အာ်းခဖညခ်ဲ့ င်း် က ှို (စူဂ ကငှို )်
ဟသု ေါ်သည။်",,"じ ざ い もち たんかん きんけつ
自在クランプを用いて単管を緊結する"
,"ြှ
ဖမ််းညပ်ကရှိ ှိယာကသှို ်း ု ၍ ပှိုကလ် ်း ု န္င ်ဲ့
သသ ာင်း် က ှို ငှို ် ငှို ပ် ူ်းကပ်သည်",6,24,1,キャッチクランプ,きゃっちくらんぷ,"ြှ
ဖမ််းညပ်ကရှိ ှိယာ (Catch
clamp)",,,"もち たんかん てっこつ
キャッチクランプを用いて単管と鉄骨
きんけつ
を緊結する"
,"ြှ
မ ရာတငွ သ် ်း ု သသာညပ်ကသှို ်း ု ၍
ပူ်း ညထ် ာ်းသသာပှိုကလ် ်း ု က ှို မသည်",7,24,1,吊り上げ用クランプ,つりあげようくらんぷ,"ြှ
မ ရာတငွ သ် ်း ု သသာ ညပ်",,,"つ あ よう もち きんけつ
吊り上げ用クランプを用いて緊結した
たんかん つ あ
単管を吊り上げる"
,"ြှ
ရုှိကသ် ထာငမ်ဲ့ နက် သသာညပ်ကသှို ်း ု ၍
ပှိုကလ် ်း ု က ှို ငှို ် ငှို ပ် ူ်းကပ်သည်",8,25,1,直交クランプ,ちょっこうくらんぷ,"ရုှိကသ် ထာငမ်ဲ့ နက် သသာ
ြှ
ညပ် (Orthogonal
clamp)",,,"ちょっこう もち たんかん きんけつ
直交クランプを用いて単管を緊結す
る"
,"ဝှိုငယ် ာကကြုံှိ်းက ှို ှိတသ် ကာကတ် ငွ ်
ှိတသ် ည်",9,25,1,フック,ふっく,ှိတသ် ကာက်,,,ワイヤーロープをフックにかける
,"ဝှိုငယ် ာကကြုံှိ်းက ှို
အသခဖာင ်ဲ့ တက် ငွ ်း် တငွ ် ှိတသ် ည်",10,25,1,ストレートシャックル,すとれーとしゃっくる,"အသခဖာင ်ဲ့ တက် ငွ ်း်
(Straight shackle)",,,"ワイヤーをストレートシャックルにかけ
る"
,စကသ် ်း ခဖင ်ဲ့ ကနု က်ကမ််းက ှို မ သည်,11,25,1,滑車,かっしゃ,စကသ် ်း,,,"かっしゃ ざいりょう つ あ
滑車で材料を吊り上げる"
,ကနု ပ် စစည်း် မ ာ်းက ှို မ သည်,12,25,1,クレーン,くれーん,ဝန ် စက ် (ကရှိန်း် ),,,"し ざ い つ あ
クレーンで資材を吊り上げる"
,"သရွွဲ့လ ာ်းန္ငှို သ် ညက်ဲ့ ရှိန်း် ခဖင ်ဲ့
ကနု ပ် စစည်း် မ ာ်းက ှို မ သည်",13,25,1,移動式クレーン,いどうしきくれーん,သရွွဲ့လ ာ်းန္ငှို သ် ညက်ဲ့ ရှိန်း်,,,"い ど う しき し ざ い つ あ
移動式クレーンで資材を吊り上げる"
,"ကရှိန်း် ခဖငပ်ဲ့ စစည်း် ခပန ် ှိနတ် ငွ ဆ် ယွ ရူ
န ် ကကြုံှိ်းခဖငက်ဲ့ နု စ် ညမ် ာ်း
မလပှု ်ယမ််းသအာင ် ထနှိ ်း် သည်",14,25,1,介しゃくロープ,かいしゃくろーぷ,"ကရှိန်း် ခဖငပ်ဲ့ စစည်း် ခပန ် ှိန်
တငွ ဆ် ယွ ရူ နက်ကြုံှိ်း",,,"かい に も つ ふ
介しゃくロープで荷物の振れをおさえ
る"
,"ခငမ််းအသပေါ်ဆငသ်ဲ့ တှို ဲ့ ကရ် န ်
ခငမ််းအတငွ ်း် ရှိ သလက ာ်းကသှို ်း ု သည်",15,25,1,昇降階段,しょうこうかいだん,ခငမ််းအတငွ ်း် ရှိ သလက ာ်း,,,"あ し ばじょうそう のぼ しょうこうかいだん つか
足場上層に上るには昇降階段を使う"
,"တယွ ဆ် ကပ် ငင် တု ် က ှို စှိုကသ် ငွ ်း် ၍
သက်းွ ထာ်းသည်",16,25,1,筋かい止めピン,すじかいとめぴん,"တသစာင်း် အာ်းခဖညထ်ဲ့ ည်ဲ့
သငွ ်း် ထာ်းသသာသစ်သာ်း
တန်း် အာ်း
ကတု ထ် ာ်းသည ်ဲ့
တယွ ဆ် က ် ပငင် တု ်",,,"すじ と さ こ お ま
筋かい止めピンを差し込み折り曲げ
ておく"
,"သအာကသ် ခ အမ တအ် ဆကက် ှို
တစ်ဆ်း ု ထ်းှို သငွ ်း် သည်",17,26,1,脚柱ジョイント,きゃくちゅうじょいんと,"သအာကသ် ခ အမ တအ် ဆ
က်
(Leg column joint)",,,"きゃくちゅう さ い ご さ こ
脚柱ジョイントは最後まで差し込む"
,,18,26,1,連結ピン,れんけつぴん,"တယွ ဆ် ကပ် ငင် တု ်
(Connecting pin)",,,"れんけつ さ い ご さ こ
連結ピンは最後まで差し込む"
,"တယွ ဆ် ကသ် တတ ြုံခပာ်းက ှို အဆ်း ု အထှိ
သသ ာတပ်ဆငသ် ည်",19,26,1,ジョイント金具,じょいんとかなぐ,"တယွ ဆ် ကသ် တတ ြုံခပာ်း
(Joint metal fittings)",,,"か な ぐ かくじつ さ い ご
ジョイント金具は確実に最後まではめ
る"
,"လဗ ာေသလာကခ်ဖင ်ဲ့
ကနု ပ် စစည်း် မ ာ်းက ှို
မလပှု ်သအာင ် ညထ် ာ်း်းသည်",20,26,1,レバーブロック,ればーぶろっく,"လဗ ာ
ေသလာက်(စကသ် ်း )
(Lever block)",,,"し ざ い こ て い
レバーブロックで資材を固定する"
,"ပ ုစ ကွ သ် ောငက် ခှိုဖတရ် န ် လျှပ်စစ်လ
ကသှို ်း ု သည်",21,26,1,電動のこ（丸のこ）,でんどうのこ（まるのこ）,လျှပ်စစ်လ (မာရုန္ကှို ဲ့ ှို),,,"かたわく せつだん まる し よ う
型枠の切断は丸のこを使用する"
,"ရွ ငခ်ဖင ်ဲ့ မူလသ ါင်း် က ှို
က ပ်သည်/သ ာငသ် ည်",22,26,1,モンキースパナ,もんきーすぱな,ရွ င ် (Monkey spanner),(Monkey wrench) ဟလု ည်း် သ ေါ်သည်,,"し ゆる
モンキースパナでナットを締める・緩
める"
,"လခ ု ြုံ သရ်း ါ်းပတက်ကြုံှိ်းက ှို ှိတဆ် သွ ည်ဲ့
ကကြုံှိ်းက ှို ညရ် မညသ်ဲ့ နရာက၊ှို
သထာက ် သ ညတ်ဲ့ ငှို တ် ငွ ်
တပ်ဆငသ် ည်",23,26,1,親綱支柱,おやづなしちゅう,"လခ ု ြုံ ‌သရ်း ါ်းပတက်ကြုံှိ်းက ှို ှိ
တဆ် သွ ညက်ဲ့ကြုံှိ်းက ှို
သထာက ် သ ညတ်ဲ့ ငှို ်",,,"おやづな は い ち おやづなしちゅう と つ
親綱を張る位置に親綱支柱を取り付
ける"
,"ခငမ််းသအာကတ် ငွ ် အထနှိ ်း် အသထာက်
ကတှို ပ်ဆငသ် ည်",24,26,1,ブラケット,ぶらけっと,အထနှိ ်း် အသထာက်,"(မှို ှိအု ှိ ရု ှိ) (Corbel)
ဟလု ည်း် သ ေါ်သည။်",,"あ し ば と つ
足場にブラケットを取り付ける"
,,25,26,1,梯子,はしご,လပု ်ငန်း် ငွ သ် ်း ု သလက ာ်း,,,
,"လခ ု ြုံ သရ်း ါ်းပတက်ကြုံှိ်းက ှို ှိတဆ် ယွ သူ ည်ဲ့
ကကြုံှိ်းတငွ ် လခ ု ြုံ သရ်း ါ်းပတက်ကြုံှိ်းကှို
ှိတသ် ည်",1,27,1,親綱,おやづな,"လခ ု ြုံ သရ်း ါ်းပတက်ကြုံှိ်းကှို
ှိတဆ် ယွ သူ ညက်ဲ့ကြုံှိ်း","သဆာကလ် ပု ်သရ်းလပု ်ငန်း် ငွ ၌် လခ ု ြုံ သရ်း
ါ်းပတက်ကြုံှိ်း(အသကက် ယက်ကြုံှိ်းတပ်ထာ်း
သသာ ါ်းပတ်)က ှို ှိတဆ် ရွ နသ် ်း ု သသာကကြုံှိ်း
။လပု ်ငန်း် ငွ ၌် လပု ်သာ်းမ ာ်း၏အသကက် ှို
ကာကယွ ရ် န၊်တငှို န္် စ ်တငှို က်ကာ်းတငွ ်
မသလ ာသဲ့ အာငတ် ပ်ဆငထ် ာ်းသည။်",,"おやづな あんぜんたい
親綱に安全帯をかける"
,"အသငသ်ဲ့ ်း ု ခငမ််းသောငက် အှို သ်း ု ခပြုံ၍ခငမ််း
ဆငသ် ည်",2,27,1,建枠（ビティ）,たてわく（びてぃ）,အသငသ်ဲ့ ်း ု ခငမ််းသောင်,,,"たてわく もち あ し ば く み た
建枠（ビティ）を用いて足場を組立て
る"
,"ခငမ််းသောငတ် ငွ ် ပှိုကက် ကွ အ် င်း် ခပာ်းကှို
တပ်သည်",3,27,1,メッシュシート,めっしゅしーと,"ဆန ် ါကကွ ်(ပှိုကက် ကွ ်)
အ င်း် ခပာ်း","(အကာ ပ်) (ပ စငလ် ငွ ထ်ဲ့ ကွ မ် ှု
ကာကယွ သ် ရ်းကနွ ရ် က်)
ဟလု ည်း် သ ေါ်သည။်",,"あ し ばわく と つ
足場枠にメッシュシートを取り付ける"
,"အသဆ ညူ မ ှုကာကယွ ်‌သရ်းအတကွ အ် သ
ကာသောငခ်ပာ်းမ ာ်းတပ်ဆငသ် ည်",4,27,1,防音パネル,ぼうおんぱねる,အသက ာသောငခ်ပာ်း,,,"そうおんたいさく ぼうおん せ っ ち
騒音対策として防音パネルを設置す
る"
,"ခပြုံတက် လာသညပ်ဲ့ စစည်း် ကဖှို မ််း
သပ်းသညအ်ဲ့ သ ည ် ပ စငလ် ငွ ထ်ဲ့ ကွ ်
ခပြုံတက် မှု ကာကယွ သ် ရ်းအတကွ ်
သ်း ု သည်",5,27,1,朝顔材,あさがおざい,"ခပြုံတက် လာသညပ်ဲ့ စစည်း် ကှို
ဖမ််း သ ပ်းသညအ်ဲ့",,,"あさがおざい ひ ら い ら っ か ぼ う し
朝顔材は飛来落下防止のためにつか
う"
,"ခငမ််းစငက် ဓှို ာတအ် ာ်းလငှို ်း် ကကြုံှိ်းန္င ်ဲ့
မထသှိ အာငလ် ပု ်သည်",6,27,1,架空線,かくうせん,ဓာတအ် ာ်းလငှို ်း် ကကြုံှိ်း,"ဗှိုအဲ့ ာ်းခမငလ်ဲ့ ျှပ်စစ်စ ်းသန၍ထမှိ ှိလျှငဓ် ာတ်
လကှို တ် တသ် ည်",,"か く うせん せっしょく
架空線へ接触させないようにする"
,"အလပု ်သမာ်းမ ာ်းလမှိ ်ဲ့မက ရန၊်
ပစစည်း် မ ာ်းသအာကမ် က သစရနက်ကမ််းခပင်
အစွန်း် တငွ သ် ထာငထ် ာ်းသသာအခပာ်းကှို
တပ်ထာ်းသည်",7,27,1,幅木（仮設足場）,はばき（かせつあしば）,"ကကမ််းခပငအ် စွန်း် မ
သထာငထ် ာ်းသသာအခပာ်း
(ယာယခ ငမ််း)",,,"ろうどうしゃ ついてんらく き ぐ ら っ か ぼ う し
労働者の墜転落・器具の落下防止の
あ し ば は ば き もう
ために足場に幅木を設ける"
,ပှိုကလ် ်း ု ကအှို သ်း ု ခပြုံ၍ခငမ််းဆငသ် ည်,8,27,1,単管,たんかん,ပှိုကလ် ်း ု,"(လ်း ု င်း် ပှိုက်)၏အတသှို ကာက။် (ပှိုက)်
ဟလု ည်း် သ ေါ်သည။်",,"たんかん もち あ し ば く た
単管を用いて足場を組み立てる"
,,9,28,1,脚立,きゃたつ,သ ါကသ် လက ာ်း,,,
,"စကအ် ကက်း စာ်းလပှု ်ရ ာ်းသနသည ်ဲ့
အ င်း် ဝကအ် တငွ ်း် မဝငရ်",10,28,1,作業半径,さぎょうはんけい,"လပု ်ငန်း် လပှု ်ရ ာ်းသနသည ်ဲ့
အ င်း် ဝက်","စကအ် ကက်း စာ်းလညပ် တသ် နသညအ်ဲ့ င်း်
ဝက။် မသတာ်တဆထ ှိ ကှို မ် ှု
မခဖစ်သအာင ် မဝငရ် ဟ ု တာ်းခမစ်
ထာ်းသလ ဲ့ ရှိ သည်.",,"じゅうきさぎょう さぎょうはんけい た い きん
重機作業の作業半径に立ち入りを禁
し
止する"
,"သရ ွဲ့သခပ်းယာယတ ပ်ဆငသ် ညမ်ဲ့ ူလခ ဖငအ်ဲ့
သဆာကအ် အု၏ သအာက ် သ ောငက် ယှို ာ
ယမ ူလစ ုပ်သည်",11,28,1,仮ボルト,かりぼると,"သရ ွဲ့သခပ်းယာယတ ပ်ဆငသ်
ညမ်ဲ့ ူလ",,,"かり こうぞうたい かり こ て い
仮ボルトで構造体を仮に固定する"
,"ခငမ််းတငွ အ် ခပစ်သခပာ ရ သသာသနရာက ှို
ခပနလ် ညခ်ပငဆ် ငသ် ည်",12,28,1,手直し,てなおし,"ြှ
ခပနလ် ည ် ှိနည် ခှိ င်း် /ခပငဆ်
ငခ် င်း်",,,"し て き ば し ょ て な お
指摘された場所を手直しする"
,"မ ကန္် ာ ခပငန္် စ ် အု ကကာ်းအလပ်မရှိ
ြှ
ထကှိ ပ်သနသအာငည် သှိ ည်",13,28,1,面一,つらいち,"မ ကန္် ာ ခပငန္် စ ် အု ကကာ်းအ
လပ်မရှိ ထကှိ ပ်သနခ င်း်",,,"つらいち
面一にそろえる"
,"အသ်း ု ခပြုံမညက်ဲ့ ရှိ ှိယာမ ာ်းက၊ှို
စစ်သဆ်းရမညအ်ဲ့ ကမ် ာ်းအသပေါ်
အသခ ၍ လပု ်ငန်း် မစမ စစ်သဆ်းသည်",14,28,1,点検事項,てんけんじこう,စစ်သဆ်းရမညအ်ဲ့ ကမ် ာ်း,,,"し よ う こ う ぐ てんけんじ こ う もと し
使用する工具は点検事項に基づき始
ぎょうまえてんけん
業前点検をおこなう"
,"ထရပ်ကာ်းတငွ တ် ငသ် ဆာငန္် ငှို သ် ညက်ဲ့ နု ်
အသလ်း ှိနထ် ကမ် သက ာ်သအာင ်
တငသ် ည်",15,28,1,積載荷重,せきさいかじゅう,"တငသ် ဆာငန္် ငှို သ် ညက်ဲ့ နု အ်
သလ်း ှိန်",,,"せきさいかじゅう こ
トラックの積載荷重を超えないように
つ こ
積み込む"
,"အသက ာအ ပ်ခပာ်းကကှိုကာ်းလပ်သနသည်ဲ့
သနရာမရှိ သအာငတ် ပ်ဆငသ် ည်",16,28,1,すき間,すきま,ကကာ်းလပ်သနသညသ်ဲ့ နရာ,,,"ぼうおん ま あ
防音シートはすき間が空かないように
と つ
取り付ける"
,"လပု ်ပ ုလပု ်နည်း် အတငှို ်း် လပု ်လျှင၊်သခမတ်းူ
တာသခဖာငမ်ဲ့ သခဖာငက်ဲ့ ကှိုကညသ်ဲ့ ည်",17,28,1,通りを見る,とおりをみる,သခဖာငမ်ဲ့ သခဖာငက်ဲ့ကညသ်ဲ့ ည်,,,"かたどお ね ぎ り で き とお
やり方通りで根切が出来ているか通
りをみる"
,ခငမ််းဆငသ် ည်,18,29,1,組立,くみたて,"သပါင်း် စပ်တညသ် ဆာကခ် င်း် /
ဆငခ် င်း်",,,"あ し ば く み た
足場を組立てる"
,"သခမသပေါ်တငွ ယ် ာယတ ပ်ဆငထ် ာ်းသသာ
ခငမ််းအစှိတအ် ပှိုင်း် မ ာ်းကကှို ရှိန်း် ခဖင ်ဲ့
ဆတွ င၍် အသပေါ်တငွ တ် ပ်ဆငသ် ည်",19,29,1,地組,じぐみ,"ရှုပ်သထ်းွ သသာအစှိတအ် ပှိုင်း်
မ ာ်းကသှို ခမသပေါ်တငွ ယ် ာယ
တပ်ဆငခ် င်း်",,,"した じ ぐみ あ し ば あ
下で地組した足場をクレーンで上げ
うえ と つ
て上で取り付ける"
,"ကနွ က် ရစ်မ ကန္် ာ ခပငတ် ငွ ် သသ ာင်း် ကှို
ရုှိကထ် ညသ်ဲ့ ည်",20,29,1,天端,てんば,"ကနွ က် ရစ်မ ကန္် ာ ခပငတ် ငွ ်
စှိုကထ် ာ်းသသာ သသ ာင်း်",,,"て ん ば へいかつ
コンクリートの天端をコテで平滑にな
らす"
,"ကနု က်ကမ််းပစစည်း် မ ာ်း သယမ် ှိနတ် ငွ ်
ခပြုံတမ် က သစရန၊်စှိတ ် ရသသာသနရာ၌
ကကြုံှိ်းခဖင ်ဲ့ ညသ် ည်",21,29,1,玉掛け,たまかけ・たまがけ,"ပစစည်း် မ ာ်း သယမ် ှိနတ် ငွ ်
ခပြုံတမ် က သစရနက်ကြုံှိ်းခဖင ်ဲ့
ညခ် င်း်",,,"ざいりょう つ あ さい あんぜん い ち
材料を吊り上げる際は安全な位置に
たまかけ
玉掛けをおこなう"
,"စကအ် ကက်း စာ်းမ ာ်းကငှို တ် ယွ သ် မာင်း် န္င ်
ရာတငွ ၊် အ ကခ်ပပပ ်းအန္ရတ ာယက် င်း် စွာ
လပု ်သဆာငရ် မည်",22,29,1,合図,あいず,အ ကခ်ပခ င်း်,,,"じゅうきさぎょう あ い ず あんぜん おこな
重機作業は合図をもって安全に行う"
,"ပ ုသသသတမ် တအ် သလ်း ှိနက် သှို က ာ်လနွ ်
သသာဆတွ ငလ် ပု ်ငန်း် မ ာ်းမလပု ်ရပါ",23,29,1,定格荷重,ていかくかじゅう,ပ ုသသသတမ် တအ် သလ်း ှိန်,,,"ていかくかじゅう こ つ さぎょう
定格荷重を超えて吊りもの作業はお
こなわない"
,"ခငမ််း၏တငှို မ် ာ်း သခမမ ကန္် ာ ခပငန္် င ်ဲ့
သထာငမ်ဲ့ နက် မက ကကညသ်ဲ့ ည်",24,29,1,たち,たち,"(သခမမ ကန္် ာ ခပငန္် င ်ဲ့)
သထာငမ်ဲ့ နက် ခ င်း်",,,"あ しばしち ゅ う み すいちょくせい
足場支柱のたちを見る（垂直性＝た
ち）"
,"ခငမ််းဆငရ် ာတငွ ်
လပု ်ငန်း် ငွ လ် မ််းည နက်က်း ကကပ်သ၏ူ
ည နက်ကာ်း ကက် ှို လကှို န် ာရမည်",25,29,1,職長,しょくちょう,"လပု ်ငန်း် ငွ လ် မ််းည န ်
ကက်း ကကပ်သူ",,,"あ し ばくみたて しょくちょう し じ したが
足場組立は職長の指示に従う"
,"လခ ု ြုံ သရ်းကာဗာအဖ ု်းကသှို ်း ု ခ င်း် အာ်းခဖင်ဲ့
မသတာ်တဆခဖစ်မှုမ ကာကယွ သ် ည်",1,30,1,安全カバー,あんぜんかばー,လခ ု ြုံ သရ်းကာဗာအဖ ု်း,"အဓှိကအာ်းခဖင ်ဲ့ လျှပ်စစ်လအ ဝှိုင်း် တငွ ်
တပ်ထာ်းသသာကာဗာအဖ ု်းက ှို
ဆလှို သှို ည။် လခ ဖတ ် ှိနတ် ငွ ်
သနာကခ်ပနက် နခ် င်း် စသညတ် ခှိုဖဲ့ င ်ဲ့
န္ာဓ ကယှို သ် ှို လဲ့ က ပ စငထ် ကွ လ် ာ
တတ၍် ယင်း် ကကှို ာကယွ ရ် နသ် ်း ု သည။်",,"あんぜん しよう じこ ふせ
安全カバーの使用で事故を防ぐ"
,"လခ ု ြုံ သရ်း ါ်းပတက်ကြုံှိ်းက ှို ခငမ််းတငွ ်
ှိတသ် ည်",2,30,1,安全帯,あんぜんたい,လခ ု ြုံ သရ်း ါ်းပတက်ကြုံှိ်း,,,"あんぜんたい あ し ば と つ
安全帯を足場に取り付ける"
,"ကနွ က် ရစ်ထတ ငွ ် သထ ညအ် စှိတအ် ပှိုင်း်
က ှို ခမြုံပ်ထညရ်ဲ့ န၊် ပ ုစ ကွ သ် ောငတ် ငွ ်
ရုှိကသ် ငွ ်း် သည်",3,30,1,インサート,いんさーと,"ကနွ က် ရစ်ထတ ငွ ခ်မြုံပ်ထည်ဲ့
ထာ်းသသာ သထ ည ်
အစှိတအ် ပှိုင်း်",,,"せ っ ち
インサートをコンクリートに設置するた
かたわく う こ
め、型枠に打ち込む"
,"ပ ုစ ကွ သ် ောငတ် ငွ ် ကကာ်း ခ ပာ်း က ှို
တပ်သည်",4,30,1,スペーサ,すぺーさ,ကကာ်း ခ ပာ်း,,,"かたわく と つ
型枠にスペーサを取り付ける"
,"သတ ငှို န္် င ်ဲ့ ပ ုစ ကွ သ် ောင၏်
ြှ
ကကာ်းလပ်သနရာက ှို ညသှိ ည်",5,30,1,鉄筋,てっきん,သတ ငှို ၊်သသ ာင်း်,,,"てっきん かたわく す き ま ちょうせい
鉄筋と型枠の隙間を調整する"
,"ဓာတက်ကြုံှိ်းရစ်လ်း ု ၏ ပလတသ် ပါကတ် ငွ ်
(ပလတသ် ါင်း် ကှို) ထ်းှို စှိုကသ် ည်",6,30,1,電工ドラム（ドラム）,でんこうどらむ（どらむ）,"ပလတသ် ပါကမ် ာ်းပါသသာ
ဓာတက်ကြုံှိ်းရစ်လ်း ု (ဒရမ်)",,,"でんこう さ こ
電工ドラムのコンセントに差し込む"
,"လျှပ်စစ်လအ ဝှိုင်း် ခဖင ်ဲ့ ကနွ ်း် ပါနက ှို
ခဖတသ် ည်",7,30,1,電動丸のこ（電のこ）,"でんどうまるのこ（でんの
こ）",လျှပ်စစ်လအ ဝှိုင်း်,,,"でんどうまる せつだん
電動丸のこでコンパネを切断する"
,"အလပ ု ှိတရ် နသ် ်း ု သသာ သရာ်ောကငွ ်း် ကှို
ထ ညသ်ဲ့ ည်",8,30,1,パッキン,ぱっきん,"အလပ ု ှိတရ် နသ် ်း ု သသာ
သရာ်ောကငွ ်း်",,,"し こ
パッキンを敷き込む"
,"သေ ာ်းသ ာင်း် အသသ်းခဖင ်ဲ့ သသ ာင်း် ကှို
န္တှု သ် ည်",9,30,1,小バール,しょうばーる,သေ ာ်းသ ာင်း် အသသ်း,,,"しょう くぎ ぬ
小バールで釘を抜く"
,"ပ ုစ ကွ သ် ောငက် ှို ခပနခ်ဖြုံတရ် ာ၌
သေ ာ်းသ ာင်း် အကက်း ကသှို ်း ု သည်",10,31,1,大バール,だいばーる,သေ ာ်းသ ာင်း် အကက်း,,,"かたわくかいたい だい し よ う
型枠解体に大バールを使用する"
,"မ ကန္် ာ ခပငဖ် ကမ် ာ ကနွ က် ရစ်က
ပငက် အှို တငှို ်း် သပေါ်သနသသာသကကာင ်ဲ့
အလဆ င ် အထပ်သာ်းခပာ်းကသှို ်း ု သည်",11,31,1,化粧合板,けしょうごうはん,အလဆ င ် အထပ်သာ်းခပာ်း,,,"ひょうめん う はな し あ けしょうごうばん
表面は打ち放し仕上げのため化粧合
し よ う
板を使用する"
,"သက ာဖကမ် ာ
ရုှိ်းရုှိ်းအသာ်းအတငှို ်း် ထာ်းမညခ်ဖစ်၍
ရုှိ်းရုှိ်းအထပ်သာ်းခပာ်းကသှို ်း ု သည်",12,31,1,普通合板,ふつうごうはん,ရုှိ်းရုှိ်းအထပ်သာ်းခပာ်း,,,"はいめん そ じ し あ ふ つ うごうばん
背面は素地仕上げのため普通合板を
し よ う
使用する"
,"သဖာခဲ့ပာ်းက ှို ပ ုစ ကွ သ် ောငအ် တငွ ်း်
တပ်ဆငသ် ည်",13,31,1,スタイロフォーム,すたいろふぉーむ,သဖာခဲ့ပာ်း (Styrofoam),,,"かたわくない と つ
スタイロフォームを型枠内に取り付け
る"
,"ပ ုစ ကွ သ် ောငတ် ငွ ်
ြှ
သ်း ု သခမာငပ် ုအစှိတအ် ပှိုင်း် က ှို တပ်သည်",14,31,1,面木,めんぎ,"ပ ုစ ကွ သ် ောင၏်
သထာငတ်ဲ့ ငွ ထ် ညသ်ဲ့ သာ
ြှ
သ်း ု သခမာငပ် ုအစှိတအ် ပှိုင်း်",,,"かたわく めん ぎ と つ
型枠に面木を取り付ける"
,"လျှပ်စစ်တနု ် ါစကက် ရှိ ှိယာခဖင ်ဲ့
ကနွ က် ရစ်က ှို က စ်မာသအာငလ် ပု ်သည်",15,31,1,バイブレーター,ばいぶれーたー,လျှပ်စစ်တနု ် ါ စကက် ရှိ ှိယာ,,,"し かた
バイブレーターでコンクリートを締め固
める"
,"ကနွ က် ရစ်န္င ်ဲ့ ပ ုစ ကွ သ် ောငက် ှို
ာွ ရလယွ သ် အာင ် ာွ သဆ်းကသှို ်း ု သည်",16,31,1,剥離剤,はくりざい,ာွ သဆ်း,,,"かたわく よ
コンクリートと型枠のはなれを良くする
は く りざい し よ う
ために剥離剤を使用する"
,သဒါငလ် ကှို အ် ခပာ်းက ှို တပ်သည်,17,31,1,けこみ板,けこみいた,"သလက ာ်း စသညတ် ၏ှို ဲ့
သဒါငလ် ကှို အ် ခပာ်း",,,"いた と つ
けこみ板を取り付ける"
,"ပ ုစ ကွ သ် ောငတ် ငွ ၊် ကနွ က် ရစ်က ှို
သခမာင်း် သဖာ်ရနသ် ်း ု သညအ်ဲ့ သ ာင်း် က ှို
တပ်ဆငသ် ည်",18,31,1,目地棒,めじぼう,"ကနွ က် ရစ်တငွ ်
သခမာင်း် သဖာ်ရန ် ထညသ်ဲ့ သာ
အသ ာင်း်",,,"かたわく め じ ぼう と つ
型枠に目地棒を取り付ける"
,"ပ ုစ ကွ သ် ောငတ် ငွ ် ကနွ က် ရစ်က ှို
သလာင်း် ထညသ်ဲ့ ည်",19,31,1,コンクリート,こんくりーと,ကနွ က် ရစ်,,,"かたわく なが こ
型枠にコンクリートを流し込む"
,သသ ပတအ လပှိ ်ခဖငအ်ဲ့ လ ာ်းတငှို ်း် သည်,20,32,1,コンベックス,こんべっくす,"အလ ာ်းတငှို ်း် သည ်ဲ့
သသ ပတအ လပှိ ်",,,"すんぽう はか
コンベックスで寸法を測る"
,"လပု ်ငန်း် ငွ သ် ်း ု လကအ် ပှိ ်ခဖင ်ဲ့
ပ ုစ ကွ သ် ောငလ် ပု ်ငန်း် ကလှို ပု ်သည်",21,32,1,作業用手袋,さぎょうようてぶくろ,လပု ်ငန်း် ငွ သ် ်း ု လကအ် ပှိ ်,,,"さぎょうようてぶくろ もち かたわくさぎょう
作業用手袋を用いて型枠作業をおこ
なう"
,"သသ ပတသ ထာငမ်ဲ့ နအ် သကာကခ်ဖငအ်ဲ့ လ ာ
း်း တငှို ်း် သည်",22,32,1,差金,さしがね,"သသ ပတသ ထာငမ်ဲ့ န ်
အသကာက်",,,"さしがね すんぽう はか
差金で寸法を測る"
,"သရခပငည် တ ငှို ်း် သညက်ဲ့ ရှိ ှိယာခဖင ်ဲ့
သစာင်း် သနသညက် ှို သရခပငည် ခ ဖစ်သအာင်
ြှ
ညသှိ ည်",23,32,1,水平器,すいへいき,"သရခပငည် တ ငှို ်း် သည ်ဲ့
ကရှိ ှိယာ",,,"すいへい き かたむ ちょうせい すいへい
水平器で傾きを調整し水平にする"
,"ဝါ်း ျွနခ်ပာ်းက ှို
မငအ် နကထ် ညသ်ဲ့ သာသစ်သာ်းအု်းှိ တငွ ်
စှိမ်ထာ်းသည်",24,32,1,墨さし,すみさし,"သစ်သာ်းတငွ ်
အမ တအ် သာ်း သရ်းခ စ်ရန်
သ်း ု သသာ ဝါ်း ျွနခ်ပာ်း",,,"すみ すみ
墨さしを墨つぼにつける"
,"ဝါ်း ျွနခ်ပာ်းက ှို
မငအ် နကထ် ညသ်ဲ့ သာသစ်သာ်းအု်းှိ တငွ ်
စှိမ်ထာ်းသည်",25,32,1,墨つぼ,すみつぼ,"မငအ် နက ် ထညသ်ဲ့ သာ
သစ်သာ်းအု်းှိ",,,"すみ すみ
墨さしを墨つぼにつける"
,"ပ ုစ ကွ သ် ောင၏် အက ယက် ှို
မ နက် နစ် ွာ ထနှိ ်း် ရန ် သတတ ြုံသ ာင်း် က ှို
တပ်ဆငသ် ည်",1,33,1,"丸セパレーター
（丸セパ）","まるせぱれーたー
（まるせぱ）","ပ ုစ ကွ သ် ောငတ် ပ်ဆငရ် ာ
တငွ ် သတမ် တထ် ာ်းသသာ
အက ယက် ှို မ နက် နစ် ွာ
ထနှိ ်း် ရန ် သ်း ု သသာ
သတတ ြုံသ ာင်း်",,,"まる かたわく こ て い
丸セパレーターで型枠を固定する"
,"ကနွ က် ရစ်မ ကန္် ာ ခပငတ် ငွ ် သသ ာင်း် ကှို
ရုှိကထ် ညသ်ဲ့ ည်",2,33,1,天端釘,てんばくぎ,"ကနွ က် ရစ်မ ကန္် ာ ခပငတ် ငွ ်
စှိုကထ် ာ်းသသာ သသ ာင်း်",,,"てん てん ば くぎ う
コンクリート天に天端釘を打つ"
,"ကနွ ်း် ပါန၏ မ ကန္် ာ ခပငက် ှို
သနရ် ဲ့ င်း် သရ်းလပု ်သည်",3,33,1,ケレン,けれん,သနရ် ဲ့ င်း် သရ်း,,,"ひょうめん
コンパネの表面をけれんする"
,"ကနွ က် ရစ်သလာင်း် ှိနတ် ငွ ်
ပ ုစ ကွ သ် ောငက် ှို သထာကက် နသ် ည ်ဲ့
လပု ်ငန်း် က ှို လပု ်သည်",4,33,1,型枠支保工,かたわくしほこう,"ကနွ က် ရစ်သလာင်း် ှိနတ် ငွ ်
ပ ုစ ကွ သ် ောငက် ှို
သထာကက် နသ် ည ်ဲ့ လပု ်ငန်း်",,,"か た わ く し ほ こ う こ う じ おこな
型枠支保工の工事を行う"
,"သတတ ြုံသောငခ်ဖင ်ဲ့ သအာက ်
ကနွ က် ရစ်တငွ ် သဒါငလ် ကှို ်
စှိုကထ် ာ်းသသာ သတ ငှို ပ် တလ် ည၌်
သောငဆ် ငသ် ည်",5,33,1,"基礎型枠
（メタルフォーム）","きそかたわく
（めたるふぉーむ）","သအာက ် က နွ က် ရစ်တငွ ်
သဒါငလ် ကှို စ် ှိုကထ် ာ်းသသာ
သတ ငှို ပ် တလ် ည၌်
ဆငသ် သာသောင်",,,"き そ かたわく く み た
基礎型枠を組立てる"
,"ပ ုစ ကွ သ် ောငက် ှို တစ်စစ ပဖှိြုံဖ က၍်
ရုှိကထ် ာ်းသသာ သသ ာင်း် မ ာ်းက ှို
ခပနန္် တှု သ် မှိ ််းဆည်း် သည်",6,33,1,釘仕舞い,くぎしまい,"ရုှိကထ် ာ်းသသာ
သသ ာင်း် မ ာ်းက ှို
ခပနန္် တှု သ် မှိ ််းဆည်း် ခ င်း်",,,"かたわく くぎ し ま
型枠をばらして釘仕舞いをする"
,"ြှ
ကကမ််းခပငခ်ပာ်းကညှို သှိ ည်",7,33,1,スラブ天端,すらぶてんば,ကကမ််းခပငခ်ပာ်း,,,"てん ば
スラブ天端をそろえる"
,အခမငက်ဲ့ တှို ငှို ်း် သည်,8,33,1,高さ（タッパ）,たかさ（たっぱ）,အခမင်ဲ့,,,"たか はか
高さ（タッパ）を測る"
,"ပ ုစ ကွ သ် ောငက် ှို သဒါငလ် ကှို ်
တပ်ဆငသ် ည်",9,33,1,建込み,たてこみ,သဒါငလ် ကှို ် တပ်ဆငခ် င်း်,,,"かたわく た て こ
型枠を建込みする"
,"မသကာင်း် သသာအရာ၊
အသန္ာ ငအ်ဲ့ ယက ခ်ဖစ်သသာအရာမ ာ်းကှို
သကာင်း် သအာင ် ခပနခ်ပငသ် ည်",10,34,1,通り,とおり,ခပနခ်ပငခ် င်း်,"မသကာင်း် သသာအရာ၊
အသန္ာ ငအ်ဲ့ ယက ခ်ဖစ်သသာအရာမ ာ်းက ှို
ပ ုမ နခ်ဖစ်သအာင ် ခပနခ်ပငခ် င်း်",,"とお よ
通りを良くする"
,"သတမ် တထ် ာ်းသသာသလက ာ်းတစ်ဆင၏်ဲ့
အခမငအ်ဲ့ တငှို ်း် ပ ုစ ကွ သ် ောငက် ဆှို ငသ်
ည်",11,34,1,蹴上げ,けあげ,သလက ာ်းတစ်ဆင၏်ဲ့ အခမင်ဲ့,သလက ာ်းတစ်ဆင၏်ဲ့ အခမင။်ဲ့,,"き け あ すんぽう かたわく く み た
決められた蹴上げ寸法で型枠を組立
てる"
,"သတမ် တထ် ာ်းသသာသလက ာ်း၏
သခ နင်း် အက ယအ် တငှို ်း် ပ ုစ ကွ သ် ောင်
ကဆှို ငသ် ည်",12,34,1,蹴込み,けこみ,သလက ာ်း၏ သခ နင်း် အက ယ်,,,"き け こ すんぽう かたわく く み た
決められた蹴込み寸法で型枠を組立
てる"
,"ကရှိ ှိယာမ ာ်းက ှို ခပြုံခပငထ် နှိ ်း် သမှိ ််းရန ်
မသပါသဲ့ လ ာပဲ့ ါန္င ်ဲ့",13,34,1,工具の手入れ,こうぐのていれ,"ကရှိ ှိယာမ ာ်းက ှို
ခပြုံခပငထ် နှိ ်း် သမှိ ််းခ င်း်",,,"こ う ぐ て い
工具の手入れをおこたらない"
,"ှိနသ် ်း ခဖင ်ဲ့ ‌‌သဒါငလ် ကှို က် မက
အတညခ်ပြုံ စစ်သဆ်းသည်",14,34,1,下げ振り,さげふり,ှိနသ် ်း,,,"さ ふ すいちょく かくにん
下げ振りで垂直を確認する"
,"ခ စ်မ တထ် ာ်းသသာ မငအ် မ တအ် တငှို ်း်
ပ ုစ ကွ သ် ောငက် ှို တပ်ဆငသ် ည်",15,34,1,地墨,じずみ,"ကကမ််းခပင ် စသညတ် တှို ဲ့ ငွ ်
ခ စ်မ တထ် ာ်းသသာ မင်",,,"じ ずみ あ かたわく と つ
地墨に合わせて型枠を取り付ける"
,"သခမသာ်းသပေါ်တငွ သ် ရ ်းဥ ်းစွာသလာင်း် သသာ
ကနွ က် ရစ်အလာ အတကွ ်
သောင ် တသ် ည်",16,34,1,捨てコンクリート,すてこんくりーと,"သခမသာ်းသပေါ်တငွ သ် ရ ်းဥ ်းစွာ
သလာင်း် သသာ
ကနွ က် ရစ်အလာ",,,"す と わく せ っ ち
捨てコンクリートの止め枠を設置する"
,"နရ မ သက ာ်ထကွ ၍်
ကကမ််းခပငပ် ုစ ကွ သ် ောငက် ှို
တပ်ဆငသ် ည်",17,34,1,はね出し,はねだし,ကျွ ထကွ သ် နခ င်း်,"ခငမ််း၏ လမ််းသကကာင်း် အခပာ်းက
သထာကပ် ှို်းထာ်းသညအ်ဲ့ စှိတအ် ပှိုင်း် မ
သေ်းတစ်ဖကသ် ှို မဲ့ ာ်းစွာကျွ ထကွ ်
သနသသာ အသခ အသန။ မသေှိ
နင်း် မှိပါက လမှိ ်ဲ့က န္ငှို ၍် အလနွ ်
အန္ရတ ာယမ် ာ်းသည်",,"かべ だ かたわく く み た
壁からはね出してスラブ型枠を組立て
る"
,"ကနွ က် ရစ်သလာင်း် သန ှိနတ် ငွ ်
ပ ုစ ကွ သ် ောင၏် သဖာင်း် ကကမှုက ှို
စစ်သဆ်းသည်",18,34,1,はらみ,はらみ,သဖာင်း် ကကခ င်း်,,,"だ せ つちゅう かたわく
コンクリート打設中に型枠のはらみを
かくにん
確認する"
,"ြှ
သရ ွဲ့မ ကန္် ာ ခပငက် ညှို သှိ ည်",19,35,1,前面,まえつら,သရ ွဲ့မ ကန္် ာ ခပင်,,,"まえつら そろ
前面を揃える"
,"ကနွ က် ရစ်သလာင်း် ပပ ်းသာွ ်းသသာ
အပှိုင်း် မ ာ်းက ှို ထ ှိ ကှို မ် ှုမရှိ သစရန ်
ထနှိ ်း် သမှိ ််းသည်",20,35,1,養生,ようじょう,"ပပ ်းသာွ ်းသသာအပှိုင်း် မ ာ်းကှို
ထ ှိ ကှို မ် ှုမရှိ သစရန ်
ထနှိ ်း် သမှိ ််းခ င်း်",,,"だ せ つ ご ようじょう
コンクリート打設後に養生をおこなう"
,အနမှိ ်ဲ့အခမင်ဲ့/သရခပငည် ကတှို ငှို ်း် သည်,21,35,1,レベル,れべる,အနမှိ ်ဲ့အခမင၊်ဲ့ သရခပငည်,,,"そくりょう
レベルを測量する"
,"ပ ုစ ကွ သ် ောငက် ှို သွ ဝသတမ် တ ် ထာ်း
သည်",22,35,1,割付,わりつけ,သွ ဝသတမ် တခ် င်း်,,,"かたわく わ つ
型枠を割り付ける"
,"ပ ုစ ကွ သ် ောငတ် ငွ ် သထ ညပ် စစည်း် ကှို
ြှ
ကကြုံှိခမြုံပ်ထာ်းသည်",23,35,1,埋め込み金物,うめこみかなもの,"ြှ
ခမြုံပ်ထာ်းသသာ
သထ ညပ် စစည်း်",,,"かたわく う こ かなもの
型枠にはあらかじめ埋め込み金物を
と つ
取り付ける"
,ပ ုစ ကွ သ် ောငက် ပှိုဖှိြုံဖ ကသ် ည်,24,35,1,解体する（バラス）,かいたいする（ばらす）,ပဖှိြုံဖ ကသ် ည်,,,"かたわく かいたい
型枠を解体する（バラス）"
,"သသ ာင်း် ကအှို ုပ်သည ်ဲ့ ကနွ က် ရစ်၏
အထကူ ှို အတညခ်ပြုံစစ်သဆ်းသည်",25,35,1,かぶり寸法,かぶりすんぽう,"သသ ာင်း် ကအှို ုပ်သည ်ဲ့
ကနွ က် ရစ်၏ အထူ",,,"てっきん かたわく すんぽう かくにん
鉄筋と型枠のかぶり寸法を確認する"
,"ပ ုသဏ္ဍာနမ် တညူ သ ည ်ဲ့ သသ ာင်း် မ ာ်းကှို
အသ်း ု ခပြုံသည်",1,36,1,異形棒鋼,いけいぼうこう,"ပ ုသဏ္ဍာနမ် တညူ သ ည ်ဲ့
သသ ာင်း် မ ာ်း",ဂ ပနတ် ငွ ် ပ ုမ နသ် ်း ု သလရဲ့ ှိ သသာ သသ ာင်း်,,"い け いぼうこう もち
異形棒鋼を用いる"
,"တ ွ ညသ် ညက်ဲ့ကြုံှိ်းခဖင ်ဲ့
သတ ငှို က် ှို ညသ် ည်",2,36,1,結束線,けっそくせん,တ ွ ညသ် ညက်ဲ့ကြုံှိ်း,,,"けっそくせん てっきん しば
結束線で鉄筋を縛る"
,"ညသ် န္ာ ငသ် ညက်ဲ့ ရှိ ှိယာက ှို အသ်း ု ခပြုံ၍
သတ ငှို က် ှို ညသ် ည်",3,36,1,結束工具,けっそくこうぐ,ညသ် န္ာ ငသ် ညက်ဲ့ ရှိ ှိယာ,(ဟပ်ကာ) ဟလု ည်း် သ ေါ်သည်,,"けっそく こ う ぐ もち てっきん しば
結束工具を用いて鉄筋を縛る"
,"သသ ာင်း် ခဖတစ် ကခ်ဖင ်ဲ့
သသ ာင်း် ကခှိုဖတသ် ည်",4,36,1,鉄筋切断機,てっきんせつだんき,သသ ာင်း် ခဖတစ် က်,,,"てっきんせ つだ んき てっきん せつだん
鉄筋切断機で鉄筋を切断する"
,"သသ ာင်း် သက်းွ စကခ်ဖင ်ဲ့
သသ ာင်း် ကသှို က်းွ သည်",5,36,1,鉄筋曲げ加工機,てっきんまげかこうき,သသ ာင်း် သက်းွ စက်,,,"てっきん ま か こ う き てっきん ま
鉄筋曲げ加工機で鉄筋を曲げる"
,သသ ာင်း် အဖ ာ်းက ှို သက်းွ ထာ်းသည်,6,36,1,フック,ふっく,"သသ ာင်း် အဖ ာ်းရှိ
သက်းွ ထာ်းသညအ်ဲ့ ပှိုင်း်",,,"てっきんた ん ぶ
鉄筋端部にフックをつける"
,"ကာကယွ သ် ရ်းဥ ်းထပု ်ကသှို ဆာင်း် ၍
အလပု ်လပု ်သည်",7,36,1,保護帽（ヘルメット）,ほごぼう（へるめっと）,"ကာကယွ သ် ရ်းဥ ်းထပု ်
(Helmet)",,,"ほ ご ぼう さぎょう と か
保護帽をかぶり作業に取り掛かる"
,"ကနွ က် ရစ်မ အစွန်း် ထကွ သ် သ ာင်း် ကတှို
ပ်ဆငသ် ည်",8,36,1,アンカー,あんかー,"ကနွ က် ရစ်မ
အစွန်း် ထကွ သ် သ ာင်း်","(ဆာရှိ ကင်း် ) အန်း် ကာ ၏
အတသှို ကာက။် (ဆာရှိ ကင်း် )
ဟလု ည်း် သ ေါ်သည။်",,"せ っ ち
アンカーを設置する"
,"လပု ်ငန်း် ငွ သ် ှို သဲ့ ယမ် သာွ ်းမ အလပု ်ရု ၌
သသ ာင်း် က ှို ပ ုသငွ ်း် သည်",9,36,1,加工場,かこうば,အလပု ်ရု,,,"げ ん ばはんにゅうまえ か こ う ば てっきん か こ う
現場搬入前に加工場で鉄筋を加工
する"
,"သသ ာင်း် ၏
ကနွ က် ရစ်အတငွ ်း် ရှိ အနကက် ှို ထနှိ ်း် ရန ်
စသပဲ့ဆာ ကသှို ်း ု သည်",10,37,1,スペーサ―,すぺーさー,"ကနွ က် ရစ်သလာင်း် ှိန ်
သသ ာင်း် မလပှု ်ရနန္် င ်ဲ့
သသ ာင်း် ၏ ကနွ က် ရစ်
အတငွ ်း် ရှိ အနကက် ှို
ထနှိ ်း် ရန ် သ်း ု သညပ်ဲ့ စစည်း်",,,"てっきん あつ たも
鉄筋のかぶり厚さを保つためスペー
つか
サーを使う"
,"နရ သသ ာင်း် ၏ ကနွ က် ရစ်
အတငွ ်း် ရှိ အနကက် ှို ထနှိ ်း် ရန ်
ဒ်းှို နပ်ကသှို ်း ု သည်",11,37,1,ドーナツ,どーなつ,"သသ ာင်း် ၏ ကနွ က် ရစ်
အတငွ ်း် ရှိ အနကက် ှို
ထနှိ ်း် ရန ် သသ ာင်း် တငွ ်
တပ်သည ်ဲ့ ပလပ်စတစ်ခပာ်း",,,"かべ てっきん あつ つか
壁の鉄筋かぶり厚さはドーナツを使う"
,"သက ကူ နွ က် ရစ်တညသ် ဆာကရ် နပ် ု
အတငှို ်း် တပ်ဆငသ် ည်",12,37,1,加工配筋図,かこうはいきんず,"သက ကူ နွ က် ရစ်
တညသ် ဆာကရ် နပ် ု",,,"か こ うはいきん ず どお く み た
加工配筋図通りに組立てる"
,"သက ကူ နွ က် ရစ် တညသ် ဆာကခ် င်း်
အသသ်းစှိတပ် ုအတငှို ်း် တပ်ဆငသ် ည်",13,37,1,配筋詳細図,はいきんしょうさいず,"သက ကူ နွ က် ရစ်
တညသ် ဆာကခ် င်း်
အသသ်းစှိတပ် ု",,,"はいきんしょうさい ず どお くみ た
配筋詳細図通りに組立てる"
,"ခပြူတင်း် သပါကသ် နရာတငွ ် အသပါက ်
အာ်းကသူ သ ာင်း် က ှို တပ်ဆငသ် ည်",14,37,1,開口補強筋,かいこうほきょうきん,အသပါက ် အာ်းကသူ သ ာင်း်,,,"まどかいこう ぶ かいこうほきょうきん ぐみ た
窓開口部は開口補強筋を組立てる"
,"သသ ောင၏် အက ယ ် ပငမှိ ်သစရန ်
ကနလ် ဲ့ န ် ဲ့ ထ ာ်းသည ်ဲ့ သသ ာင်း် က ှို
တပ်ဆငသ် ည်",15,37,1,幅止め筋,はばどめきん,"သသ ောင၏် အက ယ ်
ပငမှိ ်သစရန ် ကနလ် ဲ့ န ် ဲ့
ထ ာ်းသည ်ဲ့ သသ ာင်း်",,,"はば ど きん と つ
幅止め筋を取り付ける"
,"ကနွ က် ရစ်တငွ ် အစွန်း် ထကွ သ် သ ာင်း် ကှို
စှိုကသ် ငွ ်း် သည်",16,37,1,差筋,さしきん,"(ကနွ က် ရစ်တငွ ်)
အစွန်း် ထကွ သ် သ ာင်း် က ှို
စှိုကသ် ငွ ်း် ခ င်း်",,,"さしきん
コンクリートに差筋をする"
,"သကာ်လတ ငှို ် အဓှိကသသ ာင်း် က ှို
တပ်ဆငသ် ည်",17,37,1,柱主筋,はしらしゅきん,သကာ်လတ ငှို ် အဓှိကသတ ငှို ်,,,"はしらしゅきん ぐみ た
柱主筋を組立てる"
,"သကာ်လတ ငှို အ် ာ်း သထာကက် နသ် ပ်းသည်ဲ့
သသ ာင်း် က ှို ပ ုစ ကာ်း ပ်ကကှိုကည၍်ဲ့
အတညခ်ပြုံစစ်သဆ်းသည်",18,37,1,柱配筋,はしらはいきん,"သကာ်လတ ငှို အ် ာ်း
သထာကက် နသ် ပ်းသည ်ဲ့
သသ ာင်း်",,,"はしらはいきん ず めん かくにん
柱配筋を図面で確認する"
,"ကကမ််း င်း် အတငွ ်း် ရှိ သသ ာင်း် က ှို
သတမ် တထ် ာ်းသသာ
အကာွ အသဝ်းအတငှို ်း် တပ်ဆငသ် ည်",19,38,1,スラブ筋,すらぶきん,"ကကမ််း င်း် အတငွ ်း် ရှိ
သသ ာင်း်",,,"きん しょてい く み た
スラブ筋を所定のピッチで組立てる"
,သအာက ် သ သ ာင်း် က ှို တပ်ဆငသ် ည်,20,38,1,ベース筋,べーすきん,သအာက ် သ သ ာင်း်,,,"きん く み た
ベース筋を組立てる"
,"သကာ်လတ ငှို သ် သ ာင်း် အာ်း
ပတထ် ာ်းသညသ်ဲ့ သ ကွ ှို တပ်ဆငသ် ည်",21,38,1,帯筋（フープ）,おびきん（ふーぷ）,"သကာ်လတ ငှို သ် သ ာင်း် အာ်း
ပတထ် ာ်းသညသ်ဲ့ သ ွ",,,"おびきん く み た
帯筋を組立てる"
,"ရကမ် ရှိ သသ ၏ွ သအာကေ် ကရ် ှိ
သသ ာင်း် က ှို တပ်ဆငသ် ည်",22,38,1,下端筋,したばきん,"ရကမ် ရှိ သသ ၏ွ
သအာကေ် ကရ် ှိ သသ ာင်း်",,,"し た ばきん く み た
下端筋を組立てる"
,"ရကမ် ရှိ သသ ၏ွ အသပေါ်ေကရ် ှိ
သသ ာင်း် က ှို တပ်ဆငသ် ည်",23,38,1,上端筋,うわばきん,"ရကမ် ရှိ သသ ၏ွ
အသပေါ်ေကရ် ှိ သသ ာင်း်",,,"う わ ばきん く み た
上端筋を組立てる"
,အဓှိကသသ ာင်း် က ှို တပ်ဆငသ် ည်,24,38,1,主筋,しゅきん,အဓှိကသသ ာင်း်,,,"しゅきん く み た
主筋を組立てる"
,"ရကမ် စသည ်ဲ့ အလ ာ်းလကှို ်
သနရာမ ာ်းတငွ ် သ်း ု သည ်ဲ့
သသ ာင်း် ငယက် ှို တပ်ဆငသ် ည်",25,38,1,あばら筋,あばらきん,"ရကမ် စသည ်ဲ့ အလ ာ်းလကှို ်
သနရာမ ာ်းတငွ ် သ်း ု သည ်ဲ့
သသ ာင်း် ငယ်",,,"きん く み た
あばら筋を組立てる"
,"အသပေါ်ေကခ် မ််းရှိ သသ ာင်း် က ှို
တပ်ဆငသ် ည်",1,39,1,はかま筋,はかまきん,"သဆ ငရ် ာတငွ ်
အသပေါ်ေကခ် မ််းရှိ
သသ ာင်း်",,,"きん く み た
はかま筋を組立てる"
,သဒါငလ် ကှို သ် သ ာင်း် က ှို တပ်ဆငသ် ည်,2,39,1,縦筋,たてきん,သဒါငလ် ကှို သ် သ ာင်း်,,,"たてきん く み た
縦筋を組立てる"
,"ရကမ် ၏ သအာကပ် ှိုင်း် ရှိ သသ ာင်း် က ှို
တပ်ဆငသ် ည်",3,39,1,下筋,したきん,"ရကမ် ၏ သအာကပ် ှိုင်း် ရှိ
သသ ာင်း်",,,"したきん く み た
下筋を組立てる"
,အလ ာ်းလကှို သ် သ ာင်း် က ှို တပ်ဆငသ် ည်,4,39,1,横筋,よこきん,အလ ာ်းလကှို သ် သ ာင်း်,,,"よこきん く み た
横筋を組立てる"
,"အဓှိကသတ ငှို န္် င အ်ဲ့ ပပှိြုံင ်
ထညသ်ဲ့ ငွ ်း် ထာ်းသည ်ဲ့ သသ ာင်း် က ှို
တပ်ဆငသ် ည်",5,39,1,腹筋,はらきん,"အဓှိကသတ ငှို န္် င အ်ဲ့ ပပှိြုံင ်
ထညသ်ဲ့ ငွ ်း် ထာ်းသည ်ဲ့
သသ ာင်း်",,,"はらきん く み た
腹筋を組立てる"
,"အဓှိကသတ ငှို န္် င ်ဲ့
သထာငမ်ဲ့ နအ် သနအထာ်း
တယွ ဆ် ကသ် ည ်ဲ့ သသ ာင်း် က ှို
တပ်ဆငသ် ည်",6,39,1,配力筋,はいりょくきん,"အဓှိကသတ ငှို န္် င ်ဲ့
သထာငမ်ဲ့ နအ် သနအထာ်း
တယွ ဆ် ကသ် ည ်ဲ့ သသ ာင်း်",,,"はいりょくきん く み た
配力筋を組立てる"
,"ရကမ် ၏ အသပေါ် ပှိုင်း် ရှိ သသ ာင်း် က ှို
တပ်ဆငသ် ည်",7,39,1,上筋,うわきん,"ရကမ် ၏ အသပေါ် ပှိုင်း် ရှိ
သသ ာင်း်",,,"うわきん く み た
上筋を組立てる"
,"စပရငက် သ ဲ့ ှို ရဲ့ စ်သ သွ ည ်ဲ့ ပ ုစ ရှိ
သသ ာင်း် က ှို ငလ ငဒ် ဏ ် န ရ တငွ ်
တပ်ဆငသ် ည်",8,39,1,スパイラル筋,すぱいらるきん,"စပရငက် သ ဲ့ ှို ရဲ့ စ်သ သွ ည ်ဲ့
ပ ုစ ရှိ သသ ာင်း်",,,"きん たいしんへき と つ
スパイラル筋を耐震壁に取り付ける"
,"သသ ောင၏် အ င်း် သည ် ဒဇ ှိုင်း် ပ ုစာအုပ်
အတငှို ်း် ခဖစ်သည်",9,39,1,鉄筋径,てっきんけい,သသ ောင၏် အ င်း်,,,"てっきんけい せっけい と し ょ とお
鉄筋径は設計図書の通りである"
,"သသ ာင်း် က ှို ဖ ု်းအုပ်ထာ်းသသာ
ကနွ က် ရစ်၏ အထကူ ှို
အတညခ်ပြုံစစ်သဆ်းသည်",10,39,1,かぶり厚さ,かぶりあつさ,"သသ ာင်း် က ှို
ဖ ု်းအုပ်ထာ်းသသာ
ကနွ က် ရစ်၏ အထူ",,,"あつ かくにん
かぶり厚さを確認する"
,သထာငက်ဲ့ ှို အတညခ်ပြုံစစ်သဆ်းသည်,11,40,1,角度,かくど,သထာင်ဲ့,,,"か く ど かくにん
角度を確認する"
,"သသ ောငက် ှို သတ ငှို တ် စ်တန်း် တည်း် ခဖင်ဲ့
တပ်ဆငသ် ည်",12,40,1,シングル,しんぐる,(သတ ငှို )် တစ်တန်း်,,,"てっきん はいきん く み た
鉄筋はシングル配筋で組立てる"
,"ကကမ််းခပငက် ှို သတ ငှို န္် စ ်တန်း် ခဖင ်ဲ့
လပု ်သည်",13,40,1,ダブル,だぶる,(သတ ငှို )် န္စ ်တန်း်,,,"はいきん
スラブはダブル配筋とする"
,"သသ ာင်း် က ှို ကကကသ် ခ တ ်
ညသ် န္ာ ငသ် ည်",14,40,1,千鳥結束,ちどりけっそく,"ကကကသ် ခ တ ်
ညသ် န္ာ ငခ် င်း်",,,"てっきん ち ど り けっそく
鉄筋は千鳥結束する"
,"ခဖတသ် တာကမ် ည ်ဲ့ အရ ညအ် တငှို ်း်
သသ ာင်း် က ှို ခဖတသ် ည်",15,40,1,切断寸法,せつだんすんぽう,ခဖတသ် တာကမ် ည ်ဲ့ အရ ည်,,,"せつだんすんぽう てっきん せつだん
切断寸法で鉄筋を切断する"
,"ခပြုံခပငလ် ပု ်သဆာငမ် ည ်ဲ့
အတငှို ်း် အတာအတငှို ်း် သသ ာင်း် က ှို
ခပြုံခပငလ် ပု ်သဆာငသ် ည်",16,40,1,加工寸法,かこうすんぽう,"ခပြုံခပငလ် ပု ်သဆာငမ် ည ်ဲ့
အတငှို ်း် အတာ",,,"か こ うすんぽうどお てっきん か こ う
加工寸法通りに鉄筋を加工する"
,"သသ ာင်း် အ င်း် င်း် က ှို အဖ ာ်းက ှို
ထပ်၍ဆကသ် ည်",17,40,1,重ね継手,かさねつぎて,"သသ ာင်း် ၂ သ ာင်း် ၏
အဖ ာ်းက ှို ထပ်၍ ဆကခ် င်း်",,,"てっきん ど う し かさ つ ぎ て
鉄筋同士は重ね継手とする"
,"သသ ာင်း် အ င်း် င်း် က ှို ဖှိအာ်းခဖင ်ဲ့
တယွ ဆ် ကသ် ည်",18,40,1,圧接継手,あっせつつぎて,ဖှိအာ်းခဖင ်ဲ့ တယွ ဆ် ကခ် င်း်,,,"てっきん ど う し あっせつつ ぎ て
鉄筋同士は圧接継手とする"
,"အသပါကသ် နရာတငွ ် အသပါက ်
အာ်းကသူ တ ငှို က် ှို တပ်ဆငသ် ည်",19,40,1,開口部,かいこうぶ,"သသ ောငဆ် ငရ် ာတငွ ်
အလယ၌် နထ် ာ်း သ ဲ့ ည်ဲ့
အသပါက်",,,"かい こ う ぶ かいこうほきょうきん と つ
開口部には開口補強筋を取り付ける"
,"ကကမ််းခပင ် သသ ာင်း် ဆငရ် ာတငွ ်
ဂသဟဆကထ် ာ်းသသာ သသ ာင်း်
ဆန ် ါကကွ က် ှို သ်း ု သည်",20,40,1,溶接金網,ようせつかなあみ,"ဂသဟဆကထ် ာ်းသသာ
သသ ာင်း် ဆန ် ါကကွ ်",,,"ど ま はいきん ようせつかなあみ し よ う
土間配筋は溶接金網を使用する"
,"က နသ် နသသာ သတ ငှို မ် ာ်းက ှို
လပု ်ငန်း် ငွ မ် ခပနသ် ယထ် တု သ် ည်",21,41,1,搬出,はんしゅつ,(ပစစည်း် ) ထတု ခ် င်း်,,,"のこ てっきん げ ん ば はんしゅつ
残った鉄筋を現場から搬出する"
,"သတ ငှို မ် ာ်းက ှို လပု ်ငန်း် ငွ သ် ှို ဲ့
သယသ် ငွ ်း် လာသည်",22,41,1,搬入,はんにゅう,(ပစစည်း် ) သငွ ်း် ခ င်း်,,,"てっきん げ ん ば はんにゅう
鉄筋を現場に搬入する"
,"သအာကသ် ခ သဖာငသ် ဒ်းရ င်း် ၏
သသ ောငက် ှို ဆငသ် ည်",23,41,1,基礎,きそ,သအာကသ် ခ သဖာငသ် ဒ်းရ င်း်,"အသဆာကအ် အု၏ သအာကသ် ခ
သဖာငသ် ဒ်းရ င်း် က ှို ဆလှို သှို ည်",,"き そ はいきん
基礎の配筋をおこなう"
,"သသ ာင်း် အ င်း် င်း် က ှို စကက် သှို ်း ု ၍
တယွ ဆ် ကသ် ည်",24,41,1,機械式継手,きかいしきつぎて,"သသ ာင်း် ၂ သ ာင်း် က ှို
စကက် သှို ်း ု ၍ ဆကခ် င်း်",,,"てっきん ど う し き か い し き つ ぎ て
鉄筋同士は機械式継手とする"
,"ဒဇ ှိုင်း် ကက်း ကကပ်သမူ
သသ ောငစ် စ်သဆ်းခ င်း် က ှို
သအာငခ်မငသ် ည်",25,41,1,配筋検査,はいきんけんさ,"သသ ောငဆ် ငပ်ပ ်းသနာက ်
စစ်သဆ်းမှု",,,"せっけいかんりしゃ はいきんけ ん さ ごうかく
設計監理者による配筋検査に合格す
る"
,,1,42,1,トラクタ,とらくた,ထနွ စ် က ် (Tractor),"ထနွ စ် က ် (Tractor) တငွ ် လပု ်ငန်း် သ်း ု ကရှိ ှိယာ
(Attachment) ကတှို ပ်ဆငထ် ာ်းသသာ
စကယ် န္ရတ ာ်းက ှို ေဒူ ဇှို ာ၊ ထရကတ် ာသရ ာ်ဗယ ်
စသညခ်ဖင ်ဲ့ သ ေါ်ဆကှိုကသည။်",,
,,2,42,1,ブルドーザ,ぶるどーざ,သခမထ်းှို စက ် (ေဒူ ဇှို ာ),"ထနွ စ် က ် (Tractor) တငွ ် သခမတနွ ်း် သရ ွဲ့သည ်ဲ့
ေလတှိ ခ်ပာ်းက ှို တပ်ထာ်းသသာ စကယ် န္ရတ ာ်း
(သခမထ်းှို စက၊် ေဒူ ဇှို ာ)",,
,,3,42,1,トラクタショベル,とらくたしょべる,ထရကတ် ာသရ ာ်ဗယ ် (Tractor shovel),"ထနွ စ် က ် (Tractor) တငွ ် သခမသက ာကသ် ယ ် ကွ ်
(Bucket) ကတှို ပ်ဆငထ် ာ်းသသာ စကယ် န္ရတ ာ်း။
(သရာ်ော) ှိန်း် ါ်းပတခ်ပာ်းခဖင ်ဲ့
သာွ ်းသသာအမ ှိြုံ်းအစာ်း န္င ၊်ဲ့ ကာ်းေ်း ခဖငသ်ဲ့ ာွ ်းသသာ
အမ ှိြုံ်းအစာ်းမ ာ်းရှိ သည်",,
,,4,42,1,ホイルローダ,ほいるろーだ,"ကာ်းေ်း ခဖငသ်ဲ့ ာွ ်းသသာ
ထရကတ် ာသရ ာ်ဗယက် ာ်း","ကာ်းေ်း ခဖငသ်ဲ့ ာွ ်းသသာ ထရကတ် ာသရ ာ်ဗယက် ာ်း
(သလ်းေ်း ယကယ် ာဥ်၊ Four-Wheel Drive)",,
,,5,42,1,ダンプトラック,だんぷとらっく,သခမသက ာကသ် ယက် ာ်း (Dump truck),သခမသက ာကသ် ယက် ာ်း (Dump truck),,
,,6,42,1,油圧ショベル,ゆあつしょべる,"ဟကှို ဒ် သရာလစ်သရ ာ်ဗယ ် (Hydraulic
shovel)","လပု ်ငန်း် သ်း ု ကရှိ ှိယာ (Attachment) က ှို
သခပာင်း် လတ ပ်ဆင၍်
လပု ်ငန်း် အမ ှိြုံ်းမ ှိြုံ်းလပု ်န္ငှို သ် သာ
သရ ာ်ဗယပ် ါသညစ်ဲ့ ကယ် န္ရတ ာ်း
(ဟကှို ဒ် သရာလစ်သရ ာ်ဗယ်)",,
,,7,42,1,バックホウ,ばっくほう,ေကဟ် ်းှို,"ဟကှို ဒ် သရာလစ်သရ ာ်ဗယမ် ာ်းထတ ငွ ်
အမ ာ်းဆ်း ု သတွဲ့ရွ သသာ အမ ှိြုံ်းအစာ်း ခဖစ်ပပ ်း၊
သခမမ ကန္် ာ ခပငထ် က ် နမှိ ်ဲ့သသာ သနရာက ှို တ်းူ ရာတငွ ်
သ်း ု သည ် (ေကဟ် ်းှို )",,
,,8,42,1,ローディングショベル,ろーでぃんぐしょべる,"သခမသက ာကတ် ငဖ် ှိုရဲ့ ာတငွ သ် ်း ု သသာ
ဟကှို ဒ် သရာလစ် သရ ာ်ဗယ ် (Loading
shovel)","ဟကှို ဒ် သရာလစ်သရ ာ်ဗယတ် စ်မ ှိြုံ်းခဖစ်ပပ ်း
သခမခပငသ် ပေါ် ရှိ သခမသက ာကမ် ာ်းက ှို တငဖ် ှိုရဲ့ ာတငွ ်
သ်း ု သည ် (Loading shovel)",,
,,9,43,1,ローラ,ろーら,တလမှိ ်ဲ့တ်း ု (ရုှိလာ),,,
,,10,43,1,バケット,ばけっと,သခမသက ာကသ် ယ ် ကွ ် (Bucket),,,
,,11,43,1,ブーム,ぶーむ,"ကရှိန်း် ၊သရ ာ်ဗယက် ာ်း စသညတ် ၏ှို ဲ့
လကတ် အရင်း် ပှိုင်း်
(Boom)",,,
,,12,43,1,アーム,あーむ,"ကရှိန်း် ၊သရ ာ်ဗယက် ာ်း စသညတ် ၏ှို ဲ့
လကတ် အဖ ာ်းပှိုင်း်
(Arm)",,,
,,13,43,1,ブレード（排土板）,ぶれーど（はいどばん）,သခမတနွ ်း် သရ ွဲ့သည ်ဲ့ ေလတှိ ခ်ပာ်း,,,
,,14,43,1,タイヤ,たいや,ေ်း ၊ တာယာ,,,
,,15,43,1,クローラ,くろーら,"ယာဥ်၏ေ်း မ ာ်းကပှို တ၍် လမှိ ်ဲ့သသာ
(သရာ်ော) ှိန်း် ါ်းပတခ်ပာ်း",,,
,ကာ်းသသာဲ့,16,43,1,キー（鍵）,きー（かぎ）,သသာဲ့,,,"くるま かぎ
車の鍵"
,,17,43,1,"作業装置
（アタッチメント）","さぎょうそうち
（あたっちめんと）","လပု ်ငန်း် သ်း ု တပ်ဆငစ် ရာ ကရှိ ှိယာ
(Attachment)",,,
,"အငဂ် ငစ် ကက် န္ှို ်းှိှု သည၊်
အငဂ် ငစ် ကက် ရှို ပ်သည်/ပှိတသ် ည်",18,43,1,エンジン,えんじん,အငဂ် ငစ် က်,"အငဂ် ငစ် ကက် န္ှို ်းှိှု သည၊်
အငဂ် ငစ် ကက် ရှို ပ်သည်/ပှိတသ် ည်",,"き
エンジンをかける、エンジンを切る"
,,19,43,1,ディーゼルエンジン,でぃーぜるえんじん,ဒဇ ယအ် ငဂ် ငစ် က်,,,
,,20,44,1,エンジンオイル,えんじんおいる,အငဂ် ငဝ် ှိုင၊်အငဂ် ငဆ်,,,
,,21,44,1,"オルタネータ
（充電発電機）","おるたねーた
（じゅうでんはつでんき）","ခပနလ် န လ် ျှပ်ထတု စ် က ်
(သအာ်လတ် ာသနတာ)",,,
,,22,44,1,バッテリ,ばってり,ေကထ် ရ အု်းှိ ၊ဓာတ ်,,,
,,23,44,1,燃料,ねんりょう,သလာငစ် ာဆ,,,
,,24,44,1,軽油,けいゆ,ဒဇ ယဆ်,,,
,ေရှိတက် နှို င်း် သည်,25,44,1,ブレーキ,ぶれーき,ေရှိတ်,,,"ふ
ブレーキを踏む"
,,1,45,1,油圧シリンダ,ゆあつしりんだ,ဟကှို ဒ် သရာလစ် ဆလငဒ် ါ,,,
,,2,45,1,油圧モータ,ゆあつもーた,ဟကှို ဒ် သရာလစ် သမာ်တာ,,,
,,3,45,1,油圧ポンプ,ゆあつぽんぷ,ဟကှို ဒ် သရာလစ် ပန် ဲ့,,,
,,4,45,1,水漏れ,みずもれ,သရယစှို ှိမ်ဲ့ခ င်း်,,,
,,5,45,1,油漏れ,あぶらもれ,ဆယ စှို ှိမ်ဲ့ခ င်း်,,,
,,6,45,1,冷却水,れいきゃくすい,အသအ်း သ ပ်းသညသ်ဲ့ ရ,,,
,,7,45,1,ブレーキ液,ぶれーきえき,ေရှိတအ် ရည်/ေရှိတဆ်,,,
,,8,45,1,燃料タンク,ねんりょうたんく,"သလာငစ် ာဆပ ု်း၊
သလာငစ် ာဆက န်",,,
,,9,45,1,ファンベルト,ふぁんべると,ပနက် ာကကြုံှိ်း,,,
,,10,45,1,空気圧,くうきあつ,"(ေ်း ၊ တာယာထရ ှိ )
သလဖှိအာ်း",,,
,,11,45,1,クラッチ,くらっち,(ကာ်း) ကလပ်,,,
,,12,45,1,急発進,きゅうはっしん,"ရုတတ် ရကအ် ခမန ်
စထကွ ခ် င်း်",,,
,,13,45,1,急ブレーキ,きゅうぶれーき,"ရုတတ် ရကအ် ခမန ်
ေရှိတအ် ုပ်ခ င်း်",,,
,"အငဂ် ငက် ပှို ှိတသ် ညအ်ဲ့ ှိနတ် ငွ ် အလတွ ်
လညသ် စပပ ်းမ ရပ်သစသည်",14,46,1,アイドリング,あいどりんぐ,"(အငဂ် င်) န္်းှိှု ၍ အလတွ ်
လညသ် စခ င်း်",,,"て い し
エンジンを停止するときはアイドリング
と
したあとに止める"
,,15,46,1,走行,そうこう,(ကာ်း) သခပ်းခ င်း် /သာွ ်းခ င်း်,,,
,,16,46,1,旋回,せんかい,ဆလ ု ညလ် ည ခ်ဲ့ င်း်,,,
,,17,46,1,安全ロック,あんぜんろっく,"အန္ရတ ာယက် င်း် သစရန၊်
စကအ် စှိတအ် ပှိုင်း် မ ာ်း
မသရွွဲ့ရ ာ်းန္ငှို သ် အာင ်
ထမှိ ််း ြုံပ်သည ်ဲ့ ကရှိ ှိယာ",,,
,,18,46,1,安全支柱,あんぜんしちゅう,"ခပြုံတက် မညအ်ဲ့ န္ရတ ာယက် ာ
ကယွ သ် ရ်း သထာကတ် ငှို ်",,,
,"အငဂ် ငက် ှို န္်းှိှု ထာ်းရင်း် န သဲ့ လာငစ် ာဆ
မခဖညရ်ဲ့ ပါ",19,46,1,補給（する）,ほきゅう（する）,ခဖညခ်ဲ့ င်း်,,,"ねんりょう ほきゅう
エンジンをかけたまま燃料を補給して
はいけない"
,,20,46,1,駐車（する）,ちゅうしゃ（する）,"(ပါကငမ် ာ) ကာ်းရပ်ခ င်း် ၊
ကာ်းထ်းှို ခ င်း်",,,
,,21,46,1,歩行者,ほこうしゃ,လမ််းသာွ ်းလမ််းလာ,,,
,,22,46,1,車両,しゃりょう,ေ်း တပ်ယာဥ်,,,
,,23,46,1,死角,しかく,(ယာဥ်သမာင်း် ) မ ကက် ယွ ်,မခမငန္် ငှို သ် သာသနရာ/မခမငရ် သသာသနရာ,,
,သတာငသ် စာင်း် က ှို တကသ် ည်,24,46,1,斜面,しゃめん,ကနု ်း် သစာင်း် ၊ ဆငသ် ခ သလျှာ,,,"やま の しゃめん のぼ
山の斜面を上る"
,"ရုှိလာတလမှိ ်ဲ့တ်း ု ခဖင ်ဲ့ သအာကသ် ခ
သခမသာ်းမ ာ်းက ှို ဖှိသပှိ ်သည်",25,46,1,転圧（する）,てんあつ（する）,"သအာကသ် ခ သခမသာ်းမ ာ်းကှို
တလမှိ ်ဲ့တ်း ု စသညတ် ခှိုဖဲ့ င ်ဲ့
ဖှိ၍ သပှိ ်သည်း် သစခ င်း်",,,"てんあつさぎょう
ローラで転圧作業をする"
,စကယ် န္ရတ ာ်းကက်း န္င ထ်ဲ့ မှိ ှိ၍ဒဏရ် ာရသည်,1,47,1,接触（する）,せっしょく（する）,ထ(ှိ သည်),,,"じゅうき せっしょく
重機に接触してけがをする"
,မ ်းအ ကသ် ပ်းကရှိ ှိယာ ထခမညသ် ည်,2,47,1,作動（する）,さどう（する）,လပှု ်ရ ာ်းလညပ် တ်(သည်),,,"か さ い ほ う ち き さ ど う
火災報知器が作動する"
,ယာဥ်ကခှိုပြုံခပငမ် ွမ််းမ သည်,3,47,1,整備（する）,せいび（する）,"ြှ
အဆငခ်ဲ့မငတ်ဲ့ င်(သည်)",,,"しゃりょう せ い び
車両の整備をする"
,"အလပု ်မစမ ကရှိ ှိယာမ ာ်းက ှို
စစ်သဆ်းသည်",4,47,1,点検（する）,てんけん（する）,စစ်သဆ်း(သည်),,,"さぎょうまえ こ う ぐ てんけん
作業前に工具を点検する"
,စကယ် န္ရတ ာ်းကလှို ပှု ်ရ ာ်းသစသည်,5,47,1,動かす,うごかす,သရ ွဲ့သည၊်လပှု ်ရ ာ်းသစသည်,,,"き か い うご
機械を動かす"
,"သဆာကလ် ပု ်သရ်းစကယ် န္ရတ ာ်းကှို
သမာင်း် န္င သ် ည်",6,47,1,運転（する）,うんてん（する）,သမာင်း် န္င ်(သည်),,,"けんせつき か い うんてん
建設機械を運転する"
,သသ ာင်း် ၏အရ ညက် တှို ငှို ်း် သည်,7,47,1,測る,はかる,တငှို ်း် သည်,,,"てっきん なが はか
鉄筋の長さを測る"
,စကယ် န္ရတ ာ်းက ှို ကငှို တ် ယွ သ် မာင်း် န္င သ် ည်,8,47,1,操作（する）,そうさ（する）,သမာင်း် (သည်),,,"き か い そ う さ
機械を操作する"
,,9,47,1,停止（する）,ていし（する）,ရပ်(သည်),,,
,"အငဂ် ငက် ှို ရပ်သည၊် သသ ာင်း် က ှို
ခဖတသ် ည်",10,47,1,切る,きる,ခဖတသ် ည၊်ရပ်သစသည်,,,"き てっきん き
エンジンを切る、鉄筋を切る"
,,11,47,1,回す,まわす,လည ပ်ဲ့ တသ် ည၊်ခဖနသ် ဲ့ ဝသည်,,,
,,12,48,1,押す,おす,တနွ ်း် သည၊် ( လတု ်)န္ပှိ ်သည်,,,
,,13,48,1,集める,あつめる,စုစည်း် သည်,,,
,,14,48,1,触る,さわる,"(လကန္် င ်ဲ့)ထသှိ ည၊်ကငှို သ်
ည်",,,
,,15,48,1,縛る,しばる,ညသ် န္ာ ငသ် ည်,,,
,"သသ ာင်း် ၏အရ ညက် ှို ညသ အာင ်
ြှ
ညသှိ ည်",16,48,1,揃える,そろえる,"ြှ
ညသှိ ည်",,,"てっきん なが そろ
鉄筋の長さを揃える"
,"ကနု က်ကမ််းပစစည်း် မ ာ်းကစှို ုစည်း် ၍
ကကြုံှိ်းန္င ်ဲ့ ညသ် ည်",17,48,1,結ぶ,むすぶ,ထ်း ု သည၊် ညသ် ည်,,,"ざいりょう むす
材料をまとめてひもで結ぶ"
,,18,48,1,しゃがむ,しゃがむ,သဆာငသ်ဲ့ ကကာငထ်ဲ့ ငှို သ် ည်,,,
,,19,48,1,調整（する）,ちょうせい（する）,"ြှ
ကကှို ည် ှိ(သည်)",,,
,,20,48,1,閉じる,とじる,ပှိတသ် ည်,,,
,,1,49,1,取り出す,とりだす,ထတု ယ် သူ ည်,,,
,"သ်း ု ပပ ်းသသာကရှိ ှိယာကနှို ဂှိုသနရာမ ာ
ခပနထ် ာ်းသည်",2,49,1,戻す,もどす,ခပနထ် ာ်းသည်,,,"つか こ う ぐ もと ば し ょ もど
使った工具は元の場所に戻す"
,,3,49,1,仕上げる,しあげる,သနာကဆ် ်း ု ပှိတအ် သ ာသပ်သည်,,,
,သသ ာင်း် က ှိြုံ်းသည်,4,49,1,折れる,おれる,က ှိြုံ်းသည်,,,"くぎ お
釘が折れる"
,"မာရုန္ကှို ဲ့ ှို (လျှပ်စစ်လအ ဝှိုင်း် ) ၏လသ ာွ ်း
ပ ဲ့သနသည်",5,49,1,欠ける,かける,ပ ဲ့သည်,,,"まる は か
丸のこの刃が欠ける"
,"လပှု ်ရ ာ်းသနသညစ်ဲ့ ကယ် န္ရတ ာ်းကက်း နာ်း
မကပ်န ဲ့",6,49,1,近づく,ちかづく,အနာ်းကပ်လာသည်,,,"さぎょうちゅう じゅうき ちか
作業中の重機に近づかない"
,,7,49,1,電源を入れる,でんげんをいれる,လျှပ်စစ် လတု က် ဖှို ွငသ်ဲ့ ည်,,,
,,8,49,1,電源を落とす,でんげんをおとす,လျှပ်စစ် လတု က် ပှို ှိတသ် ည်,,,
,,9,49,1,スイッチを切る,すいっちをきる,လတု ပ် ှိတသ် ည်,,,
,,10,49,1,固定（する）,こてい（する）,( ငှို မ် ာသအာင်)တပ်ဆင(် သည်),,,
,မူလက သှို ာငလ် ညသ် အာင ် သလျှာသဲ့ ည်,11,49,1,ゆるめる,ゆるめる,"(သ ာငလ် ညသ် အာင်)
သလျှာသဲ့ ည်",,,ボルトをゆるめる
,,12,49,1,伸ばす,のばす,ဆဆွ နသ် ဲ့ ည်,,,
,လခ ု ြုံ သရ်းကာဗာအဖ ု်းကဖှို ယရ် ာ်းသည်,13,49,1,外す,はずす,ဖယရ် ာ်းသည်,,,"あんぜん はず
安全カバーを外す"
,သသ ာင်း် ကသှို က်းွ သည်,14,49,1,曲げる,まげる,သက်းွ သည်,,,
,,15,49,1,出す,だす,(အခပင်)ထတု သ် ည်,,,鉄筋を曲げる
,,16,49,1,乾かす,かわかす,အသခ ာက ် သ ည်,,,
,,17,50,1,数える,かぞえる,သရတကွ သ် ည်,,,
,,18,50,1,運ぶ,はこぶ,သယသ် ဆာငသ် ည်,,,
,"ကနု က်ကမ််းမ ာ်းကပှိုပှိြုံလမ က သအာင ်
ပ ုသည်",19,50,1,積む,つむ,ပ ုသည်,,,"ざいりょう つ
材料をくずれないように積む"
,"ထရပ်ကာ်း၏ကနု တ် င ် န်း် မ ပစစည်း် ကအှို
သးးာကသ် ှို ဲ့ သည်",20,50,1,下ろす,おろす,သအာက ် သည်,,,"に だ い に も つ お
トラックの荷台から荷物を下ろす"
,,21,50,1,離れる,はなれる,စွန ် ဲ့ ာွ သည၊်သရ ာငတ် မှိ ််းသည်,,,
,,1,51,1,位置,いち,သနရာ,,,
,,2,51,1,寸法,すんぽう,အတငှို ်း် အထာွ,,,
,,3,51,1,測定（する）,そくてい（する）,တငှို ်း် တာ(သည)်,,,
,,4,51,1,計測（する）,けいそく（する）,ခ ငတ် ယွ တ် ငှို ်း် တာ(သည)်,,,
,,5,51,1,計測器,けいそくき,ခ ငတ် ယွ တ် ငှို ်း် တာသည ်ဲ့ ကရှိ ှိယာ,,,
,,6,51,1,温度,おんど,အပူ ှိန်,,,
,,7,51,1,高さ,たかさ,အခမင်ဲ့,,,
,,8,51,1,長さ,ながさ,အရ ည၊်အလ ာ်း,,,
,,9,51,1,重さ,おもさ,အသလ်း ှိန်,,,
,,10,51,1,厚さ,あつさ,အထူ,,,
,,11,51,1,硬さ,かたさ,အမာ,,,
,,12,51,1,深さ,ふかさ,အနက်,,,
,,13,51,1,表面,ひょうめん,မ ကန္် ာ ခပင်,,,
,,14,51,1,すきま,すきま,ကကာ်းလပ်သနသညသ်ဲ့ နရာ,,,
,,15,51,1,中心,ちゅうしん,ဗဟ ှို က်,,,
,,16,52,1,値,あたい,တနဖ် ှို်း,,,
,,17,52,1,安定（する）,あんてい（する）,တညပ်ငမှိ ်(သည)်,,,
,,18,52,1,大きさ,おおきさ,အရွယအ် စာ်း,,,
,,19,52,1,数,かず,အသရအတကွ ်,,,
,,20,52,1,誤差,ごさ,အလ၊ွ အမ ာ်း,,,
,,21,52,1,中,なか,အတငွ ်း် ၊အထ,,,
,,22,52,1,反対,はんたい,"ဆနက် ဲ့ ငေ် က၊် အခ ာ်းတစ်ဖက၊်
မ ကန္် ာ င်း် ဆငှို ်",,,
,,23,52,1,周り,まわり,အန်း ပတဝ် န်း် က င်,,,
,,24,52,1,尺,しゃく,ရ ု (အရ ည၊်အလျှာ်း),"တစ် ရ ု = ၃၀.၃ စငတ် မ တာ (၀.၉၉၅
သပ)",,
,,25,52,1,青,あお,အခပာသရာင်,,,
,,26,52,1,赤,あか,အနသ ရာင်,,,
,,27,52,1,白,しろ,အခဖြူသရာင်,,,
,,28,52,1,黄色,きいろ,အဝါသရာင်,,,
