No.,,វាក្យសព្ទ,,,,,,, មបៀបអាន,,,កា បក្ប្រប,,,,,,ចំណា ព្នយល់,,,,,,,,,,ឧទាហ ណ៍,,,,,,,,,,,,,,
1,,技能実習,,,,,,,ぎのうじっしゅう,,,ការហ្ឹវ កហ្ឺវ នជំនាញ,,,,,,,,,,,,,,,,,,,,,,,,,,,,,,
2,,技能実習生,,,,,,,ぎのうじっしゅうせい,,,កម្មសិកាការីហ្ឹវ កហ្ឺវ ន ជំនាញ,,,,,,,,,,,,,,,,,,,,,,,,,,,,,,
3,,工場,,,,,,,こうじょう,,,រោងចក្ក,,,,,,,,,,,,,,,,,,,,,,,,,,,,,,
4,,製造,,,,,,,せいぞう,,,ការផលិត,,,,,,,,,,,,,,,,,,,,,,,,,,,,,,
5,,機械,,,,,,,きかい,,,ម៉ា ស៊ី ន,,,,,,,,,,,,,,,,,,,,,,,,,,,,,,
6,,安全,,,,,,,あんぜん,,,ស វតិថភាព,,,,,,,,,,,,,,,,,,,,,,,,,,,,,,
7,,危険（な）,,,,,,,きけん（な）,,,(ដែល)រក្រោះថ្នា ក់,,,,,,ការកត់សមា  ល់ជាអកសកាន់ជិរក្រើ ក្ាស់ជាទូរៅ ក៏រ៉ា ដនែ រៅកន ុងរោង ចក្ក ក៏មនករណ៊ីរក្រើក្ាស់អកសកា តាកាណាថ្ន 「キケン」ផងដែរ។,,,,,,,,,,,,,,,,,,,,,,,,
8,,危ない,,,,,,,あぶない,,,រក្រោះថ្នា ក់,,,,,,,,,,,,,,,,,,,,,,,,,,,,,,
9,,清掃,,,,,,,せいそう,,,សមា  ត,,,,,,"ការរ្ីវរោយស្ថថ នភាពការងារងាយ យល់ ក្តឹម្ក្តូវ និងស្ថា តរោយការសម្្
ោត។",,,,,,,,,,,,,,,,,,,,,,,,
10,,非常口,,,,,,,ひじょうぐち,,,ផូល  វោសនា,,,,,,,,,,,,,,,,,,,,,,,,,,,,,,
11,,注意,,,,,,,ちゅうい,,,ការក្រងុក្រយ័តា,,,,,,,,,,,,,,,,,,,,,,,,,,,,,,
12,,火事,,,,,,,かじ,,,អគ្ិា ភ័យ,,,,,,,,,,,,,,,,,,,,,,,,,,,,,,
13,,事故,,,,,,,じこ,,,ឧរតិរហ្ត ,,,,,,,,,,,,,,,,,,,,,,,,,,,,,,
14,,服装,,,,,,,ふくそう,,,សរម្លៀករំពាក់,,,,,,,,,,,,,,,,,,,,,,,,,,,,,,
15,,安全装置,,,,,,,あんぜんそうち,,,ឧរករណ៍ស វតិថភាព,,,,,,,,,,,,,,,,,,,,,,,,,,,,,,
1,,安全カバー,,,,,,,あんぜんかばー,,,គម្របសុវត្ិថភាព,,,,,,,,,,,,,,,,,,,,,,,,,,,,,,
2,,けが,,,,,,,けが,,,របួស,,,,,,,,,,,,,,,,,,,,,,,,,,,,,,
3,,けがをする,,,,,,,けがをする,,,មានរបួស,,,,,,,,,,,,,,,,,,,,,,,,,,,,,,
4,,電源,,,,,,,でんげん,,,ចរនត អគិគ សនី,,,,,,,,,,,,,,,,,,,,,,,,,,,,,,
5,,電源を切る,,,,,,,でんげんをきる,,,បិទចរនត អគិគ សនី,,,,,,,,,,,,,,,,,,,,,,,,,,,,,,
6,,非常停止ボタン,,,,,,,ひじょうていしぼたん,,,ប៊ូ ត្ុងបញ្ឈប់ពពល អាសនន,,,,,,,,,,,,,,,,,,,,,,,,,,,,,,
7,,非常停止ボタンを押す,,,,,,,ひじょうていしぼたん                  をおす,,,ចុចប៊ូ ត្ុងបញ្ឈប់ពពល អាសនន,,,,,,,,,,,,,,,,,,,,,,,,,,,,,,
8,,ルール,,,,,,,るーる,,,ចាប់,,,,,,,,,,,,,,,,,,,,,,,,,,,,,,
9,,ルールを守る,,,,,,,るーるをまもる,,,ពោរពចាប់,,,,,,,,,,,,,,,,,,,,,,,,,,,,,,
10,,止める,,,,,,,とめる,,,បញ្ឈប់,,,,,,,,,,,,,,,,,,,,,,,,,,,,,,
11,,機械を止める,,,,,,,きかいをとめる,,,បញ្ឈប់មា៉ា សុីន,,,,,,,,,,,,,,,,,,,,,,,,,,,,,,
12,,やって,,,,,,,やって,,,ស៊ូរព្វើ,,,,,,,,,,,,,,,,,,,,,,,,,,,,,,
13,,止めて,,,,,,,とめて,,,ស៊ូរបញ្ឈប់,,,,,,,,,,,,,,,,,,,,,,,,,,,,,,
14,,取って,,,,,,,とって,,,ស៊ូរយក,,,,,,,,,,,,,,,,,,,,,,,,,,,,,,
15,,だめ（な）,,,,,,,だめ（な）,,,(ដែល)រិនបាន,,,,,,,,,,,,,,,,,,,,,,,,,,,,,,
1,,監理団体,,,,,,,かんりだんたい,,,អង្គភាពគ្រប់គ្រង្,,,,,,អង្គការមិនរកគ្ាក់ជំណេញដែល ណ្វើការគ្រប់គ្រង្និង្ែឺកនំនូវ សកមមភាពនិង្ការបេ្ត ុះបណ្តា  ល កមមសិកាការហ្ើ  វ ឹកហ្ឹវ នជំនញ,,,,,,,,,,,,,,,,,,,,,,,,
2,,技術移転,,,,,,,ぎじゅついてん,,,ការណទេរបណចេកវិទ្យា,,,,,,,,,,,,,,,,,,,,,,,,,,,,,,
3,,技能実習期間,,,,,,,ぎのうじっしゅうきかん,,,រយៈណពលហ្ឹវ កហ្ឺវ នជំនញ,,,,,,,,,,,,,,,,,,,,,,,,,,,,,,
4,,職種,,,,,,,しょくしゅ,,,គ្បណេទ្យមុខរបរ,,,,,,,,,,,,,,,,,,,,,,,,,,,,,,
5,,在留資格,,,,,,,ざいりゅうしかく,,,អាជ្ញា ប័េណ ស្នា ក់ណៅ,,,,,,,,,,,,,,,,,,,,,,,,,,,,,,
6,,パスポート,,,,,,,ぱすぽーと,,,លិខិតឆ្លង្ដែន,,,,,,,,,,,,,,,,,,,,,,,,,,,,,,
7,,在留カード,,,,,,,ざいりゅうかーど,,,ប័េណ ស្នា ក់ណៅ,,,,,,,,,,,,,,,,,,,,,,,,,,,,,,
8,,入管,,,,,,,にゅうかん,,,អណនា  គ្បណវសន៍,,,,,,"ពាកយសណង្េបនន ""ទ្យីភាា  ក់ងារអណនា គ្បណវសន៍"" និង្ ""ការិយាល័យអណនា គ្បណវសន៍""",,,,,,,,,,,,,,,,,,,,,,,,
9,,在留期間,,,,,,,ざいりゅうきかん,,,រយៈណពលស្នា ក់ណៅ,,,,,,,,,,,,,,,,,,,,,,,,,,,,,,
10,,雇用契約,,,,,,,こようけいやく,,,កិចេសនាការងារ,,,,,,,,,,,,,,,,,,,,,,,,,,,,,,
11,,給与明細,,,,,,,きゅうよめいさい,,,បងាា ន់នែណបើកគ្ាក់ ណបៀវតស,,,,,,,,,,,,,,,,,,,,,,,,,,,,,,
12,,給料,,,,,,,きゅうりょう,,,គ្ាក់ណបៀវតស,,,,,,,,,,,,,,,,,,,,,,,,,,,,,,
13,,残業手当,,,,,,,ざんぎょうてあて,,,គ្ាក់ឈ្ន លួ   ដែមណ ៉ោ ង្,,,,,,,,,,,,,,,,,,,,,,,,,,,,,,
14,,労働時間,,,,,,,ろうどうじかん,,,ណ ៉ោ ង្ណ្វើការ,,,,,,,,,,,,,,,,,,,,,,,,,,,,,,
1,,控除（する）,,,,,,,こうじょ（する）,,,(ធ្វើការ)ការកាត់ថ្លៃ,,,,ការដកចំនួនទឹកប្រាក់ធលរពីប្រាក់ធដើម។ ធប្ររើប្រាស់ធៅធពលរងពនធ ជាចមបង។,,,,,,,,,,,,,,"か ぞ く      やしな                 ひと             ふ よ うこうじょ
家族を養っている人は、「扶養控除                               」
う                      ばあい
を受けられる場合がある",,,,,,,,អ្ន កដដលមានរនទ ុកប្ររួសារ អាច មានករណីមានសិទិធទទួលាននូវ” ការដករនទ ុក” ។,,,,
2,,ボーナス,,,,,,,ぼーなす,,,ប្រាក់រំណាច់,,,,,,,,,,,,,,,,,,,,,,,,,,,,,,
3,,有休,,,,,,,ゆうきゅう,,,ការសប្រមាកមានប្រាក់ ធរៀវតស,,,,ការដកចំនួនទឹកប្រាក់ធលរពីប្រាក់ធដើម។ ធប្ររើប្រាស់ធៅធពលរងពនធ ជាចមបង។,,,,,,,,,,,,,,"らいしゅう ゆうきゅう                        しんせいしょ       だ
来週、有休をとるので申請書を出し                               た",,,,,,,,ានដាក់ពាកយសំ ឈរ់សប្រមាក មានប្រាក់ដែធៅសាា ហ៍ធប្រកាយ។,,,,
4,,代休,,,,,,,だいきゅう,,,ថ្លៃឈរ់សប្រមាកធលើកថ្លៃ,,,,វាជាថ្លៃសប្រមាកពីការងារសងវិញ កន ុង ករណីធ្វើការធៅថ្លៃឈរ់សប្រមាក។,,,,,,,,,,,,,,,,,,,,,,,,,,
5,,労働基準法,,,,,,,ろうどうきじゅんほう,,,ចារ់រទដាា នការងារ,,,,ចារ់ជរ  នដដលកំណត់សា ង់ដារសីា ពីការងារ,,,,,,,,,,,,,,,,,,,,,,,,,,
6,,労働条件,,,,,,,ろうどうじょうけん,,,ល័កខ ែ័ណឌ ការងារ,,,,,,,,,,,,,,,,,,,,,,,,,,,,,,
7,,税金,,,,,,,ぜいきん,,,ពនធ,,,,,,,,,,,,,,,,,,,,,,,,,,,,,,
8,,所得税,,,,,,,しょとくぜい,,,ពនធ ធលើប្រាក់ចំណូល,,,,ពនធ ធលើប្រាក់ចំណូលដូចជាប្រាក់ធរៀវតស ប្ររចំឆ្ន ំមួយឆ្ន ំជាធដើម។,,,,,,,,,,,,,,,,,,,,,,,,,,
9,,住民税,,,,,,,じゅうみんぜい,,,ពនធ និវាសនជន,,,,ពនធ រង់ធៅអាជាា ្រមូលដាា នដដលអ្ន ករស់ ធៅ,,,,,,,,,,,,,,,,,,,,,,,,,,
10,,厚生年金,,,,,,,こうせいねんきん,,,ប្រាក់ធសា្ននិវតាន៍ ររស់និធោជិក,,,,"ប្រាក់ធសា្ននិវតាន៍ដដលនិធោជិកនិង មន្រនីា រាជការានច ុះធ្ម ុះធហើយអាចទទួល
ានអ្តថ ប្ររធោជន៍កន ុងករណីចស់ជរា ពិការភាព ឬមរណភាព។",,,,,,,,,,,,,,,,,,,,,,,,,,
11,,雇用保険,,,,,,,こようほけん,,,ធានារា៉ា រ់រងការងារ,,,,ការធានារា៉ា រ់រងដដលអាចទទួលានអ្តថ ប្ររធោជន៍កន ុងករណីគ្មម នការងារធ្វើឬរក ការងារធ្វើធ ើងវិញ។,,,,,,,,,,,,,,,,,,,,,,,,,,
12,,健康保険,,,,,,,けんこうほけん,,,ធានារា៉ា រ់រងស ែភាព,,,,ការធានារា៉ា រ់រងដដលអ្ន ញ្ញា  តឱ្យសមាជិក និងប្ររួសារទទួលានអ្តថ ប្ររធោជន៍ធៅ ធពលទទួលការពាាល។,,,,,,,,,,,,,,,,,,,,,,,,,,
13,,社会保険,,,,,,,しゃかいほけん,,,ធានារា៉ា រ់រងសងគម,,,,វាជាធ្ម ុះរួមថ្នការធានារា៉ា រ់រងស ែភាព ការធានារា៉ា រ់រងធសា្ននិវតាន៍ររស់ និធោជិក ការធានារា៉ា រ់រងដលទំមន សស ចស់ ធានារា៉ា រ់រងការងារ និងការធានា រា៉ា រ់រងធប្រគ្មុះថ្នន ក់ការងារ។,,,,,,,,,,,,,,,,,,,,,,,,,,
14,,労災,,,,,,,ろうさい,,,ធប្រគ្មុះថ្នន ក់ការងារ,,,,"អ្កសរកាត់សប្រមារ់ពាកយ ""ធប្រគ្មុះថ្នន ក់ ការងារ"" ។ មានន័យថ្នមានរងររួសកន ុង ធពលធ្វើការឬមានជមឺៃធដាយសារការងារ។",,,,,,,,,,,,,,,,,,,,,,,,,,
15,,労災保険,,,,,,,ろうさいほけん,,,ធានារា៉ា រ់រងធលើធប្រគ្មុះ ថ្នន ក់ការងារ,,,,"ធានារា៉ា រ់រងដដលផ្ាល់ប្រាក់សំណងសរ រ កន ុងករណីមានថ្លៃការពាាលនិងមារន
យៈធពលពំ អាចធ្វើការងារានធដា យសារ ធប្រគ្មុះថ្នន ក់ការងារ  ឬកន ុងករណីមានពិការ ភាពធៅមានរនា",,,,,,,,,,,,,,,,,,,,,,,,,,
1,,遅刻（する）,,,,,,,ちこく（する）,,,(ធ្វើការ) មកយឺត,,,,,,,,,,,,,,,,,,,,,,,,,,,,,,
2,,早退（する）,,,,,,,そうたい（する）,,,(ធ្វើការ) ធេញមុនធេល,,,,,,,,,,,,,,,,,,,,,,,,,,,,,,
3,,休憩（する）,,,,,,,きゅうけい（する）,,,(ធ្វើការ) សម្រាក,,,,,,,,,,,,,,,,,,,,,,,,,,,,,,
4,,残業（する）,,,,,,,ざんぎょう（する）,,,(ធ្វើការ) ការងារថែមធា៉ោ ង,,,,,,,,,,,,,,,,,,,,,,,,,,,,,,
5,,定時,,,,,,,ていじ,,,ធេលធ ៀងទាត់,,,,,,"ធា៉ោ ងកំណត់។ វាបងាា ញេីធេលធេលា
េូលនិងធេញេីម្រកមុហុ នជាេិធសស ធៅកថនែ ងការងារ។",,,,,,,,,,"き ょ う       て い じ      かえ
今日は定時に帰る",,,,,,,ថ្ែៃធនេះម្រតឡប់ធៅេិញតាមធេល កំណត់។,,,,,,,
6,,規則,,,,,,,きそく,,,ប បញ្ជា,,,,,,,,,,,,,,,,,,,,,,,,,,,,,,
7,,休日,,,,,,,きゅうじつ,,,ថ្ែៃឈប់សម្រាក,,,,,,,,,,,,,,,,,,,,,,,,,,,,,,
8,,始業時間,,,,,,,しぎょうじかん,,,ធា៉ោ ងចាប់ធ្តើមការងារ,,,,,,,,,,,,,,,,,,,,,,,,,,,,,,
9,,終業時間,,,,,,,しゅうぎょうじかん,,,ធា៉ោ ងបញ្ច ប់ការងារ,,,,,,,,,,,,,,,,,,,,,,,,,,,,,,
10,,指導員,,,,,,,しどういん,,,អ្ន កបងាា ត់បធម្រងៀន,,,,,,,,,,,,,,,,,,,,,,,,,,,,,,
11,,生活指導員,,,,,,,せいかつしどういん,,,អ្ន កបងាា ត់បធម្រងៀនេីការ រស់ធៅ,,,,,,,,,,,,,,,,,,,,,,,,,,,,,,
12,,担当者,,,,,,,たんとうしゃ,,,អ្ន ក  ួលខុសម្រតូេ,,,,,,,,,,,,,,,,,,,,,,,,,,,,,,
13,,スイッチ入れるな,,,,,,,すいっちいれるな,,,កុំធបើកេរនត អ្គ្ិគ សនី,,,,,,,,,,,,,,,,,,,,,,,,,,,,,,
14,,スイッチ切るな,,,,,,,すいっちきるな,,,កុំបិ េរនត អ្គ្ិគ នសី,,,,,,,,,,,,,,,,,,,,,,,,,,,,,,
15,,使用禁止,,,,,,,しようきんし,,,ហាមធម្របើម្រាស់,,,,,,,,,,,,,,,,,,,,,,,,,,,,,,
1,,5S,,,,,,,ごえす,,,ស ៥,,,,,,S ជាតួអក្សរកាត់នៃពាក្យៃីមួយៗនៃ វិៃ័យទងាំ    ៥ ដែលមាៃែូចជា មាៃ របបៀប បរៀបរយ សមាា  ត ៃិងបអនា ម័យ។ ពាក្យប ប្ើ ា្ស់បែើមីបដែរក្ា នៃការដក្លមារក្ដៃែ ងការងារ។,,,,,,,,,,,,,,,,,,,,,,,,
2,,整理,,,,,,,せいり,,,មាៃរបបៀប,,,,,,បែើមីបបលើក្ក្មពស់គុណភាពៃិងផលិ តភាពបោយក្ាំណត់ៃូវអីវ ដែល ត្ូវ ការៃិងអីវ ដែលមិៃ ត្ូវការៃិងការ ដចក្រំដលក្ៃូវព័ត៌មាៃ។,,,,,,,,,,,,,,,,,,,,,,,,
3,,整頓,,,,,,,せいとん,,,បរៀបរយ,,,,,,ការកាត់បៃថ យៃូវភាពខ្ជ ះខ្ជជ  យជា បែើមបោយប្ីវការបងាា ញៃូវរបបៀប ទុក្ោក្់ៃិងក្ដៃែ ងទុក្ោក្់វតថ ុ សាំខ្ជៃ់បោយាៃចាស់លាស់។,,,,,,,,,,,,,,,,,,,,,,,,
4,,清掃,,,,,,,せいそう,,,សមាា  ត,,,,,,"ការប្ីវបោយស្ថថ ៃភាពការងារងាយ យល់  ត្ឹម ត្ូវ ៃិងស្ថា តបោយការសម្
ោត។",,,,,,,,,,,,,,,,,,,,,,,,
5,,清潔,,,,,,,せいけつ,,,ស្ថា ត,,,,,,ការរក្ាៃូវស្ថថ ៃភាពស្ថា តជា ប្ចាំ បោយការអៃុវតតយ៉ា ងែិតែល់ៃូវ ការមាៃរបបៀប កាបរៀបរយៃិងអនា ម័យ។,,,,,,,,,,,,,,,,,,,,,,,,
6,,しつけ,,,,,,,しつけ,,,វិៃ័យ,,,,,,"ការបបងកើតៃូវវបប្ម៌សហការគ្នា បៅ វិញបៅមក្បោយភាជ  ប់ៃូវទមាែ  ប់ដែល
ោចអៃុវតតៃូវវិធាៃដែលាៃក្ាំណ ត់។",,,,,,,,,,,,,,,,,,,,,,,,
7,,掃除（する）,,,,,,,そうじ（する）,,,(ប្ីវការ)សមាា  ត,,,,,,,,,,,,,,,,,,,,,,,,,,,,,,
8,,片づける,,,,,,,かたづける,,,បរៀបចាំ,,,,,,,,,,,,,,,,,,,,,,,,,,,,,,
9,,捨てる,,,,,,,すてる,,,បចល,,,,,,,,,,,,,,,,,,,,,,,,,,,,,,
10,,汚い,,,,,,,きたない,,,ក្ខ្វ ក្់,,,,,,,,,,,,,,,,,,,,,,,,,,,,,,
11,,汚れる,,,,,,,よごれる,,,ប្លាក្់,,,,,,,,,,,,,,,,,,,,,,,,,,,,,,
12,,分別（する）,,,,,,,ぶんべつ（する）,,,(ប្ីវការ)ដបងដចក្,,,,,,,,,,,,,,,,,,,,,,,,,,,,,,
13,,燃えないごみ,,,,,,,もえないごみ,,,ស មា្មមិៃប ះ,,,,,,,,,,,,,,,,,,,,,,,,,,,,,,
14,,燃えるごみ,,,,,,,もえるごみ,,,ស មា្មប ះ,,,,,,,,,,,,,,,,,,,,,,,,,,,,,,
15,,挟まれる,,,,,,,はさまれる,,,គ្នប,,,,,,,,,,,,,,,,"き か い       て       はさ
機械に手が挟まれた",,,,,,,នែមួយ ត្ូវាៃគ្នបក្ន ុងមា៉ា សុីៃ។,,,,,,,
16,,巻き込まれる,,,,,,,まきこまれる,,,ត្ូវាៃពាក្់ព័ៃធ,,,,,,,,,,,,,,,,"き か い       て         ま        こ
1)機械に手が巻き込まれる
てぶくろ                         ばん      ま        こ
2)手袋がフライス盤に巻き込まれる",,,,,,,"1)   នែមួយ ត្ូវាៃគ្នបក្ន ុងមា៉ា សុីៃ។
2)   ទក្់ប ស្ថ្មនែចូលក្ន ុងមា៉ា សីុៃ ក្្ ឡឹង។",,,,,,,
17,,やけど（する）,,,,,,,やけど（する）,,,(មាៃ)រលាក្,,,,,,,,,,,,,,,,,,,,,,,,,,,,,,
18,,落ちる,,,,,,,おちる,,,្្ះរ,,,,,,,,,,,,,,,,"かいだん           お
階段から落ちる",,,,,,,ធាែ ក្់ពីបលើ្បណត ើរ។,,,,,,,
19,,すべる,,,,,,,すべる,,,រអិល,,,,,,,,,,,,,,,,"ゆか
床がすべる",,,,,,,ក្ មា្លឥែឋរអិល។,,,,,,,
20,,転ぶ,,,,,,,ころぶ,,,ែួល,,,,,,,,,,,,,,,,"こうじょう                         ころ
工場ですべって転んだ",,,,,,,ខ្្ុាំាៃរអិលែួលបៅបោងច ក្្។,,,,,,,
21,,濡れる,,,,,,,ぬれる,,,បសើម,,,,,,,,,,,,,,,,,,,,,,,,,,,,,,
22,,衛生,,,,,,,えいせい,,,អនាម័យ,,,,,,,,,,,,,,,,,,,,,,,,,,,,,,
23,,避難（する）,,,,,,,ひなん（する）,,,(ប្ីវការ)្បមែៀស,,,,,,,,,,,,,,,,,,,,,,,,,,,,,,
24,,救急車,,,,,,,きゅうきゅうしゃ,,,ឡាៃសប ងា្គ ះបនាា  ៃ់,,,,,,,,,,,,,,,,,,,,,,,,,,,,,,
25,,災害,,,,,,,さいがい,,,ប គ្ន្ះមហៃត ោយ,,,,,,,,,,,,,,,,,,,,,,,,,,,,,,
26,,地震,,,,,,,じしん,,,ការរញ្ជ យួ   ែី,,,,,,,,,,,,,,,,"じ し ん        お
地震が起きる",,,,,,,មាៃការរញ្ជ យួ   ែីបក្ើតបឡើង។,,,,,,,
27,,もぐる,,,,,,,もぐる,,,មុ្,,,,,,,,,,,,,,,,"じ し ん         つくえ   した
地震だ！机の下にもぐれ！",,,,,,,មាៃរញ្ជ យួ   ែី! ចូលប កា្មតុ!,,,,,,,
1,,火気厳禁,,,,,,,かきげんきん,,,ហាមដាច់ខាតប រ្ើប្លើង,,,,,,,,,,,,,,,,,,,,,,,,,,,,,,
2,,開放厳禁,,,,,,,かいほうげんきん,,,ហាមដាច់ខាតបរើកចំហ,,,,,,,,,,,,,,,,,,,,,,,,,,,,,,
3,,標識,,,,,,,ひょうしき,,,សញ្ញា,,,,,,,,,,,,,,,,,,,,,,,,,,,,,,
4,,気をつける,,,,,,,きをつける,,,ខ្ំញនឹង រ្ងុ រ្យ័តន,,,,,,,,,,,,,,,,,,,,,,,,,,,,,,
5,,持ち込む,,,,,,,もちこむ,,,យកចូល,,,,,,,,,,,,,,,,"こうじょう     けいたいでんわ       も        こ
工場に携帯電話を持ち込んではいけ
ない",,,,,,,ហាមយកទូរសព្ទដៃចូលកន ញងបោងច ក្។,,,,,,,
6,,防ぐ,,,,,,,ふせぐ,,,រង្កា រ,,,,,,,,,,,,,,,,"あんぜんかくにん           じ   こ       ふせ
安全確認して事故を防ぐ",,,,,,,ព្ិនិតយសុវតិថភាព្បៃើមីបការពារប រ្ោះ ថ្នន ក់។,,,,,,,
7,,火,,,,,,,ひ,,,ប្លើង,,,,,,,,,,,,,,,,,,,,,,,,,,,,,,
8,,煙,,,,,,,けむり,,,ផ្សែង,,,,,,,,,,,,,,,,,,,,,,,,,,,,,,
9,,消火,,,,,,,しょうか,,,ព្នល ត់អគ្ិគ ្័យ,,,,,,,,,,,,,,,,,,,,,,,,,,,,,,
10,,消火器,,,,,,,しょうかき,,,ឧរករណ៍ព្នល ត់អគ្ិគ ្័យ,,,,,,,,,,,,,,,,,,,,,,,,,,,,,,
11,,非常ベル,,,,,,,ひじょうべる,,,កណឹត ងអាសនន,,,,,,,,,,,,,,,,,,,,,,,,,,,,,,
12,,火災報知機,,,,,,,かさいほうちき,,,កណឹត ង រ្កាសអគ្ិគ ្័យ,,,,,,,,,,,,,,,,,,,,,,,,,,,,,,
13,,逃げる,,,,,,,にげる,,,រត់បគ្ច,,,,,,,,,,,,,,,,,,,,,,,,,,,,,,
14,,現場,,,,,,,げんば,,,កផ្នល ងការង្ករ,,,,,,,,,,,,,,,,,,,,,,,,,,,,,,
15,,作業,,,,,,,さぎょう,,,ការង្ករ,,,,,,,,,,,,,,,,,,,,,,,,,,,,,,
16,,ミーティング,,,,,,,みーてぃんぐ,,,ការ រ្ជុំ,,,,,,មានការបៅការ រ្ជំុៃូចជា អងគ  រ្ជុំ រ្ជុំបព្ល ព្្ឹក និង រ្ជុំរញ្ច រ់សងផ្ៃ រ។,,,,,,,,,,,,,,,,,,,,,,,,
17,,研修（する）,,,,,,,けんしゅう（する）,,,(ប្វើការ)កមមសិកា,,,,,,,,,,,,,,,,,,,,,,,,,,,,,,
18,,実習（する）,,,,,,,じっしゅう（する）,,,(ប្វើការ)សិកា,,,,,,,,,,,,,,,,,,,,,,,,,,,,,,
19,,あいさつ,,,,,,,あいさつ,,,ររវកិចច,,,,,,,,,,,,,,,,,,,,,,,,,,,,,,
20,,確認（する）,,,,,,,かくにん（する）,,,(ប្វើការ)រញ្ញា  ក់,,,,,,,,,,,,,,,,,,,,,,,,,,,,,,
21,,報告（する）,,,,,,,ほうこく（する）,,,(ប្វើការ)ការោយការណ៍,,,,,,,,,,,,,,,,,,,,,,,,,,,,,,
22,,連絡（する）,,,,,,,れんらく（する）,,,(ប្វើការ)ទាក់ទង,,,,,,,,,,,,,,,,,,,,,,,,,,,,,,
23,,相談（する）,,,,,,,そうだん（する）,,,(ប្វើការ)ព្ិភាកា,,,,,,,,,,,,,,,,,,,,,,,,,,,,,,
24,,渡す,,,,,,,わたす,,,ឆ្លងកាត់,,,,,,មានការបៅការ រ្ជំុៃូចជា អងគ  រ្ជុំ រ្ជុំបព្ល ព្្ឹក និង រ្ជុំរញ្ច រ់សងផ្ៃ រ។,,,,,,,,,,,,,,,,,,,,,,,,
25,,申請書,,,,,,,しんせいしょ,,,ពាកែបសន ើសុំ,,,,,,,,,,,,,,,,,,,,,,,,,,,,,,
26,,寝坊（する）,,,,,,,ねぼう（する）,,,(ប្វើការ)បគ្ង ជ្ុល,,,,,,,,,,,,,,,,,,,,,,,,,,,,,,
1,,技能,,,,,,,ぎのう,,,,,ជំនាញ,,,,,,,,,,,,,,,,,,,,,,,,,,,,
2,,技能検定試験,,,,,,,ぎのうけんていしけん,,,,,ប្រឡងសមត្ិថភាពជំនាញ,,,,,,,,,,,,,,,,,,,,,,,,,,,,
3,,受検（する）,,,,,,,じゅけん（する）,,,,,(ធ្វើ)ការប្រឡង,,,,,,,,,,,,,,,,,,,,,,,,,,,,
4,,資格,,,,,,,しかく,,,,,សមត្ថភាព(ជំនាញ),,,,,,,,,,,,,,,,,,,,,,,,,,,,
5,,手当,,,,,,,てあて,,,,,ប្ាក់ឧរត្ថមភ,,,,,,,,,,,,,,,,,,,,,,,,,,,,
6,,社員,,,,,,,しゃいん,,,,,រុគ្គ លិកប្កុមហុ ន,,,,,,,,,,,,,,,,,,,,,,,,,,,,
7,,部長,,,,,,,ぶちょう,,,,,ប្រធានផ្នែក,,,,,,,,,,,,,,,,,,,,,,,,,,,,
8,,課長,,,,,,,かちょう,,,,,ប្រធានការិយាលយ័,,,,,,,,,,,,,,,,,,,,,,,,,,,,
9,,更衣室,,,,,,,こういしつ,,,,,រនទ រ់ផ្លា ស់សធមាៀករំពាក់,,,,,,,,,,,,,,,,,,,,,,,,,,,,
10,,台車,,,,,,,だいしゃ,,,,,រទះរុញឥវ៉ា ន់,,,,,,,,,,,,,,,,,,,,,,,,,,,,
11,,床,,,,,,,ゆか,,,,,កប្ាល,,,,,,,,,,,,,,,,,,,,,,,,,,,,
12,,出口,,,,,,,でぐち,,,,,ប្រកធរញ,,,,,,,,,,,,,,,,,,,,,,,,,,,,
13,,電気,,,,,,,でんき,,,,,អគ្ីគ សនី,,,,,,,,,,,,,,,,,,,,,,,,,,,,
14,,警報音,,,,,,,けいほうおん,,,,,សធមាងប្រកាសអាសនែ,,,,,,,,,,,,,,,,,,,,,,,,,,,,
15,,コンセント,,,,,,,こんせんと,,,,,ប្ពីធ្ាើង,,,,,,,,,,,,,,,,,,,,,,,,,,,,
16,,作業場,,,,,,,さぎょうば,,,,,កផ្នា ងធ្វើការ,,,,,,,,,,,,,,,,,,,,,,,,,,,,
17,,作業台,,,,,,,さぎょうだい,,,,,ត្ុធ្វើការ,,,,,,,,,,,,,,,,,,,,,,,,,,,,
18,,工事現場,,,,,,,こうじげんば,,,,,ការដ្ឋា នសំណង់,,,,,,,,,,,,,,,,,,,,,,,,,,,,
19,,職長,,,,,,,しょくちょう,,,,,អែ កដឹកនាំប្កុម,,,,,,,,,,,,,,,"あ し ばくみたて        しょくちょう    し   じ       したが
足場組立は  職長の指示に従う",,,,,,ការន្ំគត្ធមាើងកផ្នា ងដ្ឋក់ធជើងប្ត្ូវ ធោរពតាមការផ្ណនាំររស់អែ ក ដឹកនាំប្កុម,,,,,,,
20,,作業責任者,,,,,,,さぎょうせきにんしゃ,,,,,អែ កទទួលខុសប្ត្ូវការងារ,,,,,,,,,,,,,,,,,,,,,,,,,,,,
1,,禁止,,,,,,,きんし,,ហាម,,,,,,,,,,,,,,,,,,,,,,,,,,,,,,,
2,,表示板,,,,,,,ひょうじばん,,ផ្ទ ងាំ   បង្ហា ញព័ត៍មាន,,,,,,,,,,,,,,,,,,,,,,,,,,,,,,,
3,,禁止事項,,,,,,,きんしじこう,,ប្បការហាមឃាត់,,,,,,,,,,,,,,,,,,,,,,,,,,,,,,,
4,,避難訓練,,,,,,,ひなんくんれん,,ហ្ឹវ កហាត់ជមមលៀសមេញ,,,,,,,,,,,,,,,,,,,,,,,,,,,,,,,
5,,感電（する）,,,,,,,かんでん（する）,,(ការ)ឆក់អគ្ីគ សនី,,,,,,,,,,,,,,,,,,,,,,,,,,,,,,,
6,,防止（する）,,,,,,,ぼうし（する）,,(ការ)ការពារ,,,,,,,,,,,,,,,,,,,,,,,,,,,,,,,
7,,予防（する）,,,,,,,よぼう（する）,,(ការ)បង្ហា រ,,,,,,,,,,,,,,,,,,,,,,,,,,,,,,,
8,,転倒（する）,,,,,,,てんとう（する）,,(ការ)ដួល,,,,,,,,,,,,,,,,,,,,,,,,,,,,,,,
9,,挟まる,,,,,,,はさまる,,គាប,,,,,,,,,,,,,,,,,,,,,,,,,,,,,,,
10,,足元,,,,,,,あしもと,,មជើងមប្កាម,,,,,,,,,,,,,,,,,,,,,,,,,,,,,,,
11,,不安定（な）,,,,,,,ふあんてい（な）,,(ដដល)អមសេ រភាព,,,,,,,,,,,,,,,,,,,,,,,,,,,,,,,
12,,後片付け,,,,,,,あとかたづけ,,ការមរៀបេាំមពលមប្កាយ,,,,,,,,,,,,,,,,,,,,,,,,,,,,,,,
13,,救急箱,,,,,,,きゅうきゅうばこ,,ប្បអប់សមប្ង្ហគ ោះបន្ទទ  ន់,,,,,,,,,,,,,,,,,,,,,,,,,,,,,,,
14,,絆創膏,,,,,,,ばんそうこう,,បនទ ោះបិទមលើស្នា មរបួស,,,,,,,,,,,,,,,,,,,,,,,,,,,,,,,
15,,体調,,,,,,,たいちょう,,ស្នេ នភាពសុខភាពខល នួ,,,,,,,,,,,,,,,,,,,,,,,,,,,,,,,
16,,血,,,,,,,ち,,ឈាម,,,,,,,,,,,,,,,,,,,,,,,,,,,,,,,
17,,熱中症,,,,,,,ねっちゅうしょう,,ការដួលសនល ប់មោយស្នរ កមតៅ,,,,,,,,,,,,,,,,,,,,,,,,,,,,,,,
18,,吐き気,,,,,,,はきけ,,េង់កអ តួ,,,,,,,,,,,,,,,,,,,,,,,,,,,,,,,
19,,嘔吐（する）,,,,,,,おうと（する）,,(ការ)កអ តួ,,,,,,,,,,,,,,,,,,,,,,,,,,,,,,,
20,,足がつる,,,,,,,あしがつる,,សាំយុ ងមជើង,,,,,,,,,,,,,,,,,,,,,,,,,,,,,,,
21,,気分が悪い,,,,,,,きぶんがわるい,,មិនប្សួលខល នួ,,,,,,,,,,,,,,,,,,,,,,,,,,,,,,,
22,,寝不足,,,,,,,ねぶそく,,មគ្ងមិនប្គ្ប់,,,,,,,,,,,,,,,,,,,,,,,,,,,,,,,
23,,安全ネット,,,,,,,あんぜんねっと,,សាំណាញ់សុវតិេភាព,,,,,,,,,,,,,,,,,,,,,,,,,,,,,,,
24,,安全点検,,,,,,,あんぜんてんけん,,ប្តួតពិនិតយសុវតិេភាព,,,,,,,,,,,,,,,,,,,,,,,,,,,,,,,
1,,KY活動（危険予知活動）,,,,,,,けーわいかつどう（きけ                     んよちかつどう）,,"សកម្មភាពKY
(សកម្មភាពពាករណ៏ហា នីភយ័)",,,,,,,,,,,,,,,,,,,,,,,,,,,,,,,
2,,危険,,,,,,,きけん,,គ រ្ោះថ្នា ក់,,,,,,,,,,,,,,,,,,,,,,,,,,,,,,,
3,,ぶつかる,,,,,,,ぶつかる,,ប ោះទង្ិគច,,,,,,,,,,,,,,,トラクタショベルのバケットにぶつかってけがをした,,,,,,,,រង្របួសគោយប ោះទង្ិគចបប លចូក របស់ ា្ក់ទ័រឈូសដី(គេសស្កា វ៉ា ទ័រ),,,,,,,,
4,,当たる,,,,,,,あたる,,រ្ូវនឹង្,,,,,,,,,,,,,,,"あ  し  ば                 お                               こ   う   ぐ         からだ        あ
足場から落ちてきた工具が体に当
たってけがをした",,,,,,,,រង្របួសខ្ល នួ   គោយ រ្ូវនឹង្ឧបករណ៏ ធ្លា ក់ពីកបនា ង្ោក់គ ើង្,,,,,,,,
5,,下敷きになる,,,,,,,したじきになる,,កិនសង្ារ់,,,,,,,,,,,,,,,"じ ゅ う き         し   た  じ
重機の下敷きになる",,,,,,,,រ្ូវបានម  សី នធន់ធងន់កិនសង្ារ់,,,,,,,,
6,,打つ,,,,,,,うつ,,ដំ,,,,,,,,,,,,,,,"あやま                                                  て            う
誤ってハンマーで手を打ってしまっ                               た",,,,,,,,ច្ឡំដំដដខ្ល នួ   ឯង្គោយញញួ រ,,,,,,,,
7,,バランスを崩す,,,,,,,ばらんすをくずす,,បារ់បង្់រ លយភាព,,,,,,,,,,,,,,,"う え                                           く ず              て ん ら く
はしごの上でバランスを崩して転落                               し
た",,,,,,,,រ្ូវបានរេិលធ្លា ក់ពីគលើ គណត ើរោក់ គោយបារ់បង្់រ លយភាព,,,,,,,,
8,,倒れる,,,,,,,たおれる,,ដួលរលំ,,,,,,,,,,,,,,,"た お                   ねっちゅうしょう        た お
はしごが倒れる、熱中症で倒れる",,,,,,,,ដួលរលំ គណត ើរោក់ ដួលសនា ប់គោយស្ករកគតត,,,,,,,,
9,,転落（する）,,,,,,,てんらく（する）,,(ការ)រេិលធ្លា ក់,,,,,,,,,,,,,,,"う え                                           く ず              て ん ら く
はしごの上でバランスを崩して転落                               し
た",,,,,,,,រ្ូវបានរេិលធ្លា ក់ពីគលើ គណត ើរោក់ គោយបារ់បង្់រ លយភាព,,,,,,,,
10,,指差呼称,,,,,,,しさこしょう,,ចង្អ ុលគៅគ្ម ោះ,,,,,,,,,,,,,,,,,,,,,,,,,,,,,,,
11,,ヒヤリハット,,,,,,,ひやりはっと,,គសទ ើបរនឹង្មនគ រ្ោះថ្នា ក់,,,,,,,,,,,,,,,,,,,,,,,,,,,,,,,
12,,原因,,,,,,,げんいん,,ម្ូលគេរ ,,,,,,,,,,,,,,,,,,,,,,,,,,,,,,,
13,,対策,,,,,,,たいさく,,វិធ្លនការ,,,,,,,,,,,,,,,,,,,,,,,,,,,,,,,
14,,落下（する）,,,,,,,らっか（する）,,(ការ)ធ្លា ក់,,,,,,,,,,,,,,,"あ し ば            こ う ぐ       ら っ か
足場から工具が落下した",,,,,,,,បានធ្លា ក់ឧបករណ៏ពីកបនា ង្ោក់ គ ើង្,,,,,,,,
15,,墜落（する）,,,,,,,ついらく（する）,,(ការ)ធ្លា ក់ច ោះ,,,,,,,,,,,,,,,"か  い  こ  う  ぶ               つ い ら く
開口部から墜落した",,,,,,,,ធ្លា ក់ច ោះពីបនាកគបើកចំេរ,,,,,,,,
16,,確認（する）,,,,,,,かくにん（する）,,(ការ)បញ្ជា  ក់,,,,,,,,,,,,,,,"しゅうい      あんぜん    かくにん
周囲の安全を確認する",,,,,,,,បញ្ជា  ក់ស វរិថភាព ំ វិញ,,,,,,,,
1,,作業着,,,,,,,さぎょうぎ,,,សម្លៀកបំពាក់ម្វើការ,,,,,,,,,,,,,,,,,,,,,,,,,,,,,,
2,,作業服,,,,,,,さぎょうふく,,,សម្លៀកបំពាក់ការងារ,,,,,,,,,,,,,,,,,,,,,,,,,,,,,,
3,,作業靴,,,,,,,さぎょうぐつ,,,ស្សែកម ើងការងារ,,,,,,,,,,,,,,,,,,,,,,,,,,,,,,
4,,手袋,,,,,,,てぶくろ,,,មរោ្ដៃ,,,,,,,,,,,,,,,,,,,,,,,,,,,,,,
5,,帽子,,,,,,,ぼうし,,,្ួក,,,,,,,,,,,,,,,,,,,,,,,,,,,,,,
6,,保護帽（ヘルメット）,,,,,,,ほごぼう（へるめっと）,,,្ួកការពារ(្ួកបងាា រ មររោះថ្នា ក់),,,,,,,,,,,,,,,,,,,,,,,,,,,,,,
7,,保護具,,,,,,,ほごぐ,,,ឧបករណ៏បងាា រមររោះថ្នា ក់,,,,,,,,,,,,,,,,,,,,,,,,,,,,,,
8,,あごひも,,,,,,,あごひも,,,ស្សែរកវ៉ា ត់ចងាា រ,,,,,,,,,,,,,,,,,,,,,,,,,,,,,,
9,,ボタン,,,,,,,ぼたん,,,មេវ,,,,,,,,,,,,,,,,,,,,,,,,,,,,,,
10,,ポケット,,,,,,,ぽけっと,,,មោម ៉ៅ,,,,,,,,,,,,,,,,,,,,,,,,,,,,,,
11,,保護メガネ,,,,,,,ほごめがね,,,ស្វនតាការពារ,,,,,,,,,,,,,,,,,,,,,,,,,,,,,,
12,,マスク,,,,,,,ますく,,,ម៉ៅ ស់,,,,,,,,,,,,,,,,,,,,,,,,,,,,,,
13,,耳栓,,,,,,,みみせん,,,ឆ្ន ុករតមចៀក,,,,,,,,,,,,,,,,,,,,,,,,,,,,,,
14,,安全靴,,,,,,,あんぜんぐつ,,,ស្សែកម ើងសុវតិថភាព,,,,,,,,,,,,,,,,,,,,,,,,,,,,,,
15,,墜落制止用器具（安全帯）,,,,,,,"ついらくせいしようきぐ
（あんぜんたい）",,,ឧបករណ៏សំរាប់បញ្ឈប់ ការធ្លល ក់ចុោះ(ស្សែរកវ៉ា ត់ សុវតិថភាព),,,,,,,,,,,,,,,,,,,,,,,,,,,,,,
16,,業務,,,,,,,ぎょうむ,,,កិចចការ,,,,,,,,,,,,,,,,,,,,,,,,,,,,,,
17,,時間厳守,,,,,,,じかんげんしゅ,,,របកាន់មពលមវលាខាា  ប់សជ នួ,,,,,,,,,,,,,,,,,,,,,,,,,,,,,,
18,,予定,,,,,,,よてい,,,គមរមង,,,,,,,,,,,,,,,,,,,,,,,,,,,,,,
19,,日付,,,,,,,ひづけ,,,កាលបរិមចេទ,,,,,,,,,,,,,,,,,,,,,,,,,,,,,,
20,,準備（する）,,,,,,,じゅんび（する）,,,(ការ)មរតៀ្,,,,,,,,,,,,,,,,,,,,,,,,,,,,,,
21,,会議,,,,,,,かいぎ,,,ការរប ុំ,,,,,,,,,,,,,,,,,,,,,,,,,,,,,,
22,,朝礼,,,,,,,ちょうれい,,,ការរប ុំមពលរពឹក,,,,,,,,,,,,,,,,,,,,,,,,,,,,,,
23,,報告書,,,,,,,ほうこくしょ,,,មសចកីត រាយការណ៏,,,,,,,,,,,,,,,,,,,,,,,,,,,,,,
24,,マニュアル,,,,,,,まにゅある,,,មសៀវមៅស្ណនំ,,,,,,,,,,,,,,,,,,,,,,,,,,,,,,
25,,作業手順書,,,,,,,さぎょうてじゅんしょ,,,ឯកោរនីតិវិ្ីការងារ,,,,,,,,,,,,,,,,,,,,,,,,,,,,,,
26,,調子,,,,,,,ちょうし,,,ចលនកន ុងសល នួ,,,,,,,,,,,,,,,,,,,,,,,,,,,,,,
1,,立入禁止,,,,,,,たちいりきんし,,,ហាមចូល,,,,,,,,,,,,,,,,,,,,,,,,,,,,,,
2,,禁煙,,,,,,,きんえん,,,ហាមជក់បារី,,,,,,,,,,,,,,,,,,,,,,,,,,,,,,
3,,火気厳禁,,,,,,,かきげんきん,,,ហាមបង្កា ត់ភ្លើង,,,,,,,,,,,,,,,,,,,,,,,,,,,,,,
4,,駐車禁止,,,,,,,ちゅうしゃきんし,,,ហាមចត,,,,,,,,,,,,,,,,,,,,,,,,,,,,,,
5,,足もと注意,,,,,,,あしもとちゅうい,,,ប្បយ័តនប ៉ះភជើង,,,,,,,,,,,,,,,,,,,,,,,,,,,,,,
6,,開口部注意,,,,,,,かいこうぶちゅうい,,,ប្បយ័តនផ្ននកភបើកចំហ,,,,,,,,,,,,,,,,,,,,,,,,,,,,,,
7,,感電注意,,,,,,,かんでんちゅうい,,,ប្បយ័តនឆក់,,,,,,,,,,,,,,,,,,,,,,,,,,,,,,
8,,堕落注意,,,,,,,ついらくちゅうい,,,ប្បយ័តនធ្លល ក់,,,,,,,,,,,,,,,,,,,,,,,,,,,,,,
9,,頭上注意,,,,,,,ずじょうちゅうい,,,ប្បយ័តនភលើកាល,,,,,,,,,,,,,,,,,,,,,,,,,,,,,,
10,,警報設備,,,,,,,けいほうせつび,,,កផ្លល ងចុចប្បកាសអាសលន,,,,,,,,,,,,,,,,,,,,,,,,,,,,,,
11,,消火器,,,,,,,しょうかき,,,បំពង់ពលល ត់អគ្ិគ ្័យ,,,,,,,,,,,,,,,,,,,,,,,,,,,,,,
12,,AED設置場所,,,,,,,えーいーでぃーせっち                   ばしょ,,,ទីតំងបំពាក់AED,,,,,,,,,,,,,,,,,,,,,,,,,,,,,,
13,,保護帽着用,,,,,,,ほごぼうちゃくよう,,,ពាក់មួកការពារ(មួក បង្កា រភប្រ៉ះថ្នន ក់),,,,,,,,,,,,,,,,,,,,,,,,,,,,,,
14,,安全帯使用,,,,,,,あんぜんたいしよう,,,ភប្បើផ្សែប្កវ៉ា ត់សុវតិថ ភាព,,,,,,,,,,,,,,,,,,,,,,,,,,,,,,
15,,昇降階段,,,,,,,しょうこうかいだん,,,ជភ្ត ើរភ ើងចុ៉ះ,,,,,,,,,,,,,,,,,,,,,,,,,,,,,,
16,,休憩所,,,,,,,きゅうけいじょ,,,កផ្លល ងសប្ាក,,,,,,,,,,,,,,,,,,,,,,,,,,,,,,
17,,最大積載荷重,,,,,,,さいだいせきさいかじゅう,,,សមតថភាពនុទ កអតិបរា,,,,,,,,,,,,,,,,,,,,,,,,,,,,,,
18,,喫煙所,,,,,,,きつえんじょ,,,កផ្លល ងជក់បារី,,,,,,,,,,,,,,,,,,,,,,,,,,,,,,
19,,整理整頓,,,,,,,せいりせいとん,,,ភរៀបចំ សណ្តត  ប់ធ្លន ប់,,,,,,,,,,,,,,,,,,,,,,,,,,,,,,
20,,安全通路,,,,,,,あんぜんつうろ,,,នូល  វសុវតិថ ភាព,,,,,,,,,,,,,,,,,,,,,,,,,,,,,,
1,三連クランプ,,,,さんれんくらんぷ,,,ដងF ៣1 ffiំ�    ប់ffic,,,,,"さ ん れ ん                                  た ん か ん       け つ ご う
三連クランプで単管を結合する",,ffi�    ប់បំពង់ឯកេtយដងF  ៣1  ំffi�    ប់ ffic,,,,,,,,,,,,,,,,,,,,,,,,,,,
2,"ベルトコンベア
（ベルコン）",,,,"べるとこんべあ
（べるこん）",,,ែខˍ បនc   ះយន<7,,,,,"つ ち        こ  う  ん  ぱ  ん
ベルトコンベアで土を小運搬する",,ជmȽ    u   នដីតូចៗេtយែខˍ បនc   ះយ,,,,,,,ន<7,,,,,,,,,,,,,,,,,,,,
3,かけや,,,,かけや,,,ញញu   រេឈc,,"គឺȾញញu   រេឈc  ធំ។េɃʢ    ះេផˍ ងេ˙ ɸCរ͏  ̫  មូណុឬអូCរ̩    ។េL បc  េtយ
ៃដɽំងពីរេគេ˙ញញu   រេឈc  ធំេL បc
េtយៃដlȚ    ងL ត̰   វʌនេគេ˙ɸ ញញu   រេឈខc ru   ះេគេ˙ɸ កូ េន គី រ̩
។",,,"く い          う             こ
かけやで杭を打ち込む",,ដំបេiȟ    លេtយញញu   រេឈc,,,,,,,,,,,,,,,,,,,,,,,,,,,
4,ランマ,,,,らんま,,,l៉សុីនបiI    ប់ដី,,"គឺȾl៉សុីនបiI    ប់ដីែដលlន
េɃʢ    ះេ˙  េL Șɸ Tamping rammer",,,"じ   ば  ん           し           か た
ランマで地盤を締め固める",,បiI    ប់ដី េtយl៉សុីនបiI    ប់ដី,,,,,,,,,,,,,,,,,,,,,,,,,,,
5,自在クランプ,,,,じざいくらんぷ,,,ដងF   1  ំេសរ Q,,"េL បc  សំʲប់រ c   តបនបំ<7 ពឹង់ឯក រrlងffic    និងffic    េគេL បc  rlេʈេពល tក់ពL ងឹងបេm�   ̼ ង។េʈកែនru   ង tក់េជc  ងffiរពL ងឹងបេm�   ̼ ងេគ
េ˙ɸ   （すじかい សុឺ ជិ ៃក） lននយ័ɸtក់      ែខʺ   ង។",,,"じ  ざ   い                                    も ち               た ん か ん        き ん け つ
自在クランプを用いて単管を緊結す
る",,រ c   តបន<7   ឹងបំពង់ឯកេtយេL បc ដងF   1  ំេសរ Q,,,,,,,,,,,,,,,,,,,,,,,,,,,
6,キャッチクランプ,,,,きゃっちくらんぷ,,,ដងF   1  ំLប់,,,,,"も ち               た ん か ん       て っ  こ つ
キャッチクランプを用いて単管と鉄骨
き ん け つ
を緊結する",,េL បc  ដងF   1  ំLប់េដc  មJ ីរ c   តបន<7 បំពង់ឯកនិងេL ffiងែដក,,,,,,,ឹង,,,,,,,,,,,,,,,,,,,,
7,吊り上げ用クランプ,,,,つりあげようくらんぷ,,,ដងF   1  ំសL lប់សd    u   ចេ,,ឡc  ង,,,"つ           あ           よ  う                                   も ち               き ん け つ
吊り上げ用クランプを用いて緊結し
た ん か ん          つ           あ
た単管を吊り上げる",,េL បc  ដងF   1  ំសL lប់សd    u   ចេឡc  ង យួរេលc  កបំពង់ឯកែដលʌនរ c   ត បន<7   ឹង,,,,,,,េដc  មJ ី,,,,,,,,,,,,,,,,,,,,
8,直交クランプ,,,,ちょっこうくらんぷ,,,ដងF   1  ំtក់L តង់,,,,,"ちょっ こう                                   も ち               た ん か ん        き ん け つ
直交クランプを用いて単管を緊結す
る",,រ c   តបន<7   ឹងបំពង់ឯកេtយេL បc  ដ tក់L តង់,,,,,,,ងF   1  ំ,,,,,,,,,,,,,,,,,,,,
9,フック,,,,ふっく,,,ទំពក់,,,,,ワイヤーロープをフックにかける,,យកែខˍ ពួរrក់នឹងទំពក់,,,,,,,,,,,,,,,,,,,,,,,,,,,
10,ストレートシャックル,,,,すとれーとしゃっくる,,,តួl៉សុីនˏʺ   នʲងL តង់,,,,,ワイヤーをストレートシャックルにかける,,យកពួរrក់នឹងតួl៉សុីនˏʺ   ន ʲងL តង់,,,,,,,,,,,,,,,,,,,,,,,,,,,
11,滑車,,,,かっしゃ,,,"ឧបករណ៏រ""  ក",,,,,"か っ  し ゃ        ざいりょう         つ           あ
滑車で材料を吊り上げる",,"យួរេលc  កវតɷ   1  ʂតុេដc  មេឡc  ងេt ឧបករណ៏រ""  ក",,,,,,,យ,,,,,,,,,,,,,,,,,,,,
12,クレーン,,,,くれーん,,,l៉សុីនសd    u   ច,,,,,"し   ざ  い          つ          あ
クレーンで資材を吊り上げる",,យួរេលc  កសំffiរ:េឡc  ងេtយ l៉សុីនសd    u   ច,,,,,,,,,,,,,,,,,,,,,,,,,,,
13,移動式クレーン,,,,いどうしきくれーん,,,l៉សុីនសd    u   ចចល័ត,,,,,"い  ど   う  し  き                                   し   ざ  い          つ          あ
移動式クレーンで資材を吊り上げる",,យួរេលc  កសំffiរ:េឡc  ងេtយ l៉សុីនសd    u   ចចល័ត,,,,,,,,,,,,,,,,,,,,,,,,,,,
14,介しゃくロープ,,,,かいしゃくろーぷ,,,ែខˍ ពួរជំនួយ,,,,,"か い                                               に  も   つ           ふ
介しゃくロープで荷物の振れをおさ
える",,"ទប់ឥrl""   ន់េវេtយែខˍ ពួរជំនួយ",,,,,,,,,,,,,,,,,,,,,,,,,,,
15,昇降階段,,,,しょうこうかいだん,,,ffiំជេណ<7   c  រេឡc  ងចុះ,,,,,"あ   し  ば じ ょ うそう       の ぼ                     し ょ うこうか い だ ん       つ か
足場上層に上るには昇降階段を使
う",,េដc  មJ ីេឡc  ងេɾ2ងេលc  កែន˛  ង tក់េជc  ងL ត̰   វេL បc  ffiំជេណ<7   c  រេឡ,,,,,,,c  ងចុះ,,,,,,,,,,,,,,,,,,,,
16,筋かい止めピン,,,,すじかいとめぴん,,,2c    ស់ffi�    ប់ឧបករណ៏ tក់ចេS'lru    ះសសរ,,,,,"す  じ                 と                                さ           こ            お           ま
筋かい止めピンを差し込み折り曲げ
ておく",,ពត់បmu    u   ល2c    ស់ffi�    ប់ឧបករណ៏ tក់ចេS'lru    ះសសរ,,,,,,,,,,,,,,,,,,,,,,,,,,,
17,脚柱ジョイント,,,,きゃくちゅうじょいんと,,,តំណេជc  ង,,,,,"きゃくちゅう                                    さ   い  ご                 さ           こ
脚柱ジョイントは最後まで差し込む",,បmu    u   លតំណេជc  ងេˢយដល់ចុង បmu.   ប់,,,,,,,,,,,,,,,,,,,,,,,,,,,
18,連結ピン,,,,れんけつぴん,,,2c    ស់តffi�    ប់,,,,,"れん け つ                      さ   い  ご                 さ           こ
連結ピンは最後まで差し込む",,បmu    u   ល2c    ស់តffi�    ប់េˢយដល់ចុង បmu.   ប់,,,,,,,,,,,,,,,,,,,,,,,,,,,
19,ジョイント金具,,,,じょいんとかなぐ,,,ែដកតំណ,,,,,"か   な  ぐ         か く じ つ        さ   い  ご
ジョイント金具は確実に最後までは
める",,បmu    u   លែដកតំណេˢយL ʌកដɸ ដល់ចុងបmu.   ប់,,,,,,,,,,,,,,,,,,,,,,,,,,,
20,レバーブロック,,,,ればーぶろっく,,,បr   1   កlនដង,,,,,"し   ざ  い         こ  て  い
レバーブロックで資材を固定する",,ចងffi�    ប់សំffiរ :េtយបr   1   កlនដង,,,,,,,,,,,,,,,,,,,,,,,,,,,
21,電動のこ（丸のこ）,,,,でんどうのこ（まるのこ）,,,l៉សុីនរCរ,,,,,"か た わく        せつ だ ん        ま  る                      し   よ   う
型枠の切断は丸のこを使用する",,េL បc  រCរffiត់េដc  មJ ីffiត់ស៊ុម,,,,,,,,,,,,,,,,,,,,,,,,,,,
22,モンキースパナ,,,,もんきーすぱな,,,ឧបករណ៏េtះប៊ូ ឡ̭  ង,,"ខru   ះេគេ˙ɸ
(「モンキーレンチ」
「ម៉ុង គី េរ""  នជិ」)",,,"し                     ゆ る
モンキースパナでナットを締める・緩
める",,បន<7   ឹង・ បនʁ    u   រ េȝtu.  យឧបករ ណ៏េtះប៊ូ ឡ̭  ង,,,,,,,,,,,,,,,,,,,,,,,,,,,
23,親綱支柱,,,,おやづなしちゅう,,,L បព័នʀ   ែខˍ សុវតɶ   ិffiព,,េម,,,"おや づ な         は           い     ち          お や づ な し ち ゅ う         と
親綱を張る位置に親綱支柱を取り
つ
付ける",,"តំេឡc  ងL បព័នʀ   ែខˍ សុវតɶ   ិffiពេម
េʈកែនru   ងtក់ែខˍ ពួរេម",,,,,,,,,,,,,,,,,,,,,,,,,,,
24,ブラケット,,,,ぶらけっと,,,ែកងL ទ,,ខru   ះេគេ˙ɸ(「持送り」「ម៉ូ ជិ អូ គុ រ̩」),,,"あ  し  ば                                                  と           つ
足場にブラケットを取り付ける",,"តំេឡc  ងែកងL ទេʈកែនru   ងtក់
េជc  ង",,,,,,,,,,,,,,,,,,,,,,,,,,,
25,梯子,,,,はしご,,,ជេណ<7   c  រtក់,,,,,,,,,,,,,,,,,,,,,,,,,,,,,,,,,,
1,,親綱,,,,,,,おやづな,,,ខ្សែពួរមេ,,,,,,គឺជាខ្សែសំរាប់ពាក់ថ្ពក់ខ្សែក្កវ៉ា ត់ សុវតិថ ភាពមៅការដ្ឋា នសំណង់(ក្កវ៉ា ត់ខ្សែជីវិត)ម ើេីបការពារជីវិតអ្ន កម្វើ ការមៅការដ្ឋា ន មគតមេលើងពីសរសរ ម្ខា  ងមៅសរសរម្ខា  ងម ៀតមដ្ឋយេិន មោយវ្ូរ,,,,,,,,,,"お やづな        あんぜんたい
親綱に安全帯をかける",,,,,,,ពាក់ខ្សែក្កវ៉ា ត់សុវតិថ ភាពមៅនឹងខ្សែ ពួរមេ,,,,,,,
2,,建枠（ビティ）,,,,,,,たてわく（びてぃ）,,,គំរបឈ្នន ន់(ប៊ី ្ី),,,,,,,,,,,,,,,,"た て わ く                                   も ち               あ  し  ば         く  み  た
建枠（ビティ）を用いて足場を組立て
る",,,,,,,ផ្ំគតំម ើងកខ្នល ងដ្ឋក់មជើងមដ្ឋយមក្បើ គំរបឈ្នន ន់(ប៊ី ្ី),,,,,,,
3,,メッシュシート,,,,,,,めっしゅしーと,,,ក្កណាត់សំណាញ់,,,,,,"「ក្កណាត់សំណាញ់」មពលសល ះមគមៅ ថា
「飛散防止ネット」(ហុី សំង បូ សុី មណតុ)「សំណាញ់ការពារការខ្ទា ត
ខ្ទា យ」",,,,,,,,,,"あ  し  ば  わ く                                                           と          つ
足場枠にメッシュシートを取り付け                               る",,,,,,,តំម ើងក្កណាត់សំណាញ់មៅសុ េរន្ទា,,,,,,,
4,,防音パネル,,,,,,,ぼうおんぱねる,,,ផ្ា ំង ប់សមេលង,,,,,,,,,,,,,,,,"そ う お ん た い さ く                   ぼ う お ん                             せ  っ  ち
騒音対策として防音パネルを設置す
る",,,,,,,តំម ើងផ្ា ំង ប់សមេលងម ើេីបជា វិធានការ ប់សមេលងរំខ្ទន,,,,,,,
5,,朝顔材,,,,,,,あさがおざい,,,ផ្ា ំងមក្ៅសក្ម្ខប់ការពារ,,,,,,,,,,,,,,,,"あ さ がおざ い        ひ  ら  い  ら  っ  か  ぼ  う  し
朝顔材は飛来落下防止のためにつか
う",,,,,,,មក្បើផ្ា ំងមក្ៅសក្ម្ខប់ការពារម ើេីប ការពារការខ្ទា តឬការធាល ក់ចុះ,,,,,,,
6,,架空線,,,,,,,かくうせん,,,ខ្សែមលើ,,,,,,"មដ្ឋយសរខ្តម្ខនសម្ខព  ្ចរនត អ្គិគ សនីសព ស់
កាលណាប ះវនឹងម្ខនហានីភយ័
សព ស់មលើមក្រះថាន ក់ឆក់ចរនត អ្គីគ សនី",,,,,,,,,,"か   く   う せ ん        せっしょく
架空線へ接触させないようにする",,,,,,,ម្វើកំុមោយកខ្នល ងដ្ឋក់មជើងប ះខ្សែ ខ្ទងមលើ,,,,,,,
7,,幅木（仮設足場）,,,,,,,はばき（かせつあしば）,,,កាត របំងមជើង(កខ្នល ង ដ្ឋក់មជើងបមណាត  ះោសនន ),,,,,,,,,,,,,,,,"ろ う ど う し ゃ        つ い て ん ら く       き     ぐ           ら  っ  か  ぼ   う  し
労働者の墜転落・器具の落下防止の
あ  し  ば         は  ば  き        も う
ために足場に幅木を設ける",,,,,,,ដ្ឋក់កាត បំងមជើងមៅកខ្នល ងដ្ឋក់ មជើងម ើេីបការពារកុំមោយកេមករ និងឧបករណ៏ន្ទៗធាល ក់ចុះ,,,,,,,
8,,単管,,,,,,,たんかん,,,បំពង់ឯក,,,,,,ពាកយមៅកាត់ 「បំពង់ឯក」សល ះ មគមៅថា 「パイプ 」(ខ្ផប),,,,,,,,,,"たん かん        も ち                あ  し  ば           く             た
単管を用いて足場を組み立てる",,,,,,,ផ្ំគតំម ើងកខ្នល ងដ្ឋក់មជើងមដ្ឋយមក្បើ បំពង់ឯក,,,,,,,
9,,脚立,,,,,,,きゃたつ,,,ជមណត ើរមកាង,,,,,,,,,,,,,,,,,,,,,,,,,,,,,,
10,,作業半径,,,,,,,さぎょうはんけい,,,កាំក្បតិបតិត ការងារ,,,,,,កាំបងិវ លននម្ខ  សីុន្ុន្ងន់។ម ើេីប ការពារមក្រះថាន ក់ប ះ ងិគ ចភាគ មក្ចើនមគហាេេិនមោយចូល,,,,,,,,,,"じ ゅ う き さ ぎ ょ う         さ ぎ ょ う は ん け い          た           い               き ん
重機作業の作業半径に立ち入りを禁
し
止する",,,,,,,ហាេចូលកខ្នល ងកាំក្បតិបតិត ការ ការងាររបស់ម្ខ  សុីន្ន់្ងន់,,,,,,,
11,,仮ボルト,,,,,,,かりぼると,,,បូ  ុងបមណាត  ះោសនន,,,,,,,,,,,,,,,,"か り                            こ う ぞ う た い        か り         こ   て  い
仮ボルトで構造体を仮に固定する",,,,,,,ចងភាា  ប់រចាន្ទសេ័ព នធ បមណាត  ះោសនន មដ្ឋយបូ  ុងបមណាត  ះោសនន,,,,,,,
12,,手直し,,,,,,,てなおし,,,ខ្កម ើងវិញ,,,,,,,,,,,,,,,,"し  て  き                       ば  し  ょ         て  な  お
指摘された場所を手直しする",,,,,,,ខ្កម ើងវិញមៅ ីតំងខ្ លមគបន ចងអ គលបងាា ញមៅកខ្នល ងដ្ឋក់មជើង,,,,,,,
13,,面一,,,,,,,つらいち,,,មោយនផាទំងពីរមសម ើរន,,,,,,,,,,,,,,,,"つ ら い ち
面一にそろえる",,,,,,,តក្េឹេមោយនផាទំងពីរមសម ើរន,,,,,,,
14,,点検事項,,,,,,,てんけんじこう,,,ក្បការក្តួតពិនិតយ,,,,,,,,,,,,,,,,"し  よ   う               こ   う   ぐ        て ん け ん  じ   こ   う         も と                し
使用する工具は点検事項に基づき始
ぎょうま えて ん け ん
業前点検をおこなう",,,,,,,អ្នុវតតការក្តួតពិនិតយេុនចាប់មផតើេ ការងារខ្ផែកតេក្បការក្តួតពិនិតយ ឧបករណ៏ខ្ លក្តូវមក្បើក្បស់,,,,,,,
15,,積載荷重,,,,,,,せきさいかじゅう,,, េងន់ចំណុះដ្ឋក់,,,,,,,,,,,,,,,,"せ き さ い か じ ゅ う         こ
トラックの積載荷重を超えないよう                               に
つ            こ
積み込む",,,,,,,ផទ គកកុំមោយមលើសពី េងន់ចំណុះដ្ឋក់ របស់ឡាន,,,,,,,
16,,すき間,,,,,,,すきま,,,ចមន្ទល  ះ,,,,,,,,,,,,,,,,"ぼ う お ん                                         ま            あ
防音シートはすき間が空かないよう                               に
と          つ
取り付ける",,,,,,,តំម ើងក្កណាត់ ប់សមេលងកុំមោយ ម្ខនមៅសល់ចមន្ទល  ះ,,,,,,,
17,,通りを見る,,,,,,,とおりをみる,,,ពិនិតយផូល  វថ្នល់,,,,,,,,,,,,,,,,"かたど お              ね  ぎ  り           で     き                              と お
やり方通りで根切が出来ているか通
りをみる",,,,,,,"ពិនិតយផូល  វថ្នល់ថាមតើម្ខនសន េមភាល  ះ
 ូចតេវិ្ីសស្រសត ខ្ លអ្នុវតតខ្ រឬម ",,,,,,,
18,,組立,,,,,,,くみたて,,,តមេលើង,,,,,,,,,,,,,,,,"あ  し  ば         く  み  た
足場を組立てる",,,,,,,ផ្ំគតមេលើងកខ្នល ងដ្ឋក់មជើង,,,,,,,
19,,地組,,,,,,,じぐみ,,,ការផ្ំគេូលដ្ឋា ន,,,,,,,,,,,,,,,,"し た          じ   ぐ み              あ  し  ば                                          あ
下で地組した足場をクレーンで上げ
う え          と          つ
て上で取り付ける",,,,,,,"សទ ចូ   កខ្នល ងដ្ឋក់មជើងខ្ លបនផ្ំគ
េូលដ្ឋា នខ្ទងមក្កាេមហើយ មដ្ឋយ ម្ខ  សុីន
សទ ចូ   មៅតំម ើងខ្ទងមលើ",,,,,,,
20,,天端,,,,,,,てんば,,,ខ្ផនកខ្ទងមលើននសំណង់,,,,,,សល ះមគមៅថា「上端（うわば）អ្ុ  វ៉ា ប」,,,,,,,,,,"て  ん  ば                            へいかつ
コンクリートの天端をコテで平滑に                               な
らす",,,,,,,មបៀកមបតុងខ្ផនកខ្ទងមលើននសំណង់ មោយរមោងមសម ើររន មដ្ឋយសល បក្ពា មបៀកកំមបរ,,,,,,,
21,,玉掛け,,,,,,,たまかけ・たまがけ,,,ចំណងTamagake,,,,,,,,,,,,,,,,"ざいりょう         つ          あ                さ い        あんぜん          い     ち
材料を吊り上げる際は安全な位置に
た ま か け
玉掛けをおこなう",,,,,,,មៅមពលយួរមលើកវតថ គធាតុម ើេម ើង ក្តូវដ្ឋក់ចំណងTamagakeមៅ ីតំង សុវតិថ ភាព,,,,,,,
22,,合図,,,,,,,あいず,,,សញ្ញា,,,,,,,,,,,,,,,,"じ ゅ う き さ ぎ ょ う        あ  い  ず                          あんぜん       おこな
重機作業は合図をもって安全に行う",,,,,,,ការងារម្ខ  សីុន្ន់្ងន់ក្តូវម្វើមដ្ឋយ  សុវតិថ ភាពតេសញ្ញា,,,,,,,
23,,定格荷重,,,,,,,ていかくかじゅう,,, េងន់តេខ្ទន ត,,,,,,,,,,,,,,,,"て い か く か じ ゅ う         こ                  つ                      さ ぎ ょ う
定格荷重を超えて吊りもの作業はお
こなわない",,,,,,,"េិនក្តូវម្វើការងារមលើកសទ ចូ   ហួសពី
 េងន់តេខ្ទន ត",,,,,,,
24,,たち,,,,,,,たち,,,បញ្ឈរ,,,,,,,,,,,,,,,,"あ  し  ば  し  ち  ゅ  う                              み             すいちょくせい
足場支柱のたちを見る（垂直性＝た
ち）",,,,,,,មេើលសសរបញ្ឈរកខ្នល ងដ្ឋក់មជើង (（ភាពបញ្ឈរ＝たち）ោនថា ＝ត ជិ),,,,,,,
25,,職長,,,,,,,しょくちょう,,,មេការ,,,,,,,,,,,,,,,,"あ  し  ば  く み た て        しょくちょう          し     じ          したが
足場組立は職長の指示に従う",,,,,,,ការផ្ំគតមេលើងកខ្នល ងដ្ឋក់មជើងក្តូវ មររពតេការខ្ណន្ទំរបស់មេការ,,,,,,,
1,,安全カバー,,,,,,,あんぜんかばー,,,គម្របសុវត្ិថ ភាព,,,,,,ជាពិសសសគឺគម្របជាប់នឹងម៉ា សុ៊ីន រណារ។ចូរសម្បើម្ាស់វាស ើរ៊ីបបង្កា សៅ សពលអារកាត្់ផ្លែរណារអាចឡងម្ត្ ឡប់រកម្ត្ូវខ្ល នួ   ជាស ើរ។,,,,,,,,,,"あ  ん  ぜ ん                 し よ  う         じ こ         ふ  せ
安全カバーの使用で事故を防ぐ",,,,,,,ការពារសម្រោះថ្នា ក់សោយសម្បើគម្រប សុវត្ិថ ភាព,,,,,,,
2,,安全帯,,,,,,,あんぜんたい,,,ផ្ខ្ែម្កវា៉ា ត្់សុវត្ិថ ភាព,,,,,,,,,,,,,,,,"あんぜんたい        あ  し  ば          と          つ
安全帯を足場に取り付ける",,,,,,,បំពាក់ផ្ខ្ែម្កវា៉ា ត្់សុវត្ិថ ភាពសៅ កផ្នែ ងោក់ស ើង,,,,,,,
3,,インサート,,,,,,,いんさーと,,,បញ្ូច ល,,,,,,,,,,,,,,,,"せ  っ  ち
インサートをコンクリートに設置す                               るた
か た わ く          う           こ
め、型枠に打ち込む",,,,,,,បងហ រូ ចូលសុ រស ើរ៊ីបោក់បញ្ូច លកា ងសបត្ុង,,,,,,,
4,,スペーサ,,,,,,,すぺーさ,,,ឧបករណ៏រកាចស្ែ  ោះ,,,,,,,,,,,,,,,,"か た わ く                                            と          つ
型枠にスペーサを取り付ける",,,,,,,ភាា  ប់ឧបករណ៏រកាចស្ែ  ោះសៅនឹងសុ រ,,,,,,,
5,,鉄筋,,,,,,,てっきん,,,សរសសផ្ ក,,,,,,,,,,,,,,,,"て っ き ん       か た わ く         す  き  ま        ちょうせい
鉄筋と型枠の隙間を調整する",,,,,,,សំរួលចស្ែ  ោះសរសសផ្ កនិងសុ រ,,,,,,,
6,,電工ドラム（ドラム）,,,,,,,でんこうどらむ（どらむ）,,,ផ្ខ្ែស្ែើងរំផ្វង( ូ រ៉ា រ រុ  ),,,,,,,,,,,,,,,,"で ん こ う                                                                  さ           こ
電工ドラムのコンセントに差し込む",,,,,,,សោត្ម្ព៊ីស្ែើងចូលកន ុងផ្ខ្ែស្ែើងរំផ្វង,,,,,,,
7,,電動丸のこ（電のこ）,,,,,,,でんどうまるのこ（でんのこ）,,,រណាម៉ា សុ៊ីន(ស ង ណូ កូ ),,,,,,,,,,,,,,,,"で ん ど う ま る                                                         せつだん
電動丸のこでコンパネを切断する",,,,,,,កាត្់កាា បនទ ោះសោយរណាម៉ា សុ៊ីន,,,,,,,
8,,パッキン,,,,,,,ぱっきん,,,ថ្នា ំបិទ ិត្,,,,,,,,,,,,,,,,"し           こ
パッキンを敷き込む",,,,,,,ម្កាលថ្នា ំបិទ ិត្,,,,,,,
9,,小バール,,,,,,,しょうばーる,,,ផ្ ករស់ត្ូច,,,,,,,,,,,,,,,,"しょう                               く ぎ          ぬ
小バールで釘を抜く",,,,,,,រស់ផ្ កសរលសោយផ្ ករស់ត្ូច,,,,,,,
10,,大バール,,,,,,,だいばーる,,,ផ្ ករស់ធំ,,,,,,,,,,,,,,,,"か た わく かい たい        だい                               し   よ   う
型枠解体に大バールを使用する",,,,,,,សម្បើផ្ ករស់ធំបំផ្បកសុ រ,,,,,,,
11,,化粧合板,,,,,,,けしょうごうはん,,,កាា បនទ ោះត្ុបផ្ត្ង,,,,,,,,,,,,,,,,"ひょうめん          う          はな         し     あ                                けしょうごうばん
表面は打ち放し仕上げのため化粧合
し   よ   う
板を使用する",,,,,,,ស ើរ៊ីបសធវើសលទខាងរុខ្សនការចាក់ សបត្ុងសចាលសអាយស ើយសគសម្បើកាា បនទ ោះត្ុបផ្ត្ង,,,,,,,
12,,普通合板,,,,,,,ふつうごうはん,,,កាា បនា ោះធរមតា,,,,,,,,,,,,,,,,"はいめん          そ     じ     し     あ                                ふ  つ  う  ご う ば ん
背面は素地仕上げのため普通合板を
し  よ   う
使用する",,,,,,,ស ើរ៊ីបសធវើសលទខាងសម្កាយសអាយស ើយ សគសម្បើ    កាា បនទ ោះធរមតា,,,,,,,
13,,スタイロフォーム,,,,,,,すたいろふぉーむ,,,បនទ ោះសនា,,,,,,,,,,,,,,,,"か た わ くな い          と          つ
スタイロフォームを型枠内に取り付け
る",,,,,,,ត្សរែើងបនទ ោះសនា សៅខាងកន ុងសុ រ,,,,,,,
14,,面木,,,,,,,めんぎ,,,ស ើបសងាើត្សលទរុខ្សៅម្ ុង,,,,,,,,,,,,,,,,"か た わ く        めん   ぎ           と          つ
型枠に面木を取り付ける",,,,,,,ត្សរែើងោក់ស ើបសងាើត្សលទរុខ្សៅ ម្ ុងសៅនឹងសុ រ,,,,,,,
15,,バイブレーター,,,,,,,ばいぶれーたー,,,ម៉ា ស៊ីុនរំញ៉ារ័,,,,,,,,,,,,,,,,"し          かた
バイブレーターでコンクリートを締め固
める",,,,,,,សម្បើម៉ា សុ៊ីនរំញ៉ារ័ស ើរ៊ីបបម្ងួរសបត្ុង,,,,,,,
16,,剥離剤,,,,,,,はくりざい,,,ថ្នា ំសំណក,,,,,,,,,,,,,,,,"か た わ く                                      よ
コンクリートと型枠のはなれを良くする
は   く  り ざ い        し  よ   う
ために剥離剤を使用する",,,,,,,សម្បើម្ាស់ថ្នា ំសំណកស ើរ៊ីបសធវើសអាយ សបត្ុងនិងសុ ររសបោះសចញានលអ,,,,,,,
17,,けこみ板,,,,,,,けこみいた,,,កាា បញ្ឈរ,,,,,,,,,,,,,,,,"い た         と          つ
けこみ板を取り付ける",,,,,,,ត្សរែើងកាា បញ្ឈរ,,,,,,,
18,,目地棒,,,,,,,めじぼう,,, ំបូងោក់កាច់ម្ ុង,,,,,,,,,,,,,,,,"か た わ く          め     じ   ぼ う         と          つ
型枠に目地棒を取り付ける",,,,,,,ត្សរែើង ំបូងោក់កាច់ម្ ុងសៅកន ុង សុ រ,,,,,,,
19,,コンクリート,,,,,,,こんくりーと,,,សបត្ុង,,,,,,,,,,,,,,,,"か た わ く                                                  なが         こ
型枠にコンクリートを流し込む",,,,,,,បងហ រូ សបត្ុងចូលសៅកន ុងសុ រ,,,,,,,
20,,コンベックス,,,,,,,こんべっくす,,,ឧបករណ៏វាស់ផ្វង,,,,,,,,,,,,,,,,"す ん ぽ う       はか
コンベックスで寸法を測る",,,,,,,វាស់ទំ ំសោយឧបករណ៏វាស់ផ្វង,,,,,,,
21,,作業用手袋,,,,,,,さぎょうようてぶくろ,,,សម្នរស ការង្ករ,,,,,,,,,,,,,,,,"さ ぎ ょ う よ う て ぶ く ろ       も ち              か た わ く さ ぎ ょ う
作業用手袋を用いて型枠作業をおこ
なう",,,,,,,សធវើការង្ករសុ រសោយសម្បើសម្នរស ការង្ករ,,,,,,,
22,,差金,,,,,,,さしがね,,,ផ្ កបញ្ូច ល,,,,,,,,,,,,,,,,"さ し が ね        す ん ぽ う       はか
差金で寸法を測る",,,,,,,វាស់ទំ ំផ្ កបញ្ូច ល,,,,,,,
23,,水平器,,,,,,,すいへいき,,,ផ្រ៉ាម្ត្សទ ង់,,,,,,,,,,,,,,,,"すい へい   き          かたむ           ちょうせい      すい へい
水平器で傾きを調整し水平にする",,,,,,,សំរួលលំស ៀងសអាយសសម ើរសោយសម្បើ ផ្រ៉ាម្ត្សទ ង់,,,,,,,
24,,墨さし,,,,,,,すみさし,,,បិចសធវើព៊ីឬស៊ីែ,,,,,,,,,,,,,,,,"す み                   す み
墨さしを墨つぼにつける",,,,,,,ោក់ប្ទ  ត្់ផ្ខ្ែបិចសធវើព៊ីឬស៊ីែ,,,,,,,
25,,墨つぼ,,,,,,,すみつぼ,,,ប្ទ  ត្់ផ្ខ្ែ,,,,,,,,,,,,,,,,"す み                    す み
墨さしを墨つぼにつける",,,,,,,ោក់ប្ទ  ត្់ផ្ខ្ែបិចសធវើព៊ីឬស៊ីែ,,,,,,,
1,,"丸セパレーター
（丸セパ）",,,,,,,"まるせぱれーたー
（まるせぱ）",,,"ឧបករណ៏បំបបករូបរាងមូល
(ម៉ា រ៉ុ សេប៉ា )",,,,,,,,,,,,,,,,,,"ま る                                                か た わ く        こ  て  い
丸セパレーターで型枠を固定する",,,,,,,ចងភ្ជា  ប់េ៉ុ មសោយឧបករណ៏បំបបក រូបរាងមូល,,,,,
2,,天端釘,,,,,,,てんばくぎ,,,"បែកសោលបនែកខាងសលើនៃ
េំណង់",,,,,,,,,,,,,,,,,,"て ん        て ん   ば   く ぎ          う
コンクリート天に天端釘を打つ",,,,,,,"សបោះបែកសោលបនែកខាងសលើនៃ
េំណង់សៅបនែកខាងសលើសបត៉ុង",,,,,
3,,ケレン,,,,,,,けれん,,,ការេំសលៀង,,,,,,,,,,,,,,,,,,"ひょうめん
コンパネの表面をけれんする",,,,,,,សកាេេំសលៀងននៃខាងម៉ុខសរកាយពី សោោះេ៉ុ មពីបៃៃ ោះកាា,,,,,
4,,型枠支保工,,,,,,,かたわくしほこう,,,េ៉ុ មេរមប់ចាក់សបត៉ុង,,,,,,,,,,,,,,,,,,"か  た  わ  く  し  ほ  こ  う         こ   う   じ        おこな
型枠支保工の工事を行う",,,,,,,សាងេង់េ៉ុ មេរមប់ចាក់សបត៉ុង,,,,,
5,,"基礎型枠
（メタルフォーム）",,,,,,,"きそかたわく
（めたるふぉーむ）",,,េ៉ុ មរ្រោះ(សមតាលហ្វ ម),,,,,,,,,,,,,,,,,,"き     そ   か た わ く        く  み  た
基礎型枠を組立てる",,,,,,,ន្ំគតសមលើងេ៉ុ មរ្រោះសោយសមតាលហ្វ ម,,,,,
6,,釘仕舞い,,,,,,,くぎしまい,,,េំរួលបែកសោល,,,,,,,,,,,,,,,,,,"か た わ く                                   く ぎ   し     ま
型枠をばらして釘仕舞いをする",,,,,,,សោោះេ៉ុ មសចញសហ្ើយេំរួលបែកសោល,,,,,
7,,スラブ天端,,,,,,,すらぶてんば,,,រកឡាបនែកខាងសលើនៃេំណង់,,,,,,,,,,,,,,,,,,"て ん   ば
スラブ天端をそろえる",,,,,,,តរមរមរកឡាបនែកខាងសលើនៃេំណង់,,,,,
8,,高さ（タッパ）,,,,,,,たかさ（たっぱ）,,,កំពេ់,,,,,,,,,,,,,,,,,,"た か                                           は か
高さ（タッパ）を測る",,,,,,,វាេ់កំពេ់(ថាប ប៉ា ),,,,,
9,,建込み,,,,,,,たてこみ,,,សលើកយួរសហ្ើយោក់,,,,,,,,,,,,,,,,,,"か た わ く        た  て  こ
型枠を建込みする",,,,,,,សលើកយួរសហ្ើយោក់េ៉ុ ម,,,,,
10,,通り,,,,,,,とおり,,,នូល  វលំ,,,,,,,,ការបកេំរួលររង់រាយខូចឬសរើេ បរងសោយមៃសាា ៃភ្ជពធមមតា ស ើងវិញ,,,,,,,,,,"と お                よ
通りを良くする",,,,,,,សធវើនូល  វលំសោយលអ,,,,,
11,,蹴上げ,,,,,,,けあげ,,,កំពេ់ជំហាៃកាំជសណា ើរ,,,,,,,,កំពេ់ជំហាៃកាំជសណា ើរ,,,,,,,,,,"き                                  け     あ          す ん ぽ う         か た わ く        く  み  た
決められた蹴上げ寸法で型枠を組立
てる",,,,,,,ន្ំគតសមលើងេរនេបែកតាមកំពេ់ ជំហាៃកាំជសណា ើរបែលបៃកំណត់,,,,,
12,,蹴込み,,,,,,,けこみ,,,បនែកខាងកន គងសៅកាំជសណា ើរ,,,,,,,,,,,,,,,,,,"き                                け     こ          す ん ぽ う        か た わ く        く  み  た
決められた蹴込み寸法で型枠を組立
てる",,,,,,,ន្ំគតសមលើងេរនេបែកតាមបនែកខាង កន គងសៅកាំជសណា ើរបែលបៃកំណត់,,,,,
13,,工具の手入れ,,,,,,,こうぐのていれ,,,សរៀបេំោតឧបករណ៏,,,,,,,,,,,,,,,,,,"こ   う   ぐ           て     い
工具の手入れをおこたらない",,,,,,,មិៃរបបហ្េៃរងបែាំឧបករណ៏,,,,,
14,,下げ振り,,,,,,,さげふり,,,ឧបករណ៏វាេ់បញ្ឈររតង់,,,,,,,,,,,,,,,,,,"さ            ふ               すいちょく       か く に ん
下げ振りで垂直を確認する",,,,,,,បញ្ជា  ក់ឧបករណ៏វាេ់បញ្ឈររតង់,,,,,
15,,地墨,,,,,,,じずみ,,,សាែ មេញ្ជា  កំណត់រីតាំង,,,,,,,,,,,,,,,,,,"じ   ず み         あ                        か た わ く         と          つ
地墨に合わせて型枠を取り付ける",,,,,,,ោក់េ៉ុ មសោយរតូវៃរងសាែ មេញ្ជា កំណត់រីតាំង,,,,,
16,,捨てコンクリート,,,,,,,すてこんくりーと,,,ចាក់សបត៉ុងសេា ើង(សបត៉ុង សចាល),,,,,,,,,,,,,,,,,,"す                                                      と          わ く        せ  っ  ち
捨てコンクリートの止め枠を設置す                               る",,,,,,,តសមលើងេ៉ុ មរប់ការចាក់សបត៉ុងសេា ើង,,,,,
17,,はね出し,,,,,,,はねだし,,,ការសចញកាា ពីបសគោ ល,,,,,,,,សាា ៃភ្ជពលាៃកាា សចញពីមា  ងនៃ បនែករប់បៃៃ ោះនូល  វរបេ់កបៃល ងោក់ សជើង។របេិៃសបើអ្ែ កមិៃែរងសហ្ើយ សែើរជាៃ់វាោចមៃសរោោះថាែ ក់បណ្តា លសោយធ្លល ក់។,,,,,,,,,,"かべ                              だ                                   か た わ く        く  み  た
壁からはね出してスラブ型枠を組立て
る",,,,,,,ន្ំគតសមលើងរកបខណឌ រកឡា ពីកាា លាៃ សចញបសគោ លពីជញ្ជា  ំង,,,,,
18,,はらみ,,,,,,,はらみ,,,ភ្ជពសប៉ា ងច៉ុោះ,,,,,,,,,,,,,,,,,,"だ  せ  つ ちゅう       か た わ く
コンクリート打設中に型枠のはらみを
か く に ん
確認する",,,,,,,ពិៃិតយសមើលភ្ជពសប៉ា ងច៉ុោះសៅសពល បងហ រូ សបត៉ុងចូលកន គងេ៉ុ ម,,,,,
19,,前面,,,,,,,まえつら,,,ននៃខាងម៉ុខ,,,,,,,,,,,,,,,,,,"ま え つ ら       そ ろ
前面を揃える",,,,,,,តរមរមននៃខាងម៉ុខ,,,,,
20,,養生,,,,,,,ようじょう,,,រ៉ុុំព័រធ,,,,,,,,,,,,,,,,,,"だ  せ  つ   ご         ようじょう
コンクリート打設後に養生をおこなう",,,,,,,សធវើការរ៉ុុំព័រធបន្ទៃ  ប់ពីបងហ រូ សបត៉ុងចូល,,,,,
21,,レベル,,,,,,,れべる,,,កំពេ់,,,,,,,,,,,,,,,,,,"そくりょう
レベルを測量する",,,,,,,វាេ់បវងកំពេ់,,,,,
22,,割付,,,,,,,わりつけ,,,បបងបចក,,,,,,,,,,,,,,,,,,"か た わ く         わ          つ
型枠を割り付ける",,,,,,,ការបបងបចកេ៉ុ ម,,,,,
23,,埋め込み金物,,,,,,,うめこみかなもの,,,ឧបករណ៏បែកបងោប់,,,,,,,,,,,,,,,,,,"か た わ く                                                  う            こ          か な もの
型枠にはあらかじめ埋め込み金物を
と          つ
取り付ける",,,,,,,ភ្ជា  ប់ឧបករណ៏បែកបងោប់បែលបៃ បងកប់សៅៃរងេ៉ុ មជាម៉ុៃ,,,,,
24,,解体する（バラス）,,,,,,,かいたいする（ばらす）,,,ការបំបបក,,,,,,,,,,,,,,,,,,"か た わ く       かいたい
型枠を解体する（バラス）",,,,,,,ការបំបបកេ៉ុ ម,,,,,
25,,かぶり寸法,,,,,,,かぶりすんぽう,,,ករមេ់រ្ប,,,,,,,,,,,,,,,,,,"て っ き ん       か た わ く                             す ん ぽ う        か く に ん
鉄筋と型枠のかぶり寸法を確認する",,,,,,,"បញ្ជា  ក់ករមេ់រ្បរបេ់េរនេបែក
ៃិងេ៉ុ ម",,,,,
1,,異形棒鋼,,,,,,,いけいぼうこう,,,ឧបករណ៏ពង្រឹរបបតុរ រូបរារពិបេេ,,,,,,គឺជាេរសេដែកធម្មតាដែលបគបង្បើ បៅង្បបេេជបុ ន,,,,,,,,,,"い  け  い こ う ぼ う       も ち
異形鋼棒を用いる",,,,,,,បង្បើឧបករណ៏ពង្រឹរបបតុររូបរារ ពិបេេ,,,,,,,
2,,結束線,,,,,,,けっそくせん,,,ដសែរឹតចំណរ,,,,,,,,,,,,,,,,"け っ そ く せん        て っ き ん       し ば
結束線で鉄筋を縛る",,,,,,,រឹតេរសេដែកបោយដសែរឹតចំណរ,,,,,,,
3,,結束工具,,,,,,,けっそくこうぐ,,,ឧបករណ៏រឹតចរ,,,,,,បពលសល ះបគបៅថា「ហាក់ កា」,,,,,,,,,,"け っ そ く  こ   う   ぐ        も ち              て っ き ん       し ば
結束工具を用いて鉄筋を縛る",,,,,,,រឹតេរសេដែកបោយបង្បើឧបករណ៏ រឹតចរ,,,,,,,
4,,鉄筋切断機,,,,,,,てっきんせつだんき,,,ម  េ៊ីុនកាត់េរសេដែក,,,,,,,,,,,,,,,,"て っ き ん せ  つ  だ  ん  き         て っ き ん       せつだん
鉄筋切断機で鉄筋を切断する",,,,,,,"កាត់េរសេដែកបោយម  េ៊ីុនកាត់
េរសេដែក",,,,,,,
5,,鉄筋曲げ加工機,,,,,,,てっきんまげかこうき,,,ម  េ៊ីុនពត់េរសេដែក,,,,,,,,,,,,,,,,"て っ き ん   ま           か  こ  う    き          て っ き ん         ま
鉄筋曲げ加工機で鉄筋を曲げる",,,,,,,"ពត់េរសេដែកបោយម  េុ៊ីនពត់
េរសេដែក",,,,,,,
6,,フック,,,,,,,ふっく,,,េំពក់,,,,,,,,,,,,,,,,"て っ き ん た  ん  ぶ
鉄筋端部にフックをつける",,,,,,,ពាក់េំពក់បៅដនែកខារចុរេរសេ ដែក,,,,,,,
7,,保護帽（ヘルメット）,,,,,,,ほごぼう（へるめっと）,,,ម្ួកការពារ,,,,,,,,,,,,,,,,"ほ     ご   ぼ う                            さ ぎ ょ う          と          か
保護帽をかぶり作業に取り掛かる",,,,,,,ពាក់ម្ួកការពារប ើយចាប់បនតើម្បធវើការ,,,,,,,
8,,アンカー,,,,,,,あんかー,,,ដែកយុថាា,,,,,,"ពាកយកាត់សនដែកយុថាា េរសេដែក ចប្ឡះេំណរ់បគថា「សា េុ៊ី គ៊ីរ
（さしきん）」",,,,,,,,,,"せ  っ  ち
アンカーを設置する",,,,,,,តបម្លើរដែកយុថាា,,,,,,,
9,,加工場,,,,,,,かこうば,,,កដនល រដកសនែ,,,,,,,,,,,,,,,,現場搬入前に加工場で鉄筋を加工する,,,,,,,ដកសនែេរសេដែកបៅកដនល រដកសនែ ម្ុននឹរែឹកចូលម្កការោា ន,,,,,,,
10,,スペーサ―,,,,,,,すぺーさー,,,ឧបករណ៏រកាចប្ល  ះ,,,,,,,,,,,,,,,,鉄筋のかぶり厚さを保つためスペ                             ーサーを使う,,,,,,,បង្បើឧបករណ៏រកាចប្ល  ះបែើម្៊ីបរកា កមល  េ់ង្គបេរសេដែក,,,,,,,
11,,ドーナツ,,,,,,,どーなつ,,,ឧបករណ៏រកាចប្ល  ះរារ ជាររវរ់(ែូណាត់),,,,,,,,,,,,,,,,壁の鉄筋かぶり厚さはドーナツを使                               う,,,,,,,បង្បើឧបករណ៏រកាចប្ល  ះរារជាររវរ់ (ែូណាត់)េង្មប់កមល  េ់ង្គបេរសេ ដែកជញ្ជ  ំរ,,,,,,,
12,,加工配筋図,,,,,,,かこうはいきんず,,,បល រ់ោក់េសេដែកដកសនែ,,,,,,,,,,,,,,,,"か  こ  う は い き ん   ず   と お              く  み  た
加工配筋図通りに組立てる",,,,,,,ន្ំគតបម្លើរតាម្បល រ់ោក់េសេដែកដក សនែ,,,,,,,
13,,配筋詳細図,,,,,,,はいきんしょうさいず,,,បល រ់លំអិតោក់េរសេដែក,,,,,,,,,,,,,,,,配筋詳細図通りに組立てる,,,,,,,ន្ំគតបម្លើរតាម្បល រ់លំអិតោក់េសេ ដែក,,,,,,,
14,,開口補強筋,,,,,,,かいこうほきょうきん,,,េរសេដែកពង្រឹរដនែក បបើកចំ រ,,,,,,,,,,,,,,,,窓開口部は開口補強筋を組立てる,,,,,,,ន្ំគតបម្លើរេរសេដែកពង្រឹរដនែក បបើកចំ របៅបរអ ចួ  ដនែកបបើកចំ រ,,,,,,,
15,,幅止め筋,,,,,,,はばどめきん,,,េរសេដែកពង្រឹរ,,,,,,,,,,,,,,,,"はば   ど          き ん         と          つ
幅止め筋を取り付ける",,,,,,,តំប ើរោក់េរសេដែកពង្រឹរ,,,,,,,
16,,差筋,,,,,,,さしきん,,,េរសេដែកចប្ល  ះេំណរ់,,,,,,,,,,,,,,,,"さ し き ん
コンクリートに差筋をする",,,,,,,ោក់េរសេដែកចប្ល  ះេំណរ់បៅ កន គរបបតុរ,,,,,,,
17,,柱主筋,,,,,,,はしらしゅきん,,,េរសេដែកេេរបម្,,,,,,,,,,,,,,,,"はしらし ゅ き ん        く  み  た
柱主筋を組立てる",,,,,,,ន្ំគតបម្លើរេរសេដែកេេរបម្,,,,,,,
18,,柱配筋,,,,,,,はしらはいきん,,,ោក់េរសេដែកកន គរេេរ,,,,,,,,,,,,,,,,"はしらは い き ん        ず  め  ん         か く に ん
柱配筋を図面で確認する",,,,,,,បញ្ជ  ក់េសេដែកកន គរេេរតាម្បល រ់ គំនូរ,,,,,,,
19,,スラブ筋,,,,,,,すらぶきん,,,េរសេង្កឡា,,,,,,,,,,,,,,,,"き ん        し ょ て い                                   く  み  た
スラブ筋を所定のピッチで組立てる",,,,,,,ន្ំគតបម្លើរេរសេង្កឡាបៅជបង្ម្ដែល បានកំណត់េុក,,,,,,,
20,,ベース筋,,,,,,,べーすきん,,,េរសេង្គឹះ,,,,,,,,,,,,,,,,"き ん        く  み  た
ベース筋を組立てる",,,,,,,ន្ំគតបម្លើរេរសេង្គឹះ,,,,,,,
21,,帯筋（フープ）,,,,,,,おびきん（ふーぷ）,,,េរសេដែកេប់េល់ការ ដបកបបតុរេេរ( ឺវ ប ពុ),,,,,,,,,,,,,,,,"おびき ん        く  み  た
帯筋を組立てる",,,,,,,ន្ំគតបម្លើរេរសេដែកេប់េល់ការ ដបកបបតុរេេរ,,,,,,,
22,,下端筋,,,,,,,したばきん,,,េរសេខារបង្កាម្ខារចុរ,,,,,,,,,,,,,,,,"し  た  ば き ん        く  み  た
下端筋を組立てる",,,,,,,ន្ំគតបម្លើរេរសេខារបង្កាម្ខារចុរ,,,,,,,
23,,上端筋,,,,,,,うわばきん,,,េរសេខារចុរខារបលើ,,,,,,,,,,,,,,,,"う え は し き ん        く  み  た
上端筋を組立てる",,,,,,,ន្ំគតបម្លើរេរសេខារចុរខារបលើ,,,,,,,
24,,主筋,,,,,,,しゅきん,,,េរសេបម្,,,,,,,,,,,,,,,,"し ゅ き ん        く  み  た
主筋を組立てる",,,,,,,ន្ំគតបម្លើរេរសេបម្,,,,,,,
25,,あばら筋,,,,,,,あばらきん,,,េរសេដែកលកា ណ:នឹអ រជំនឺ,,,,,,,,,,,,,,,,あばら筋を組立てる,,,,,,,ន្ំគតបម្លើរេរសេដែកលកា ណ:នឹអ រជំនឺ,,,,,,,
1,,はかま筋,,,,,,,はかまきん,,,សរសសដែកលកខ ណ:កន្រ្ត ក,,,,,,,,,,,,,,,,"き ん        く  み  た
はかま筋を組立てる",,,,,,,ការផ្ុំគតុំឡ ើងសរសសដែកលកខ ណ:កន្្្ តក,,,,,,,
2,,縦筋,,,,,,,たてきん,,,សរសសដែកបញ្ឈរ,,,,,,,,,,,,,,,,"た て き ん        く  み  た
縦筋を組立てる",,,,,,,ការផ្ុំគតុំឡ ើងសរសសដែកបញ្ឈរ,,,,,,,
3,,下筋,,,,,,,したきん,,,សរសសដែកខាងឡន្កាម,,,,,,,,,,,,,,,,"し た き ん        く  み  た
下筋を組立てる",,,,,,,ការផ្ុំគតុំឡ ើងសរសសដែកខាងឡន្កាម,,,,,,,
4,,横筋,,,,,,,よこきん,,,សរសសដែកឡផតក,,,,,,,,,,,,,,,,"よ こ き ん        く  み  た
横筋を組立てる",,,,,,,ការផ្ុំគតុំឡ ើងសរសសដែកឡផតក,,,,,,,
5,,腹筋,,,,,,,はらきん,,,សរសសដែកដាក់ទទឹង,,,,,,,,,,,,,,,,"は ら き ん        く  み  た
腹筋を組立てる",,,,,,,ការផ្ុំគតុំឡ ើងសរសសដែកដាក់ទទឹង,,,,,,,
6,,配力筋,,,,,,,はいりょくきん,,,សរសសដែកដាក់ឈរន្តង់,,,,,,,,,,,,,,,,"はいりょくきん        く  み  た
配力筋を組立てる",,,,,,,ការផ្ុំគតុំឡ ើងសរសសដែកដាក់ឈរន្តង់,,,,,,,
7,,上筋,,,,,,,うわきん,,,សរសសដែកខាងឡលើ,,,,,,,,,,,,,,,,"う わ き ん        く  み  た
上筋を組立てる",,,,,,,ការផ្ុំគតុំឡ ើងសរសសដែកខាងឡលើ,,,,,,,
8,,スパイラル筋,,,,,,,すぱいらるきん,,,សរសសដែកលកខ ណ:រងវង់,,,,,,,,,,,,,,,,"き ん        た い し んへ き          と           つ
スパイラル筋を耐震壁に取り付ける",,,,,,,ភ្ជា  ប់សរសសដែកលកខ ណ:រងវង់ឡៅ្ឹង ជញ្ា  ុំងធុ្្ឹងរញ្ជ យួ   ែី,,,,,,,
9,,鉄筋径,,,,,,,てっきんけい,,,វិជាមាន្តសរសសដែក,,,,,,,,,,,,,,,,"て っ き ん け い        せ っ け い  と   し   ょ         と お
鉄筋径は設計図書の通りである",,,,,,,វិជាមាន្តសរសសដែកគឺែូចឡៅកន គងបល ង់ឡែសាញ,,,,,,,
10,,かぶり厚さ,,,,,,,かぶりあつさ,,,កមាល  ស់ន្គប,,,,,,,,,,,,,,,,"あ つ              か く に ん
かぶり厚さを確認する",,,,,,,ការបញ្ា  ក់កមាល  ស់ន្គប,,,,,,,
11,,角度,,,,,,,かくど,,,មុុំ,,,,,,,,,,,,,,,,"か  く  ど        か く に ん
角度を確認する",,,,,,,ការបញ្ា  ក់មុុំ,,,,,,,
12,,シングル,,,,,,,しんぐる,,,ឯក,,,,,,,,,,,,,,,,"て っ き ん                                   は い き ん         く  み  た
鉄筋はシングル配筋で組立てる",,,,,,,ផ្ុំគតុំឡ ើងសរសសដែកឡដាយសរសស ដែកឯក,,,,,,,
13,,ダブル,,,,,,,だぶる,,,ឡទវ,,,,,,,,,,,,,,,,"は い き ん
スラブはダブル配筋とする",,,,,,,សរសសន្កឡាន្តូវឡន្បើសរសសដែកឡទវ,,,,,,,
14,,千鳥結束,,,,,,,ちどりけっそく,,,ចុំណងចឡ្ល  ោះគ្នា,,,,,,,,,,,,,,,,"て っ き ん        ち   ど  り  け っ そ く
鉄筋は千鳥結束する",,,,,,,រឹតចុំណងចឡ្ល  ោះសរសសដែក,,,,,,,
15,,切断寸法,,,,,,,せつだんすんぽう,,,ទុំហុំដផាកកាត់,,,,,,,,,,,,,,,,"せつだんす ん ぽ う        て っ き ん       せつだん
切断寸法で鉄筋を切断する",,,,,,,កាត់សរសសដែកតាមទុំហុំដផាកកាត់,,,,,,,
16,,加工寸法,,,,,,,かこうすんぽう,,,ទុំហុំដកសនា,,,,,,,,,,,,,,,,"か  こ  う  す ん ぽ うど お             て っ き ん        か  こ  う
加工寸法通りに鉄筋を加工する",,,,,,,ដកសនាសរសសដែកែូចឡៅកន គងទុំហុំដក សនា,,,,,,,
17,,重ね継手,,,,,,,かさねつぎて,,,តុំណជា្់គ្នា,,,,,,,,,,,,,,,,"て っ き ん  ど  う  し         か さ         つ  ぎ  て
鉄筋同士は重ね継手とする",,,,,,,"ដាក់តុំណជា្់គ្នា សន្មាប់សរសសដែក
ែូចគ្នា",,,,,,,
18,,圧接継手,,,,,,,あっせつつぎて,,,តុំណគ្នប,,,,,,,,,,,,,,,,"て っ き ん  ど  う  し        あ っ せ つ つ  ぎ  て
鉄筋同士は圧接継手とする",,,,,,,"ដាក់តុំណគ្នបសន្មាប់សរសសដែក
ែូចគ្នា",,,,,,,
19,,開口部,,,,,,,かいこうぶ,,,ដផាកឡបើកចុំហរ,,,,,,,,,,,,,,,,"か  い  こ  う  ぶ               か い こ う ほ き ょ う き ん         と          つ
開口部には開口補強筋を取り付ける",,,,,,,តុំឡ ើងដែកពន្ងឹងមាត់ឡបើកស្ ដផាកឡបើកចុំហរ,,,,,,,
20,,溶接金網,,,,,,,ようせつかなあみ,,,សុំណាញ់ដែកផា,,,,,,,,,,,,,,,,"ど     ま   は い き ん        よ う せ つ かなあみ        し  よ   う
土間配筋は溶接金網を使用する",,,,,,,ឡន្បើសុំណាញ់ដែកផាសន្មាប់សរសស ដែកពន្ងឹងែី,,,,,,,
21,,搬出,,,,,,,はんしゅつ,,,ការែឹកឡចញ,,,,,,,,,,,,,,,,"の こ              て っ き ん        げ  ん  ば              はんしゅつ
残った鉄筋を現場から搬出する",,,,,,,ែឹកសរសសដែកដែលឡៅសល់ឡចញពី ការដាា ្,,,,,,,
22,,搬入,,,,,,,はんにゅう,,,ការែឹកចូល,,,,,,,,,,,,,,,,"て っ き ん        げ  ん  ば        はんにゅう
鉄筋を現場に搬入する",,,,,,,ែឹកសរសសដែកចូលការដាា ្,,,,,,,
23,,基礎,,,,,,,きそ,,,ន្គឹោះ,,,,,,គឺជាន្គឹោះរបស់អគ្នរ,,,,,,,,,,"き     そ          は い き ん
基礎の配筋をおこなう",,,,,,,ឡរៀបចុំន្គឹោះដាក់សរសសដែក,,,,,,,
24,,機械式継手,,,,,,,きかいしきつぎて,,,តុំណឡដាយមា៉ា សីុ្,,,,,,,,,,,,,,,,"て っ き ん  ど  う  し         き  か  い  し  き  つ  ぎ  て
鉄筋同士は機械式継手とする",,,,,,,សរសសដែកវាងគ្នា ្ិងគ្នា ន្តូវតុំណ ឡដាយមា៉ា សុី្,,,,,,,
25,,配筋検査,,,,,,,はいきんけんさ,,,ការន្តួតពិ្ិតយការដាក់ សរសសដែក,,,,,,,,,,,,,,,,"せ っ け い か ん り し ゃ                    は い き ん け  ん  さ         ご う か く
設計監理者による配筋検査に合格す
る",,,,,,,ការន្តួតពិ្ិតយការដាក់សរសសដែក ឡដាយអា កន្គប់ន្គងបល ង់ឡែសាញន្តូវ បា្នលងកាត់,,,,,,,
1,,トラクタ,,,,,,,とらくた,,,ត្រាក់ទរ័,,,,,,ត្រាក់ទរ័ដែលបំពាក់ឧបករណ៏ការងារ (attachment)ត្ររូវបានគេគៅថា គត្រេឿងចត្រករុញែីឬត្រាក់ទ័រឈូសែីជា គែើម។,,,,,,,,,,,,,,,,,,,,,,,,
2,,ブルドーザ,,,,,,,ぶるどーざ,,,គត្រេឿងចត្រករុញែី,,,,,,ម៉ា សុីនដែលបំពាក់ដប៉ាលរុញែីគៅ នឹងត្រាក់ទ័រ,,,,,,,,,,,,,,,,,,,,,,,,
3,,トラクタショベル,,,,,,,とらくたしょべる,,,ត្រាក់ទ័រឈូសែី,,,,,,ម៉ា សីុនត្រាក់ទ័រដែលមនបំពាក់ ដប៉ាលចូក។មនត្របគេទគត្របើកង់សប់ និងត្របគេទគត្របើកង់ត្រចវាក់,,,,,,,,,,,,,,,,,,,,,,,,
4,,ホイルローダ,,,,,,,ほいるろーだ,,,រ ឡូូ   កិនែី,,,,,,ត្រាក់ទ័រឈូសែីត្របគេទគត្របើកង់(វិល កង់ទំងបួន(4WD)),,,,,,,,,,,,,,,,,,,,,,,,
5,,ダンプトラック,,,,,,,だんぷとらっく,,,ត្រាក់ទ័រែឹកែី,,,,,,,,,,,,,,,,,,,,,,,,,,,,,,
6,,油圧ショベル,,,,,,,ゆあつしょべる,,,គត្រេឿងចត្រកកាយែីអីុត្រែូ លិក,,,,,,ម៉ា សីុនដែលបំពាក់ដប៉ាលអាចគ្វើ ការងារបានគត្រចើនដបបយ៉ា ងគោយ ត្រាន់ដរបត រូជំនួសឧបករណ៏ការងារ (attachment),,,,,,,,,,,,,,,,,,,,,,,,
7,,バックホウ,,,,,,,ばっくほう,,,ត្រាក់ទរ័កាយែី(គអសស្កា ),,,,,,េឺជាគត្រេឿងចត្រកដែលទូគៅបំផុរគៅ កន ុងចំគោមគត្រេឿងចត្រកកាយែីអីុត្រែូ លិក គេដរងគ ើញញឹកញាប់ គត្របើសំ រាប់ជីកគៅខាងគត្រកាមែី,,,,,,,,,,,,,,,,,,,,,,,,
8,,ローディングショベル,,,,,,,ろーでぃんぐしょべる,,,គត្រេឿងចត្រកចូកែី,,,,,,េឺជាគត្រេឿងចត្រកកាយែីអីុត្រែូលិក ម៉ាាងដែលគេគត្របើសំរាប់យកខ្សាច់ និងត្រេួសថ្មពីគលើែីគៅផុទ កោក់,,,,,,,,,,,,,,,,,,,,,,,,
9,,ローラ,,,,,,,ろーら,,,រ ឡូូ   កិន,,,,,,,,,,,,,,,,,,,,,,,,,,,,,,
10,,バケット,,,,,,,ばけっと,,,ដប៉ាលចូក,,,,,,,,,,,,,,,,,,,,,,,,,,,,,,
11,,ブーム,,,,,,,ぶーむ,,,ែងសនទ ចូ,,,,,,,,,,,,,,,,,,,,,,,,,,,,,,
12,,アーム,,,,,,,あーむ,,,ដែគលើក,,,,,,,,,,,,,,,,,,,,,,,,,,,,,,
13,,ブレード（排土板）,,,,,,,ぶれーど（はいどばん）,,,ដប៉ាលរុញ(ដប៉ាលរុញែី),,,,,,,,,,,,,,,,,,,,,,,,,,,,,,
14,,タイヤ,,,,,,,たいや,,,សំបកកង់,,,,,,,,,,,,,,,,,,,,,,,,,,,,,,
15,,クローラ,,,,,,,くろーら,,,ត្រចវាក់,,,,,,,,,,,,,,,,,,,,,,,,,,,,,,
16,,キー（鍵）,,,,,,,きー（かぎ）,,,គស្ក,,,,,,,,,,,,,,,,"く る ま   か ぎ
車の鍵",,,,,,,គស្កឡាន,,,,,,,
17,,"作業装置
（アタッチメント）",,,,,,,"さぎょうそうち
（あたっちめんと）",,,"ឧបករណ៏ការងារ
(attachment)",,,,,,,,,,,,,,,,,,,,,,,,,,,,,,
18,,エンジン,,,,,,,えんじん,,,ម៉ា សុីន,,,,,,,,,,,,,,,,"き
エンジンをかける、エンジンを切る",,,,,,,បគ្ឆ េះម៉ា សីុន  ពនល រ់ម៉ា សីុន,,,,,,,
19,,ディーゼルエンジン,,,,,,,でぃーぜるえんじん,,,ម៉ា សុីនគត្របើម៉ា សូ រ,,,,,,,,,,,,,,,,,,,,,,,,,,,,,,
20,,エンジンオイル,,,,,,,えんじんおいる,,,គត្របងម៉ា សុីន,,,,,,,,,,,,,,,,,,,,,,,,,,,,,,
21,,"オルタネータ
（充電発電機）",,,,,,,"おるたねーた
（じゅうでんはつでんき）",,,ម៉ា សុីនស្កកថ្ម,,,,,,,,,,,,,,,,,,,,,,,,,,,,,,
22,,バッテリ,,,,,,,ばってり,,,អាេុយ,,,,,,,,,,,,,,,,,,,,,,,,,,,,,,
23,,燃料,,,,,,,ねんりょう,,,គត្របងឥណឌ ន:,,,,,,,,,,,,,,,,,,,,,,,,,,,,,,
24,,軽油,,,,,,,けいゆ,,,គត្របងត្រស្កល(ម៉ា សូ រ),,,,,,,,,,,,,,,,,,,,,,,,,,,,,,
25,,ブレーキ,,,,,,,ぶれーき,,,ត្រ្ំវ ង,,,,,,,,,,,,,,,,"ふ
ブレーキを踏む",,,,,,,ជាន់ត្រ្ំវ ង,,,,,,,
1,,油圧シリンダ,,,,,,,ゆあつしりんだ,,,ស៊ី ឡាំងអ៊ី ដ្រូលិក,,,,,,,,,,,,,,,,,,,,,,,,,,,,,,
2,,油圧モータ,,,,,,,ゆあつもーた,,,ម៉ូ ទ័រអ៊ី ដ្រូលិក,,,,,,,,,,,,,,,,,,,,,,,,,,,,,,
3,,油圧ポンプ,,,,,,,ゆあつぽんぷ,,,សន ប់ប៉ូមអ៊ី ដ្រូលិក,,,,,,,,,,,,,,,,,,,,,,,,,,,,,,
4,,水漏れ,,,,,,,みずもれ,,,លលចធ្លា យទឹក,,,,,,,,,,,,,,,,,,,,,,,,,,,,,,
5,,油漏れ,,,,,,,あぶらもれ,,,លលចធ្លា យលដ្បង,,,,,,,,,,,,,,,,,,,,,,,,,,,,,,
6,,冷却水,,,,,,,れいきゃくすい,,,"ទឹកដាក់ឱ្យដ្រជាក់
(ម  ស៊ី ន)",,,,,,,,,,,,,,,,,,,,,,,,,,,,,,
7,,ブレーキ液,,,,,,,ぶれーきえき,,,លដ្បងដ្្រ ាំង,,,,,,,,,,,,,,,,,,,,,,,,,,,,,,
8,,燃料タンク,,,,,,,ねんりょうたんく,,,ធ ងឥនធ នៈ,,,,,,,,,,,,,,,,,,,,,,,,,,,,,,
9,,ファンベルト,,,,,,,ふぁんべると,,,ខ្សែពានកង្ហា រ,,,,,,,,,,,,,,,,,,,,,,,,,,,,,,
10,,空気圧,,,,,,,くうきあつ,,,សមា  ធសយល់,,,,,,,,,,,,,,,,,,,,,,,,,,,,,,
11,,クラッチ,,,,,,,くらっち,,,អាំដ្ាយ ,,,,,,,,,,,,,,,,,,,,,,,,,,,,,,
12,,急発進,,,,,,,きゅうはっしん,,,ចាប់ល្តើមលលឿន,,,,,,,,,,,,,,,,,,,,,,,,,,,,,,
13,,急ブレーキ,,,,,,,きゅうぶれーき,,,ចាប់ដ្្រ ាំងបន្ទា  ន់,,,,,,,,,,,,,,,,,,,,,,,,,,,,,,
14,,アイドリング,,,,,,,あいどりんぐ,,,បល្ឆ េះលចាល,,,,,,,,,,,,,,,,"て  い  し
エンジンを停止するときはアイドリング
と
したあとに止める",,,,,,,លៅលេលប្ឈប់ម  ស៊ី នដ្រូវឈប់លៅ លដ្ោយលេលានបល្ឆ េះលចាលល ើយ,,,,,,,
15,,走行,,,,,,,そうこう,,,លបើកបរ,,,,,,,,,,,,,,,,,,,,,,,,,,,,,,
16,,旋回,,,,,,,せんかい,,,បរ់,,,,,,,,,,,,,,,,,,,,,,,,,,,,,,
17,,安全ロック,,,,,,,あんぜんろっく,,,លោស វរិថភាេ,,,,,,,,,,,,,,,,,,,,,,,,,,,,,,
18,,安全支柱,,,,,,,あんぜんしちゅう,,,សសរស វរិថភាេ,,,,,,,,,,,,,,,,,,,,,,,,,,,,,,
19,,補給（する）,,,,,,,ほきゅう（する）,,,(ោរ)បខ្នថ ម,,,,,,,,,,,,,,,,"ねんりょう       ほ き ゅ う
エンジンをかけたまま燃料を補給し                               て
はいけない",,,,,,,"មិនអាចចាក់ឥនធ នៈដាក់បខ្នថ ម
ានល ើយលៅលេលម  ស៊ី នកាំេ ង បល្ឆ េះ",,,,,,,
20,,駐車（する）,,,,,,,ちゅうしゃ（する）,,,(ោរ)ចររថយនត,,,,,,,,,,,,,,,,,,,,,,,,,,,,,,
21,,歩行者,,,,,,,ほこうしゃ,,,អន កលថមើរល ើង,,,,,,,,,,,,,,,,,,,,,,,,,,,,,,
22,,車両,,,,,,,しゃりょう,,,រថយនត,,,,,,,,,,,,,,,,,,,,,,,,,,,,,,
23,,死角,,,,,,,しかく,,,ដ្ ុងលមើលមិនល ើញ,,,,,,កខ្នា ងលមើលមិនល ើញ,,,,,,,,,,,,,,,,,,,,,,,,
24,,斜面,,,,,,,しゃめん,,, ដ្មល,,,,,,,,,,,,,,,,"や ま   の   し ゃ め ん       の ぼ
山の斜面を上る",,,,,,,ល ើង ដ្មលភ្នាំ,,,,,,,
25,,転圧（する）,,,,,,,てんあつ（する）,,,(ោរ)រលមៀល,,,,,,,,,,,,,,,,"て ん あ つ さ ぎ ょ う
ローラで転圧作業をする",,,,,,,លធរើោរង្ហររលមៀលលដាយរ  ូ៉ូ,,,,,,,
1,,接触（する）,,,,,,,せっしょく（する）,,,(ការ)ប ៉ះទង្ិគច,,,,,,,,,,,,,,,,"じ ゅ う き        せっしょく
重機に接触してけがをする",,,,,,,រង្របួសដោយប ៉ះទង្ិគចជាមួយ ម  ស៊ី នធន់ធងន់,,,,,,,
2,,作動（する）,,,,,,,さどう（する）,,,(ការ)ដំដ ើរការ,,,,,,,,,,,,,,,,"か  さ  い  ほ   う  ち    き            さ  ど   う
火災報知器が作動する",,,,,,,សំដេង្ដោទិ៍អគ្ិគ ភ័យដំដ ើរការ,,,,,,,
3,,整備（する）,,,,,,,せいび（する）,,,(ការ)ដរៀបចំថែសំរួល,,,,,,,,,,,,,,,,"しゃりょう         せ  い  び
車両の整備をする",,,,,,,ដរៀបចំថែសំរួលរែយនត,,,,,,,
4,,点検（する）,,,,,,,てんけん（する）,,,(ការ)ត្រួរពិនិរយ,,,,,,,,,,,,,,,,"さ ぎ ょ う ま え         こ   う   ぐ        て ん け ん
作業前に工具を点検する",,,,,,,ត្រួរពិនិរយឧបករ ៏ម នចាប់ដ្តើ មការងារ,,,,,,,
5,,動かす,,,,,,,うごかす,,,បត រូកថនែ ង្,,,,,,,,,,,,,,,,"き  か  い        う ご
機械を動かす",,,,,,,បត រូកថនែ ង្ម  ស៊ី ន,,,,,,,
6,,運転（する）,,,,,,,うんてん（する）,,,(ការ)ដបើកបរ,,,,,,,,,,,,,,,,"け ん せつ き  か  い        う ん て ん
建設機械を運転する",,,,,,,ដបើកបរម  ស៊ី នសំ ង្់,,,,,,,
7,,測る,,,,,,,はかる,,,វាស់,,,,,,,,,,,,,,,,"て っ き ん        なが              は か
鉄筋の長さを測る",,,,,,,វាស់ត្បថែង្សរសសថដក,,,,,,,
8,,操作（する）,,,,,,,そうさ（する）,,,(ការ)ត្បរិបរិតការ,,,,,,,,,,,,,,,,"き  か  い         そ   う   さ
機械を操作する",,,,,,,ត្បរិបរិតការម  ស៊ី ន,,,,,,,
9,,停止（する）,,,,,,,ていし（する）,,,(ការ)ឈប់,,,,,,,,,,,,,,,,,,,,,,,,,,,,,,
10,,切る,,,,,,,きる,,,ការ់ ឬ ពនែ រ់,,,,,,,,,,,,,,,,"き              て っ き ん          き
エンジンを切る、鉄筋を切る",,,,,,,ពនែ រ់ម  ស៊ី ន  ការ់ថដក,,,,,,,
11,,回す,,,,,,,まわす,,,បង្ិវល,,,,,,,,,,,,,,,,,,,,,,,,,,,,,,
12,,押す,,,,,,,おす,,,រ ញ,,,,,,,,,,,,,,,,,,,,,,,,,,,,,,
13,,集める,,,,,,,あつめる,,,ត្បមូល,,,,,,,,,,,,,,,,,,,,,,,,,,,,,,
14,,触る,,,,,,,さわる,,,ស្ទា ប,,,,,,,,,,,,,,,,,,,,,,,,,,,,,,
15,,縛る,,,,,,,しばる,,,ចង្ជាប់,,,,,,,,,,,,,,,,,,,,,,,,,,,,,,
16,,揃える,,,,,,,そろえる,,,រត្មឹម,,,,,,,,,,,,,,,,"て っ き ん        なが              そ ろ
鉄筋の長さを揃える",,,,,,,រត្មឹមត្បថែង្សរសសថដក,,,,,,,
17,,結ぶ,,,,,,,むすぶ,,,ចង្,,,,,,,,,,,,,,,,"ざいりょう                                                       む す
材料をまとめてひもで結ぶ",,,,,,,ដរៀបចំចង្ែរថ ុធារ ដដើមដោយថសែ,,,,,,,
18,,しゃがむ,,,,,,,しゃがむ,,,អង្គ ុយ(ដចាង្ដោង្),,,,,,,,,,,,,,,,,,,,,,,,,,,,,,
19,,調整（する）,,,,,,,ちょうせい（する）,,,(ការ)ថកសំរួល,,,,,,,,,,,,,,,,,,,,,,,,,,,,,,
20,,閉じる,,,,,,,とじる,,,បិទ,,,,,,,,,,,,,,,,,,,,,,,,,,,,,,
1,,取り出す,,,,,,,とりだす,,,យកចេញ,,,,,,,,,,,,,,,,,,,,,,,,,,,,,,
2,,戻す,,,,,,,もどす,,,ដាក់ចៅវិញ,,,,,,,,,,,,,,,,"つか               こ   う   ぐ         も と         ば  し   ょ         も ど
使った工具は元の場所に戻す",,,,,,,ទុកដាក់ឧបករណ៏ដែលបានច ប្ើចៅ កដនែ ងចែើមវិញ,,,,,,,
3,,仕上げる,,,,,,,しあげる,,,ច្វើចោយច ើយ,,,,,,,,,,,,,,,,,,,,,,,,,,,,,,
4,,折れる,,,,,,,おれる,,,បាក់,,,,,,,,,,,,,,,,"く ぎ           お
釘が折れる",,,,,,,បាក់ដែកចោល,,,,,,,
5,,欠ける,,,,,,,かける,,,ដែប,,,,,,,,,,,,,,,,"ま る                        は             か
丸のこの刃が欠ける",,,,,,,ដែបដលែរណា,,,,,,,
6,,近づく,,,,,,,ちかづく,,,ចៅជិត,,,,,,,,,,,,,,,,"さぎょ うち ゅう        じ ゅ う き        ち か
作業中の重機に近づかない",,,,,,,"កុំុចៅជិតម៉ា ស៊ីុន្ុន្ងន់កុំពុង
ែុំចណើរការងារ",,,,,,,
7,,電源を入れる,,,,,,,でんげんをいれる,,,ចបើកថាមពលច្ែើង,,,,,,,,,,,,,,,,,,,,,,,,,,,,,,
8,,電源を落とす,,,,,,,でんげんをおとす,,,បិទថាមពលច្ែើង,,,,,,,,,,,,,,,,,,,,,,,,,,,,,,
9,,スイッチを切る,,,,,,,すいっちをきる,,,បិទកុងតាក់,,,,,,,,,,,,,,,,,,,,,,,,,,,,,,
10,,固定（する）,,,,,,,こてい（する）,,,(ការ)េងភ្ជា  ប់,,,,,,,,,,,,,,,,,,,,,,,,,,,,,,
11,,ゆるめる,,,,,,,ゆるめる,,,បនធ រូ,,,,,,,,,,,,,,,,ボルトをゆるめる,,,,,,,បនធ រូ ប៊ូ ឡុង,,,,,,,
12,,伸ばす,,,,,,,のばす,,,ពនល តូ,,,,,,,,,,,,,,,,,,,,,,,,,,,,,,
13,,外す,,,,,,,はずす,,,ចដាោះ,,,,,,,,,,,,,,,,"あ ん ぜん                             は ず
安全カバーを外す",,,,,,,ចដាោះគ ម្ប់សុវតិថភ្ជព,,,,,,,
14,,曲げる,,,,,,,まげる,,,ពត់,,,,,,,,,,,,,,,,,,,,,,,,,,,,,,
15,,出す,,,,,,,だす,,,បចចេ ញ,,,,,,,,,,,,,,,,"て っ き ん          ま
鉄筋を曲げる",,,,,,,ពត់សសសដែក,,,,,,,
16,,乾かす,,,,,,,かわかす,,,សមង តួ,,,,,,,,,,,,,,,,,,,,,,,,,,,,,,
17,,数える,,,,,,,かぞえる,,,រាប់,,,,,,,,,,,,,,,,,,,,,,,,,,,,,,
18,,運ぶ,,,,,,,はこぶ,,,ចលើក,,,,,,,,,,,,,,,,,,,,,,,,,,,,,,
19,,積む,,,,,,,つむ,,,លុទ ក,,,,,,,,,,,,,,,,"ざいりょう                                                               つ
材料をくずれないように積む",,,,,,,លុទ កវតថ ុធាតុចែើមកុំុចោយែួលរលុំ,,,,,,,
20,,下ろす,,,,,,,おろす,,,ដាក់េុោះ,,,,,,,,,,,,,,,,"に  だ  い                に  も  つ          お
トラックの荷台から荷物を下ろす",,,,,,,ដាក់ឥវ៉ា ន់េុោះព៊ីឡានែឹកទុំនិញ,,,,,,,
21,,離れる,,,,,,,はなれる,,,ឃ្លែ  តចេញ,,,,,,,,,,,,,,,,,,,,,,,,,,,,,,
1,,位置,,,,,,,いち,,ទីតាំង,,,,,,,,,,,,,,,,,,,,,,,,,,,,,,,
2,,寸法,,,,,,,すんぽう,,ខ្នា ត,,,,,,,,,,,,,,,,,,,,,,,,,,,,,,,
3,,測定（する）,,,,,,,そくてい（する）,,(ការ)វាស់វែង,,,,,,,,,,,,,,,,,,,,,,,,,,,,,,,
4,,計測（する）,,,,,,,けいそく（する）,,(ការ)វាស់,,,,,,,,,,,,,,,,,,,,,,,,,,,,,,,
5,,計測器,,,,,,,けいそくき,,នាឡិកាវាស់សទ ង់,,,,,,,,,,,,,,,,,,,,,,,,,,,,,,,
6,,温度,,,,,,,おんど,,សីតុណ្ហ ភាព,,,,,,,,,,,,,,,,,,,,,,,,,,,,,,,
7,,高さ,,,,,,,たかさ,,កាំពស់,,,,,,,,,,,,,,,,,,,,,,,,,,,,,,,
8,,長さ,,,,,,,ながさ,,ប្រវែង,,,,,,,,,,,,,,,,,,,,,,,,,,,,,,,
9,,重さ,,,,,,,おもさ,,ទម្ងន់,,,,,,,,,,,,,,,,,,,,,,,,,,,,,,,
10,,厚さ,,,,,,,あつさ,,កប្ាស,,,,,,,,,,,,,,,,,,,,,,,,,,,,,,,
11,,硬さ,,,,,,,かたさ,,ភាពរឹង,,,,,,,,,,,,,,,,,,,,,,,,,,,,,,,
12,,深さ,,,,,,,ふかさ,,ជម្ប្ៅ,,,,,,,,,,,,,,,,,,,,,,,,,,,,,,,
13,,表面,,,,,,,ひょうめん,,ផ្ទទខ្នងម្ុខ,,,,,,,,,,,,,,,,,,,,,,,,,,,,,,,
14,,すきま,,,,,,,すきま,,ចម្នាល  ោះ,,,,,,,,,,,,,,,,,,,,,,,,,,,,,,,
15,,中心,,,,,,,ちゅうしん,,កណ្តា  ល,,,,,,,,,,,,,,,,,,,,,,,,,,,,,,,
16,,値,,,,,,,あたい,,តផ្ម្ល,,,,,,,,,,,,,,,,,,,,,,,,,,,,,,,
17,,安定（する）,,,,,,,あんてい（する）,,(ការាន)ម្សេ រភាព,,,,,,,,,,,,,,,,,,,,,,,,,,,,,,,
18,,大きさ,,,,,,,おおきさ,,ទាំហាំ,,,,,,,,,,,,,,,,,,,,,,,,,,,,,,,
19,,数,,,,,,,かず,,ចាំនួន,,,,,,,,,,,,,,,,,,,,,,,,,,,,,,,
20,,誤差,,,,,,,ごさ,,ភាពខុសគ្នា,,,,,,,,,,,,,,,,,,,,,,,,,,,,,,,
21,,中,,,,,,,なか,,កន ុង,,,,,,,,,,,,,,,,,,,,,,,,,,,,,,,
22,,反対,,,,,,,はんたい,,ទុទ យ,,,,,,,,,,,,,,,,,,,,,,,,,,,,,,,
23,,周り,,,,,,,まわり,,ជុាំែិញ,,,,,,,,,,,,,,,,,,,,,,,,,,,,,,,
24,,尺,,,,,,,しゃく,,ខ្នា ត សាគុ,,,,,,,,,1សាគុ≒30.3㎝,,,,,,,,,,,,,,,,,,,,,,
25,,青,,,,,,,あお,,ម្ខៀែ,,,,,,,,,,,,,,,,,,,,,,,,,,,,,,,
26,,赤,,,,,,,あか,,ប្កហម្,,,,,,,,,,,,,,,,,,,,,,,,,,,,,,,
27,,白,,,,,,,しろ,,ស,,,,,,,,,,,,,,,,,,,,,,,,,,,,,,,
28,,黄色,,,,,,,きいろ,,ម្លឿង,,,,,,,,,,,,,,,,,,,,,,,,,,,,,,,
1,,片づける,,,,,,,かたづける,,រ ៀបចំ,,,,,,なおす,,,,,,,,,,,,,,,,,,,,,,,,,
2,,捨てる,,,,,,,すてる,,រោល,,,,,,ほかす、なげる,,,,,,,,,,,,,,,,,,,,,,,,,
3,,掃く,,,,,,,はく,,រោស,,,,,,はわく,,,,,,,,,,,,,,,,,,,,,,,,,
4,,持ち上げる,,,,,,,もちあげる,,រលើករ ើង,,,,,,つる,,,,,,,,,,,,,,,,,,,,,,,,,
5,,束ねる,,,,,,,たばねる,,ចងោច់,,,,,,きびる,,,,,,,,,,,,,,,,,,,,,,,,,
6,,足をくじく,,,,,,,あしをくじく,,គ្រិចរ ើង,,,,,,ぐねる,,,,,,,,,,,,,,,,,,,,,,,,,
1,,一輪車,,,,,,,いちりんしゃ,, រេះកង់មួយ,,,,,,ねこ,,,,,,,,,,,,,,,,,,,,,,,,,
2,,支柱,,,,,,,しちゅう,,សស េប់,,,,,,サポート,,,,,,,,,,,,,,,,,,,,,,,,,
3,,ショベル,,,,,,,しょべる,,តប ល,,,,,,スコップ,,,,,,,,,,,,,,,,,,,,,,,,,
4,,かけや,,,,,,,かけや,,ញញួ រ ើ,,,,,,鳴り物（なりもの）、大鳴り（おおなり）,,,,,,,,,,,,,,,,,,,,,,,,,
