(cid:535)របកែ(cid:688)ប,(cid:700)ក(cid:679)សព(cid:635),Column_4,Column_6,No.,PDFページ番号,PDF表番号,កា បកដរប,កា បកប្រប,កា បក្ប្គ្ប,កា បក្ប្រប,កា បក្ប្្ប,កា រក្ប្ប្រ,ចាំណា ពនយល់,ចំ(cid:622)រពន(cid:679)ល់,ចំណា ពនយល់,ចំណា ព្នយល់,ច្ំណា ពនយល់,ច្ំណា ព្នយល់,បូ ថត,មបៀបអាន,មរៀរអាន,រូបថត,រេប(cid:827)ប(cid:738)ន,វាកយសពទ,វាកយសព្ទ,វាក្យសពទ,វាក្យសព្ទ,វាក្យសព្ា,សញ្ញា,ឧ(cid:637)ហរណ៍,ឧទាហ ណ៍,ឧទាហ ណ្៍,ឧទាហ្ ណ៍
,,,,1,1,1,,,,ការហ្វឹកហ្វឺនជំនាញ,,,,,,,,,,ぎのうじっしゅう,,,,,,,技能実習,,,,,,
,,,,2,1,1,,,,"កម្មសិកាការហ្ី វឹកហ្វឺន
ជំនាញ",,,,,,,,,,ぎのうじっしゅうせい,,,,,,,技能実習生,,,,,,
,,,,3,1,1,,,,រោងចក្ក,,,,,,,,,,こうじょう,,,,,,,工場,,,,,,
,,,,4,1,1,,,,ការផលិត,,,,,,,,,,せいぞう,,,,,,,製造,,,,,,
,,,,5,1,1,,,,ម៉ា ស ៊ីន,,,,,,,,,,きかい,,,,,,,機械,,,,,,
,,,,6,1,1,,,,ស វតថិភាព,,,,,,,,,,あんぜん,,,,,,,安全,,,,,,
,,,,7,1,1,,,,(ដែល)រក្រោះថ្នា ក់,,,,,,"ការកត់សមា ល់ជាអកសកាន់ជិរក្រើ
ក្ាស់ជាទូរៅ ក៏រ៉ា ដនែរៅកន ុងរោង
ចក្ក ក៏មនករណ៊ីរក្រើក្ាស់អកសកា
តាកាណាថ្ន 「キケン」ផងដែរ។",,,,きけん（な）,,,,,,,危険（な）,,,,,,
,,,,8,1,1,,,,រក្រោះថ្នា ក់,,,,,,,,,,あぶない,,,,,,,危ない,,,,,,
,,,,9,1,1,,,,សមា ត,,,,,,"ការរ្វីរោយស្ថថ នភាពការងារងាយ
យល ់ ក្តម្ឹ ក្តវូ និងស្ថា តរោយការសម្្
ោត។",,,,せいそう,,,,,,,清掃,,,,,,
,,,,10,1,1,,,,ផល វូ ោសនា,,,,,,,,,,ひじょうぐち,,,,,,,非常口,,,,,,
,,,,11,1,1,,,,ការក្រងុ ក្រយ័តា,,,,,,,,,,ちゅうい,,,,,,,注意,,,,,,
,,,,12,1,1,,,,អគ្ាិភ័យ,,,,,,,,,,かじ,,,,,,,火事,,,,,,
,,,,13,1,1,,,,ឧរតិរហ្ត,,,,,,,,,,じこ,,,,,,,事故,,,,,,
,,,,14,1,1,,,,សរម្លៀករំពាក់,,,,,,,,,,ふくそう,,,,,,,服装,,,,,,
,,,,15,1,1,,,,ឧរករណ៍ស វតថិភាព,,,,,,,,,,あんぜんそうち,,,,,,,安全装置,,,,,,
,,,,1,2,1,,,,គម្របសុវត្ថិភាព,,,,,,,,,,あんぜんかばー,,,,,,,安全カバー,,,,,,
,,,,2,2,1,,,,របួស,,,,,,,,,,けが,,,,,,,けが,,,,,,
,,,,3,2,1,,,,មានរបួស,,,,,,,,,,けがをする,,,,,,,けがをする,,,,,,
,,,,4,2,1,,,,ចរនតអគគិសនី,,,,,,,,,,でんげん,,,,,,,電源,,,,,,
,,,,5,2,1,,,,បិទចរនតអគគិសនី,,,,,,,,,,でんげんをきる,,,,,,,電源を切る,,,,,,
,,,,6,2,1,,,,"ប៊ូ ត្ុងបញ្ឈប់ពពល
អាសនន",,,,,,,,,,ひじょうていしぼたん,,,,,,,非常停止ボタン,,,,,,
,,,,7,2,1,,,,"ចុចប៊ូ ត្ុងបញ្ឈប់ពពល
អាសនន",,,,,,,,,,"ひじょうていしぼたんを
おす",,,,,,,非常停止ボタンを押す,,,,,,
,,,,8,2,1,,,,ចាប់,,,,,,,,,,るーる,,,,,,,ルール,,,,,,
,,,,9,2,1,,,,ពោរពចាប់,,,,,,,,,,るーるをまもる,,,,,,,ルールを守る,,,,,,
,,,,10,2,1,,,,បញ្ឈប់,,,,,,,,,,とめる,,,,,,,止める,,,,,,
,,,,11,2,1,,,,បញ្ឈប់មា៉ា សុីន,,,,,,,,,,きかいをとめる,,,,,,,機械を止める,,,,,,
,,,,12,2,1,,,,ស៊ូរព្វើ,,,,,,,,,,やって,,,,,,,やって,,,,,,
,,,,13,2,1,,,,ស៊ូរបញ្ឈប់,,,,,,,,,,とめて,,,,,,,止めて,,,,,,
,,,,14,2,1,,,,ស៊ូរយក,,,,,,,,,,とって,,,,,,,取って,,,,,,
,,,,15,2,1,,,,(ដែល)រិនបាន,,,,,,,,,,だめ（な）,,,,,,,だめ（な）,,,,,,
,,,,1,3,1,,អង្គភាពគ្រប់គ្រង្,,,,,,,,,,"អង្គការមិនរកគ្ាក់ជំណេញដែល
ណ្វើការគ្រប់គ្រង្និង្ែឺកនំនូវ
សកមមភាពនិង្ការបេ្ តុះបណ្តា ល
កមមសិកាការហ្ើ វឹកហ្វឹនជំនញ",,かんりだんたい,,,,,監理団体,,,,,,,,
,,,,2,3,1,,ការណទេរបណចេកវទ្យិ ា,,,,,,,,,,,,ぎじゅついてん,,,,,技術移転,,,,,,,,
,,,,3,3,1,,រយៈណពលហ្វឹកហ្វឺនជំនញ,,,,,,,,,,,,ぎのうじっしゅうきかん,,,,,技能実習期間,,,,,,,,
,,,,4,3,1,,គ្បណេទ្យមុខរបរ,,,,,,,,,,,,しょくしゅ,,,,,職種,,,,,,,,
,,,,5,3,1,,អាជ្ញា ប័េណ ស្នា ក់ណៅ,,,,,,,,,,,,ざいりゅうしかく,,,,,在留資格,,,,,,,,
,,,,6,3,1,,លិខិតឆ្លង្ដែន,,,,,,,,,,,,ぱすぽーと,,,,,パスポート,,,,,,,,
,,,,7,3,1,,ប័េណ ស្នា ក់ណៅ,,,,,,,,,,,,ざいりゅうかーど,,,,,在留カード,,,,,,,,
,,,,8,3,1,,អណនា គ្បណវសន៍,,,,,,,,,,"ពាកយសណង្េបនន ""ទ្យីភាា កងា់ រអណនា
គ្បណវសន""៍ និង្ ""ការយាិ ល័យអណនា
គ្បណវសន""៍",,にゅうかん,,,,,入管,,,,,,,,
,,,,9,3,1,,រយៈណពលស្នា ក់ណៅ,,,,,,,,,,,,ざいりゅうきかん,,,,,在留期間,,,,,,,,
,,,,10,3,1,,កិចេសនាការងារ,,,,,,,,,,,,こようけいやく,,,,,雇用契約,,,,,,,,
,,,,11,3,1,,"បងាា នន់ ែណបើកគ្ាក់
ណបៀវតស",,,,,,,,,,,,きゅうよめいさい,,,,,給与明細,,,,,,,,
,,,,12,3,1,,គ្ាក់ណបៀវតស,,,,,,,,,,,,きゅうりょう,,,,,給料,,,,,,,,
,,,,13,3,1,,គ្ាក់ឈ្ន លួ ដែមណ ៉ោ ង្,,,,,,,,,,,,ざんぎょうてあて,,,,,残業手当,,,,,,,,
,,,,14,3,1,,ណ ៉ោ ង្ណ្វើការ,,,,,,,,,,,,ろうどうじかん,,,,,労働時間,,,,,,,,
,,,"អ្នកដដលមានរនទ ុកប្ររួសារ​ អាច
មានករណីមានសិទធិទទួលាននូវ”
ការដករនទ ុក” ។",1,4,1,,(ធ្វើការ)ការកាត់ថ្លៃ,,,,,,,,,"ការដកចំនួនទឹកប្រាក់ធលរពីប្រាក់ធដើម។
ធប្ររើប្រាស់ធៅធពលរងពនធជាចមបង។",,,こうじょ（する）,,,,控除（する）,,,,,,,"かぞく やしな ひと ふようこうじょ
家族を養っている人は、「扶養控除」
う ばあい
を受けられる場合がある",,
,,,,2,4,1,,ប្រាក់រំណាច់,,,,,,,,,,,,ぼーなす,,,,ボーナス,,,,,,,,,
,,,"ានដាក់ពាកយស ំឈរ់សប្រមាក
មានប្រាក់ ដែធៅសាា ហ៍ធប្រកាយ។",3,4,1,,"ការសប្រមាកមានប្រាក់
ធរៀវតស",,,,,,,,,"ការដកចំនួនទឹកប្រាក់ធលរពីប្រាក់ធដើម។
ធប្ររើប្រាស់ធៅធពលរងពនធជាចមបង។",,,ゆうきゅう,,,,有休,,,,,,,"らいしゅうゆうきゅう しんせいしょ だ
来週、有休をとるので申請書を出した",,
,,,,4,4,1,,ថ្លៃឈរ់សប្រមាកធលើកថ្លៃ,,,,,,,,,"វាជាថ្លៃសប្រមាកពីការងារសងវញិ កន ុង
ករណីធ្វើការធៅថ្លៃឈរ់សប្រមាក។",,,だいきゅう,,,,代休,,,,,,,,,
,,,,5,4,1,,ចារ់រទដាា នការងារ,,,,,,,,,ចារ់ជរ នដដលកំណត់សាង់ដារសាីពីការងារ,,,ろうどうきじゅんほう,,,,労働基準法,,,,,,,,,
,,,,6,4,1,,ល័កខែ័ណឌការងារ,,,,,,,,,,,,ろうどうじょうけん,,,,労働条件,,,,,,,,,
,,,,7,4,1,,ពនធ,,,,,,,,,,,,ぜいきん,,,,税金,,,,,,,,,
,,,,8,4,1,,ពនធធលើប្រាក់ចំណូ ល,,,,,,,,,"ពនធធលើប្រាក់ចំណូ លដូចជាប្រាក់ធរៀវតស
ប្ររចំឆ្ន ំមួយឆ្ន ំជាធដើម។",,,しょとくぜい,,,,所得税,,,,,,,,,
,,,,9,4,1,,ពនធនិវាសនជន,,,,,,,,,"ពនធរង់ធៅអាជាា ្រមូលដាា នដដលអ្នករស់
ធៅ",,,じゅうみんぜい,,,,住民税,,,,,,,,,
,,,,10,4,1,,"ប្រាក់ធសា្ននិវតាន៍
ររស់និធោជិក",,,,,,,,,"ប្រាក់ធសា្ននិវតាន៍ ដដលនិធោជិកនិង
មន្រនាីរាជការានច ុះធ្ម ុះធហើយអាចទទួល
ានអ្តថ ប្ររធោជន៍កន ុងករណីចស់ជរា
ពិការភាព ឬមរណភាព។",,,こうせいねんきん,,,,厚生年金,,,,,,,,,
,,,,11,4,1,,ធានារា៉ារ់រងការងារ,,,,,,,,,"ការធានារា៉ារ់រងដដលអាចទទួលានអ្តថ
ប្ររធោជន៍កន ុងករណីគ្មម នការងារធ្វើឬរក
ការងារធ្វើធ ើងវញិ ។",,,こようほけん,,,,雇用保険,,,,,,,,,
,,,,13,5,1,,ធានារា៉ារ់រងសងគម,,,,,,,,,"វាជាធ្ម ុះរមួ ថ្នការធានារា៉ារ់រងស ែភាព
ការធានារា៉ារ់រងធសា្ននិវតាន៍ររស់
និធោជិក ការធានារា៉ារ់រងដលទមំ ន សស
ចស់ ធានារា៉ារ់រងការងារ និងការធានា
រា៉ារ់រងធប្រគ្មុះថ្នន ក់ការងារ។",,,しゃかいほけん,,,,社会保険,,,,,,,,,
,,,,14,5,1,,ធប្រគ្មុះថ្នន ក់ការងារ,,,,,,,,,"អ្កសរកាត់សប្រមារ់ពាកយ ""ធប្រគ្មុះថ្នន ក់
ការងារ"" ។ មានន័យថ្នមានរងររួសកន ុង
ធពលធ្វើការឬមានជមៃឺធដាយសារការងារ។",,,ろうさい,,,,労災,,,,,,,,,
,,,,15,5,1,,"ធានារា៉ារ់រងធលើធប្រគ្មុះ
ថ្នន ក់ការងារ",,,,,,,,,"ធានារា៉ារ់រងដដលផ្ាល់ប្រាក់សំណងសរ រ
កន ុងករណីមានថ្លៃការពាាលនិងមារន
យៈធពលព ំអាចធ្វើការងារានធដា យសារ
ធប្រគ្មុះថ្នន ក់ការងារ ឬកន ុងករណីមានពិការ
ភាពធៅមានរនា",,,ろうさいほけん,,,,労災保険,,,,,,,,,
,,,,1,6,1,,,,(ធ្វើការ) មកយឺត,,,,,,,,,,ちこく（する）,,,,,,,遅刻（する）,,,,,,
,,,,2,6,1,,,,(ធ្វើការ) ធេញមុនធេល,,,,,,,,,,そうたい（する）,,,,,,,早退（する）,,,,,,
,,,,3,6,1,,,,(ធ្វើការ) សម្រាក,,,,,,,,,,きゅうけい（する）,,,,,,,休憩（する）,,,,,,
,,,,4,6,1,,,,(ធ្វើការ) ការងារថែមធា៉ោ ង,,,,,,,,,,ざんぎょう（する）,,,,,,,残業（する）,,,,,,
,,,"ថ្ែៃធនេះម្រតឡប់ធៅេញិ តាមធេល
កំណត់។",5,6,1,,,,ធេលធ ៀងទាត់,,,,,,"ធា៉ោ ងកំណត់។ វាបងាា ញេីធេលធេលា
េូលនិងធេញេីម្រកមុ ហ ុនជាេិធសស
ធៅកថនែងការងារ។",,,,ていじ,,,,,,,定時,,,,"き ょ う ていじ かえ
今日は定時に帰る",,
,,,,6,6,1,,,,ប បញ្ជា,,,,,,,,,,きそく,,,,,,,規則,,,,,,
,,,,7,6,1,,,,ថ្ែៃឈប់សម្រាក,,,,,,,,,,きゅうじつ,,,,,,,休日,,,,,,
,,,,8,6,1,,,,ធា៉ោ ងចាប់ធ្តើមការងារ,,,,,,,,,,しぎょうじかん,,,,,,,始業時間,,,,,,
,,,,9,6,1,,,,ធា៉ោ ងបញ្ចប់ការងារ,,,,,,,,,,しゅうぎょうじかん,,,,,,,終業時間,,,,,,
,,,,10,6,1,,,,អ្នកបងាា តប់ ធម្រងៀន,,,,,,,,,,しどういん,,,,,,,指導員,,,,,,
,,,,11,6,1,,,,"អ្នកបងាា តប់ ធម្រងៀនេីការ
រស់ធៅ",,,,,,,,,,せいかつしどういん,,,,,,,生活指導員,,,,,,
,,,,12,6,1,,,,អ្នក ួលខុសម្រតេូ,,,,,,,,,,たんとうしゃ,,,,,,,担当者,,,,,,
,,,,13,6,1,,,,កុំធបើកេរនតអ្គ្គិសនី,,,,,,,,,,すいっちいれるな,,,,,,,スイッチ入れるな,,,,,,
,,,,14,6,1,,,,កុំបិ េរនតអ្គ្គិនសី,,,,,,,,,,すいっちきるな,,,,,,,スイッチ切るな,,,,,,
,,,,15,6,1,,,,ហាមធម្របើម្រាស់,,,,,,,,,,しようきんし,,,,,,,使用禁止,,,,,,
,,,,1,7,1,,,,ស ៥,,,,,"S ជាតួអក្សរកាត់នៃពាក្យៃីមួយៗនៃ
វៃិ ័យទងាំ ៥ ដែលមាៃែូចជា មាៃ
របបៀប បរៀបរយ សមាា ត ៃិងបអនា
ម័យ។ ពាក្យប្បើ្ាស់បែើមបដី ែរក្ា
នៃការដក្លមារក្ដៃែងការងារ។",,,,,ごえす,,,,,,5S,,,,,,,
,,,,2,7,1,,,,មាៃរបបៀប,,,,,"បែើមបបី លើក្ក្មពស់គុណភាពៃិងផលិ
តភាពបោយក្ាំណត់ៃូវអវីដែល្តវូ
ការៃិងអវីដែលមិៃ្តវូ ការៃិងការ
ដចក្រំដលក្ៃូវព័ត៌មាៃ។",,,,,せいり,,,,,,整理,,,,,,,
,,,,3,7,1,,,,បរៀបរយ,,,,,"ការកាត់បៃថយៃូវភាពខ្ជះខ្ជជ យជា
បែើមបោយប្វីការបងាា ញៃូវរបបៀប
ទុក្ោក្់ៃិងក្ដៃែងទុក្ោក្់វតថ ុ
សាំខ្ជៃ់បោយាៃចាស់លាស់។",,,,,せいとん,,,,,,整頓,,,,,,,
,,,,4,7,1,,,,សមាា ត,,,,,"ការប្វីបោយស្ថថ ៃភាពការងារងាយ
យល ់ ្តមឹ ្តវូ ៃិងស្ថា តបោយការសម្
ោត។",,,,,せいそう,,,,,,清掃,,,,,,,
,,,,5,7,1,,,,ស្ថា ត,,,,,"ការរក្ាៃូវស្ថថ ៃភាពស្ថា តជា្បចាំ
បោយការអៃុវតតយ៉ា ងែិតែល់ៃូវ
ការមាៃរបបៀប កាបរៀបរយៃិងអនា
ម័យ។",,,,,せいけつ,,,,,,清潔,,,,,,,
,,,,6,7,1,,,,វៃិ ័យ,,,,,"ការបបងកើតៃូវវបប្ម៌សហការគ្នា បៅ
វញិ បៅមក្បោយភាជ បៃ់ ូវទមាែ ប់ដែល
ោចអៃុវតតៃូវវធាិ ៃដែលាៃក្ាំណ
ត់។",,,,,しつけ,,,,,,しつけ,,,,,,,
,,,,7,7,1,,,,(ប្វីការ)សមាា ត,,,,,,,,,,そうじ（する）,,,,,,掃除（する）,,,,,,,
,,,,8,8,1,,,,បរៀបចាំ,,,,,,,,,,かたづける,,,,,,片づける,,,,,,,
,,,,9,8,1,,,,បចល,,,,,,,,,,すてる,,,,,,捨てる,,,,,,,
,,,,10,8,1,,,,ក្ខ្វក្់,,,,,,,,,,きたない,,,,,,汚い,,,,,,,
,,,,11,8,1,,,,្បលាក្់,,,,,,,,,,よごれる,,,,,,汚れる,,,,,,,
,,,,12,8,1,,,,(ប្វីការ)ដបងដចក្,,,,,,,,,,ぶんべつ（する）,,,,,,分別（する）,,,,,,,
,,,,13,8,1,,,,ស្មាមមិៃប ះ,,,,,,,,,,もえないごみ,,,,,,燃えないごみ,,,,,,,
,,,,14,8,1,,,,ស្មាមប ះ,,,,,,,,,,もえるごみ,,,,,,燃えるごみ,,,,,,,
,,,នែមួយ្តវូ ាៃគ្នបក្ន ុងមា៉ា សុីៃ។,15,8,1,,,,គ្នប,,,,,,,,,,はさまれる,,,,,,挟まれる,,,,,"きかい て はさ
機械に手が挟まれた",,
,,,"1) នែមួយ្តវូ ាៃគ្នបក្ន ុងមា៉ា សុីៃ។
2) ទក្់ប្ស្ថមនែចូលក្ន ុងមា៉ា សុីៃ្ក្
ឡឹង។",16,8,1,,,,្តវូ ាៃពាក្់ព័ៃធ,,,,,,,,,,まきこまれる,,,,,,巻き込まれる,,,,,"きかい て ま こ
1)機械に手が巻き込まれる
てぶくろ ばん ま こ
2)手袋がフライス盤に巻き込まれる",,
,,,,17,8,1,,,,(មាៃ)រលាក្,,,,,,,,,,やけど（する）,,,,,,やけど（する）,,,,,,,
,,,ធាែ ក្ព់ ីបលើ្បណតើរ។,18,8,1,,,,្្ះរ,,,,,,,,,,おちる,,,,,,落ちる,,,,,"かいだん お
階段から落ちる",,
,,,ក្្មាលឥែឋរអិល។,19,8,1,,,,រអិល,,,,,,,,,,すべる,,,,,,すべる,,,,,"ゆか
床がすべる",,
,,,ខ្្ ុាំាៃរអិលែួលបៅបោងច្ក្។,20,9,1,,,,ែួល,,,,,,,,,,ころぶ,,,,,,転ぶ,,,,,"こうじょう ころ
工場ですべって転んだ",,
,,,,21,9,1,,,,បសើម,,,,,,,,,,ぬれる,,,,,,濡れる,,,,,,,
,,,,22,9,1,,,,អនាម័យ,,,,,,,,,,えいせい,,,,,,衛生,,,,,,,
,,,,23,9,1,,,,(ប្វីការ)្បមែៀស,,,,,,,,,,ひなん（する）,,,,,,避難（する）,,,,,,,
,,,,24,9,1,,,,ឡាៃសប្ងាគ ះបនាា ៃ់,,,,,,,,,,きゅうきゅうしゃ,,,,,,救急車,,,,,,,
,,,,25,9,1,,,,ប្គ្នះមហៃតោយ,,,,,,,,,,さいがい,,,,,,災害,,,,,,,
,,,មាៃការរញ្ជ យួ ែីបក្ើតបឡើង។,26,9,1,,,,ការរញ្ជ យួ ែី,,,,,,,,,,じしん,,,,,,地震,,,,,"じ しん お
地震が起きる",,
,,,មាៃរញ្ជ យួ ែ!ី ចូលប្កាមត!ុ,27,9,1,,,,មុ្,,,,,,,,,,もぐる,,,,,,もぐる,,,,,"じ しん つくえ した
地震だ！机の下にもぐれ！",,
,,,,1,10,1,,,,,,ហាមដាច់ខាតប្រើប្លើង,,,,,,,,,かきげんきん,,,,,火気厳禁,,,,,,,
,,,,2,10,1,,,,,,ហាមដាច់ខាតបរើកចំហ,,,,,,,,,かいほうげんきん,,,,,開放厳禁,,,,,,,
,,,,3,10,1,,,,,,សញ្ញា,,,,,,,,,ひょうしき,,,,,標識,,,,,,,
,,,,4,10,1,,,,,,ខ្ ញំនឹង្រងុ ្រយ័តន,,,,,,,,,きをつける,,,,,気をつける,,,,,,,
,,,ហាមយកទូរសព្ទដៃចូលកន ញងបោងច្ក។,5,10,1,,,,,,យកចូល,,,,,,,,,もちこむ,,,,,持ち込む,,,,,"こうじょう けいたいでんわ も こ
工場に携帯電話を持ち込んではいけ
ない",,
,,,"ព្ិនិតយសុវតថិភាព្បៃើមបកាី រពារប្រោះ
ថ្នន ក់។",6,10,1,,,,,,រង្កា រ,,,,,,,,,ふせぐ,,,,,防ぐ,,,,,"あんぜんかくにん じ こ ふせ
安全確認して事故を防ぐ",,
,,,,7,10,1,,,,,,ប្លើង,,,,,,,,,ひ,,,,,火,,,,,,,
,,,,8,10,1,,,,,,ផ្សែង,,,,,,,,,けむり,,,,,煙,,,,,,,
,,,,9,10,1,,,,,,ព្នលត់អគ្គិ្័យ,,,,,,,,,しょうか,,,,,消火,,,,,,,
,,,,10,10,1,,,,,,ឧរករណ៍ព្នលត់អគ្គិ្័យ,,,,,,,,,しょうかき,,,,,消火器,,,,,,,
,,,,11,10,1,,,,,,កណតឹងអាសនន,,,,,,,,,ひじょうべる,,,,,非常ベル,,,,,,,
,,,,12,10,1,,,,,,កណតឹង្រកាសអគ្គិ្័យ,,,,,,,,,かさいほうちき,,,,,火災報知機,,,,,,,
,,,,13,10,1,,,,,,រត់បគ្ច,,,,,,,,,にげる,,,,,逃げる,,,,,,,
,,,,14,10,1,,,,,,កផ្នលងការង្ករ,,,,,,,,,げんば,,,,,現場,,,,,,,
,,,,15,10,1,,,,,,ការង្ករ,,,,,,,,,さぎょう,,,,,作業,,,,,,,
,,,,16,10,1,,,,,,ការ្រជុំ,"មានការបៅការ្រជុំៃូចជា អងគ ្រជុំ
្រជុំបព្ល្ព្កឹ និង្រជុំរញ្ចរ់សងផ្ៃ
រ។",,,,,,,,みーてぃんぐ,,,,,ミーティング,,,,,,,
,,,,17,10,1,,,,,,(ប្វើការ)កមមសិកា,,,,,,,,,けんしゅう（する）,,,,,研修（する）,,,,,,,
,,,,18,11,1,,,,,,(ប្វើការ)សិកា,,,,,,,,,じっしゅう（する）,,,,,実習（する）,,,,,,,
,,,,19,11,1,,,,,,ររវកិចច,,,,,,,,,あいさつ,,,,,あいさつ,,,,,,,
,,,,20,11,1,,,,,,(ប្វើការ)រញ្ញា ក់,,,,,,,,,かくにん（する）,,,,,確認（する）,,,,,,,
,,,,21,11,1,,,,,,(ប្វើការ)ការោយការណ៍,,,,,,,,,ほうこく（する）,,,,,報告（する）,,,,,,,
,,,,22,11,1,,,,,,(ប្វើការ)ទាក់ទង,,,,,,,,,れんらく（する）,,,,,連絡（する）,,,,,,,
,,,,23,11,1,,,,,,(ប្វើការ)ព្ិភាកា,,,,,,,,,そうだん（する）,,,,,相談（する）,,,,,,,
,,,,24,11,1,,,,,,ឆ្លងកាត់,"មានការបៅការ្រជុំៃូចជា អងគ ្រជុំ
្រជុំបព្ល្ព្កឹ និង្រជុំរញ្ចរ់សងផ្ៃ
រ។",,,,,,,,わたす,,,,,渡す,,,,,,,
,,,,25,11,1,,,,,,ពាកែបសនើសុំ,,,,,,,,,しんせいしょ,,,,,申請書,,,,,,,
,,,,26,11,1,,,,,,(ប្វើការ)បគ្ង្ជលុ,,,,,,,,,ねぼう（する）,,,,,寝坊（する）,,,,,,,
,,,,1,12,1,,ជំនាញ,,,,,,,,,,,,ぎのう,,,,,技能,,,,,,,,
,,,,2,12,1,,ប្រឡងសមត្ថិភាពជំនាញ,,,,,,,,,,,,ぎのうけんていしけん,,,,,技能検定試験,,,,,,,,
,,,,3,12,1,,(ធ្វើ)ការប្រឡង,,,,,,,,,,,,じゅけん（する）,,,,,受検（する）,,,,,,,,
,,,,4,12,1,,សមត្ថភាព(ជំនាញ),,,,,,,,,,,,しかく,,,,,資格,,,,,,,,
,,,,5,12,1,,ប្ាក់ឧរត្ថមភ,,,,,,,,,,,,てあて,,,,,手当,,,,,,,,
,,,,6,12,1,,រុគ្គលកិ ប្កមុ ហ ុន,,,,,,,,,,,,しゃいん,,,,,社員,,,,,,,,
,,,,7,12,1,,ប្រធានផ្នែក,,,,,,,,,,,,ぶちょう,,,,,部長,,,,,,,,
,,,,8,12,1,,ប្រធានការយាិ លយ័,,,,,,,,,,,,かちょう,,,,,課長,,,,,,,,
,,,,9,12,1,,រនទរផ្ល់ ា ស់សធមាៀករំពាក់,,,,,,,,,,,,こういしつ,,,,,更衣室,,,,,,,,
,,,,10,12,1,,រទះរុញឥវ៉ាន់,,,,,,,,,,,,だいしゃ,,,,,台車,,,,,,,,
,,,,11,12,1,,កប្ាល,,,,,,,,,,,,ゆか,,,,,床,,,,,,,,
,,,,12,12,1,,ប្រកធរញ,,,,,,,,,,,,でぐち,,,,,出口,,,,,,,,
,,,,13,12,1,,អគ្គីសនី,,,,,,,,,,,,でんき,,,,,電気,,,,,,,,
,,,,14,12,1,,សធមាងប្រកាសអាសនែ,,,,,,,,,,,,けいほうおん,,,,,警報音,,,,,,,,
,,,,15,12,1,,ប្ពីធ្ាើង,,,,,,,,,,,,こんせんと,,,,,コンセント,,,,,,,,
,,,,16,12,1,,កផ្នាងធ្វើការ,,,,,,,,,,,,さぎょうば,,,,,作業場,,,,,,,,
,,,,17,12,1,,ត្ុធ្វើការ,,,,,,,,,,,,さぎょうだい,,,,,作業台,,,,,,,,
,,,,18,12,1,,ការដ្ឋា នសំណង់,,,,,,,,,,,,こうじげんば,,,,,工事現場,,,,,,,,
,,,"ការន្ គំត្ធមាើងកផ្នាងដ្ឋក់ធជើងប្ត្វូ
ធោរពតាមការផ្ណនាំររស់អែក
ដឹកនាំប្កមុ",19,12,1,,អែកដឹកនាំប្កមុ,,,,,,,,,,,,しょくちょう,,,,,職長,,,,,,,,"あしばくみたて しょくちょう し じ したが
足場組立は 職長の指示に従う"
,,,,20,12,1,,អែកទទួលខុសប្ត្វូ ការងារ,,,,,,,,,,,,さぎょうせきにんしゃ,,,,,作業責任者,,,,,,,,
,,,,1,13,1,,,ហាម,,,,,,,,,,,きんし,,,,,,禁止,,,,,,,
,,,,2,13,1,,,ផ្ទ ងាំ បង្ហា ញព័ត៍មាន,,,,,,,,,,,ひょうじばん,,,,,,表示板,,,,,,,
,,,,3,13,1,,,ប្បការហាមឃាត់,,,,,,,,,,,きんしじこう,,,,,,禁止事項,,,,,,,
,,,,4,13,1,,,ហ្វកឹ ហាត់ជមមលៀសមេញ,,,,,,,,,,,ひなんくんれん,,,,,,避難訓練,,,,,,,
,,,,5,13,1,,,(ការ)ឆក់អគ្គីសនី,,,,,,,,,,,かんでん（する）,,,,,,感電（する）,,,,,,,
,,,,6,13,1,,,(ការ)ការពារ,,,,,,,,,,,ぼうし（する）,,,,,,防止（する）,,,,,,,
,,,,7,13,1,,,(ការ)បង្ហា រ,,,,,,,,,,,よぼう（する）,,,,,,予防（する）,,,,,,,
,,,,8,13,1,,,(ការ)ដួល,,,,,,,,,,,てんとう（する）,,,,,,転倒（する）,,,,,,,
,,,,9,13,1,,,គាប,,,,,,,,,,,はさまる,,,,,,挟まる,,,,,,,
,,,,10,13,1,,,មជើងមប្កាម,,,,,,,,,,,あしもと,,,,,,足元,,,,,,,
,,,,11,13,1,,,(ដដល)អមសេរភាព,,,,,,,,,,,ふあんてい（な）,,,,,,不安定（な）,,,,,,,
,,,,12,13,1,,,ការមរៀបេាំមពលមប្កាយ,,,,,,,,,,,あとかたづけ,,,,,,後片付け,,,,,,,
,,,,13,13,1,,,ប្បអប់សមប្ង្ហគ ោះបន្ទទ ន់,,,,,,,,,,,きゅうきゅうばこ,,,,,,救急箱,,,,,,,
,,,,14,13,1,,,បនទោះបិទមលើស្នា មរបួស,,,,,,,,,,,ばんそうこう,,,,,,絆創膏,,,,,,,
,,,,15,13,1,,,ស្នេ នភាពសុខភាពខល នួ,,,,,,,,,,,たいちょう,,,,,,体調,,,,,,,
,,,,16,13,1,,,ឈាម,,,,,,,,,,,ち,,,,,,血,,,,,,,
,,,,17,13,1,,,"ការដួលសនលបម់ ោយស្នរ
កមតៅ",,,,,,,,,,,ねっちゅうしょう,,,,,,熱中症,,,,,,,
,,,,18,13,1,,,េង់កអ តួ,,,,,,,,,,,はきけ,,,,,,吐き気,,,,,,,
,,,,19,13,1,,,(ការ)កអ តួ,,,,,,,,,,,おうと（する）,,,,,,嘔吐（する）,,,,,,,
,,,,20,13,1,,,សាំយ ុងមជើង,,,,,,,,,,,あしがつる,,,,,,足がつる,,,,,,,
,,,,21,13,1,,,មិនប្សួលខល នួ,,,,,,,,,,,きぶんがわるい,,,,,,気分が悪い,,,,,,,
,,,,22,13,1,,,មគ្ងមិនប្គ្ប់,,,,,,,,,,,ねぶそく,,,,,,寝不足,,,,,,,
,,,,23,13,1,,,សាំណាញ់សុវតេិភាព,,,,,,,,,,,あんぜんねっと,,,,,,安全ネット,,,,,,,
,,,,24,13,1,,,ប្តួតពិនិតយសុវតេិភាព,,,,,,,,,,,あんぜんてんけん,,,,,,安全点検,,,,,,,
,,,,1,14,1,,"សកម្មភាពKY
(សកម្មភាពពាករណ៏ហា
នីភយ)័",,,,,,,,,,,,"けーわいかつどう（きけん
よちかつどう）",,,,KY活動（危険予知活動）,,,,,,,,,
,,,,2,14,1,,គ្រោះថ្នា ក់,,,,,,,,,,,,きけん,,,,危険,,,,,,,,,
,,,"រង្របួសគោយប ោះទង្គិចបប លចូក
របស់្ាក់ទ័រឈូសដី(គេសស្កា វ៉ាទរ័ )",3,14,1,,ប ោះទង្គិច,,,,,,,,,,,,ぶつかる,,,,ぶつかる,,,,,,,"トラクタショベルのバケットにぶつかっ
てけがをした",,
,,,"រង្របួសខ្ល នួ គោយ្រវូ នឹង្ឧបករណ៏
ធ្លា កព់ ីកបនាង្ោក់គ ើង្",4,14,1,,្រវូ នឹង្,,,,,,,,,,,,あたる,,,,当たる,,,,,,,"あ し ば お こ う ぐ からだ あ
足場から落ちてきた工具が体に当
たってけがをした",,
,,,្រវូ បានម ស ីនធន់ធងនក់ ិនសង្ារ់,5,14,1,,កិនសង្ារ់,,,,,,,,,,,,したじきになる,,,,下敷きになる,,,,,,,"じゅうき し た じ
重機の下敷きになる",,
,,,្ចឡំដំដដខ្ល នួ ឯង្គោយញញួ រ,6,14,1,,ដំ,,,,,,,,,,,,うつ,,,,打つ,,,,,,,"あやま て う
誤ってハンマーで手を打ってしまった",,
,,,"្រវូ បានរេិលធ្លា កព់ ីគលើ គណតើរោក់
គោយបារ់បង្់រ លយភាព",7,14,1,,បារ់បង្់រ លយភាព,,,,,,,,,,,,ばらんすをくずす,,,,バランスを崩す,,,,,,,"うえ くず てんらく
はしごの上でバランスを崩して転落し
た",,
,,,"ដួលរលំ គណតើរោក់
ដួលសនាបគ់ ោយស្ករកគតត",8,14,1,,ដួលរលំ,,,,,,,,,,,,たおれる,,,,倒れる,,,,,,,"たお ねっちゅうしょう たお
はしごが倒れる、熱中症で倒れる",,
,,,"្រវូ បានរេិលធ្លា កព់ ីគលើ គណតើរោក់
គោយបារ់បង្់រ លយភាព",9,14,1,,(ការ)រេិលធ្លា ក់,,,,,,,,,,,,てんらく（する）,,,,転落（する）,,,,,,,"うえ くず てんらく
はしごの上でバランスを崩して転落し
た",,
,,,,10,14,1,,ចង្អ ុលគៅគ្ម ោះ,,,,,,,,,,,,しさこしょう,,,,指差呼称,,,,,,,,,
,,,,11,14,1,,គសទើបរនឹង្មនគ្រោះថ្នា ក់,,,,,,,,,,,,ひやりはっと,,,,ヒヤリハット,,,,,,,,,
,,,,12,14,1,,ម្ូលគេរ,,,,,,,,,,,,げんいん,,,,原因,,,,,,,,,
,,,,13,14,1,,វធ្លិ នការ,,,,,,,,,,,,たいさく,,,,対策,,,,,,,,,
,,,"បានធ្លា កឧ់ បករណ៏ពីកបនាង្ោក់
គ ើង្",14,14,1,,(ការ)ធ្លា ក់,,,,,,,,,,,,らっか（する）,,,,落下（する）,,,,,,,"あしば こ う ぐ らっか
足場から工具が落下した",,
,,,ធ្លា កច់ ោះពី បនាកគបើកចំេរ,15,14,1,,(ការ)ធ្លា កច់ ោះ,,,,,,,,,,,,ついらく（する）,,,,墜落（する）,,,,,,,"か い こ う ぶ ついらく
開口部から墜落した",,
,,,បញ្ជា កស់ វរថិភាព ំវញិ,16,14,1,,(ការ)បញ្ជា ក់,,,,,,,,,,,,かくにん（する）,,,,確認（する）,,,,,,,"しゅうい あんぜん かくにん
周囲の安全を確認する",,
,,,,16,16,1,,កិចចការ,,,,,,,,,,,,ぎょうむ,,,,,業務,,,,,,,,
,,,,17,16,1,,របកាន់មពលមវលាខាា ប់សជ នួ,,,,,,,,,,,,じかんげんしゅ,,,,,時間厳守,,,,,,,,
,,,,18,16,1,,គមរមង,,,,,,,,,,,,よてい,,,,,予定,,,,,,,,
,,,,19,16,1,,កាលបរមិចេទ,,,,,,,,,,,,ひづけ,,,,,日付,,,,,,,,
,,,,20,16,1,,(ការ)មរតៀ្,,,,,,,,,,,,じゅんび（する）,,,,,準備（する）,,,,,,,,
,,,,21,16,1,,ការរប ុំ,,,,,,,,,,,,かいぎ,,,,,会議,,,,,,,,
,,,,22,16,1,,ការរប ុំមពលរពឹក,,,,,,,,,,,,ちょうれい,,,,,朝礼,,,,,,,,
,,,,23,16,1,,មសចកតរាី យការណ៏,,,,,,,,,,,,ほうこくしょ,,,,,報告書,,,,,,,,
,,,,24,16,1,,មសៀវមៅស្ណនំ,,,,,,,,,,,,まにゅある,,,,,マニュアル,,,,,,,,
,,,,25,16,1,,ឯកោរនីតិវ្ិ ីការងារ,,,,,,,,,,,,さぎょうてじゅんしょ,,,,,作業手順書,,,,,,,,
,,,,26,16,1,,ចលនកន ុងសល នួ,,,,,,,,,,,,ちょうし,,,,,調子,,,,,,,,
,,,,1,17,1,,,,ហាមចូល,,,,,,,,,,たちいりきんし,,,,,,,立入禁止,,,,,,
,,,,2,17,1,,,,ហាមជក់បារី,,,,,,,,,,きんえん,,,,,,,禁煙,,,,,,
,,,,3,17,1,,,,ហាមបង្កា ត់ភ្លើង,,,,,,,,,,かきげんきん,,,,,,,火気厳禁,,,,,,
,,,,4,17,1,,,,ហាមចត,,,,,,,,,,ちゅうしゃきんし,,,,,,,駐車禁止,,,,,,
,,,,5,17,1,,,,ប្បយ័តនប ៉ះភជើង,,,,,,,,,,あしもとちゅうい,,,,,,,足もと注意,,,,,,
,,,,6,17,1,,,,ប្បយ័តនផ្ននកភបើកចំហ,,,,,,,,,,かいこうぶちゅうい,,,,,,,開口部注意,,,,,,
,,,,7,17,1,,,,ប្បយ័តនឆក់,,,,,,,,,,かんでんちゅうい,,,,,,,感電注意,,,,,,
,,,,8,17,1,,,,ប្បយ័តនធ្លល ក់,,,,,,,,,,ついらくちゅうい,,,,,,,堕落注意,,,,,,
,,,,9,17,1,,,,ប្បយ័តនភលើកាល,,,,,,,,,,ずじょうちゅうい,,,,,,,頭上注意,,,,,,
,,,,10,17,1,,,,កផ្លលងចុចប្បកាសអាសលន,,,,,,,,,,けいほうせつび,,,,,,,警報設備,,,,,,
,,,,11,18,1,,,,បំពង់​ពលលត់​អគ្គិ្័យ,,,,,,,,,,しょうかき,,,,,,,消火器,,,,,,
,,,,12,18,1,,,,ទីតងំ បំពាកA់ ED,,,,,,,,,,"えーいーでぃーせっちば
しょ",,,,,,,AED設置場所,,,,,,
,,,,13,18,1,,,,"ពាក់មួកការពារ(មួក
បង្កា រភប្រ៉ះថ្នន ក់)",,,,,,,,,,ほごぼうちゃくよう,,,,,,,保護帽着用,,,,,,
,,,,14,18,1,,,,ភប្បើផ្សែប្កវ៉ាត់សុវតថិភាព,,,,,,,,,,あんぜんたいしよう,,,,,,,安全帯使用,,,,,,
,,,,15,18,1,,,,ជភ្តើរភ ើងចុ៉ះ,,,,,,,,,,しょうこうかいだん,,,,,,,昇降階段,,,,,,
,,,,16,18,1,,,,កផ្លលងសប្ាក,,,,,,,,,,きゅうけいじょ,,,,,,,休憩所,,,,,,
,,,,17,18,1,,,,សមតថភាពនទកុ អតិបរា,,,,,,,,,,さいだいせきさいかじゅう,,,,,,,最大積載荷重,,,,,,
,,,,18,18,1,,,,កផ្លលងជក់បារី,,,,,,,,,,きつえんじょ,,,,,,,喫煙所,,,,,,
,,,,19,18,1,,,,ភរៀបចំ សណ្តត ប់ធ្លន ប់,,,,,,,,,,せいりせいとん,,,,,,,整理整頓,,,,,,
,,,,20,18,1,,,,នល វូ សុវតថិភាព,,,,,,,,,,あんぜんつうろ,,,,,,,安全通路,,,,,,
ដង(cid:544)៣(cid:814)(cid:671)(cid:572)ំ ប់(cid:545)(cid:645),三連クランプ,,"(cid:671)(cid:572) ប់បំពង់ឯកេ(cid:598)យដង(cid:544)៣(cid:814)(cid:671)ំ(cid:572) ប់
(cid:545)(cid:645)",1,19,1,,,,,,,,,,,,,,,,,さんれんくらんぷ,,,,,,,"さんれん たんかん けつごう
三連クランプで単管を結合する",,,
ែខ(cid:717)បន(cid:635)ះយន(cid:625),"ベルトコンベア
（ベルコン）",,ជ(cid:586)(cid:573) (cid:817)នដីតូចៗេ(cid:598)យែខ(cid:717)បន(cid:635)ះយ,2,19,1,,,,,,,,,,,,,,,,ន(cid:625),"べるとこんべあ
（べるこん）",,,,,,,"つち こうんぱん
ベルトコンベアで土を小運搬する",,,
ញញ(cid:819)រេឈ(cid:822),かけや,,ដំបេ(cid:559)(cid:543)លេ(cid:598)យញញ(cid:819)រេឈ(cid:822),3,19,1,,,,,,,,"គឺ(cid:574)ញញ(cid:819)រេឈ(cid:822)ធំ។េ(cid:579)(cid:674)ះេផ(cid:717)ងេ(cid:729)
(cid:632)(cid:622)រ(cid:847)(cid:811)មូណុឬអូ(cid:622)រ(cid:809)។េ(cid:688)ប(cid:822)េ(cid:598)យ
ៃដ(cid:637)ំងពីរេគេ(cid:729)ញញ(cid:819)រេឈ(cid:822)ធេំ(cid:688)ប(cid:822)
េ(cid:598)យៃដ(cid:676)(cid:538)ង(cid:688)ត(cid:816)វ(cid:652)នេគេ(cid:729)(cid:632)
ញញ(cid:819)រេឈខ(cid:822)(cid:693)ះេគេ(cid:729)(cid:632) កូ េនគី រ(cid:809)
។",,,,,,,,,かけや,,,,,,,"くい う こ
かけやで杭を打ち込む",,,
(cid:676)៉សុីនប(cid:559)(cid:726)ប់ដី,ランマ,,ប(cid:559)(cid:726)ប់ដីេ(cid:598)យ(cid:676)៉សុីនប(cid:559)(cid:726)ប់ដី,4,19,1,,,,,,,,"គឺ(cid:574)(cid:676)៉សុីនប(cid:559)(cid:726)ប់ដីែដល(cid:676)ន
េ(cid:579)(cid:674)ះេ(cid:729) េ(cid:688)(cid:536)(cid:632) Tamping rammer",,,,,,,,,らんま,,,,,,,"じばん し かた
ランマで地盤を締め固める",,,
ដង(cid:544)(cid:814)ំេសរ(cid:801),自在クランプ,,"រ(cid:805)តបន(cid:625)ឹងបំពង់ឯកេ(cid:598)យេ(cid:688)ប(cid:822)
ដង(cid:544)(cid:814)ំេសរ(cid:801)",5,19,1,,,,,,,,"េ(cid:688)ប(cid:822)សំ(cid:690)ប់រ(cid:805)តប នប(cid:625)ំពឹងង់ឯក
រ(cid:700)ង(cid:545)(cid:645)និង(cid:545)(cid:645) េគេ(cid:688)ប(cid:822)(cid:700)េ(cid:648)េពល
(cid:598)ក់ព(cid:688)ងឹងបេ(cid:586)(cid:572)(cid:828)ង។េ(cid:648)កែន(cid:693)ង
(cid:598)ក់េជ(cid:822)ង(cid:535)រព(cid:688)ងឹងបេ(cid:586)(cid:572)(cid:828)ងេគ
េ(cid:729)(cid:632) （すじかいសុឺជិៃក）
(cid:676)ននយ័(cid:632)(cid:598)ក់ ែខ(cid:698)ង។",,,,,,,,,じざいくらんぷ,,,,,,,"じざい もち たんかん きんけつ
自在クランプを用いて単管を緊結す
る",,,
ដង(cid:544)(cid:814)ំ(cid:564)ប់,キャッチクランプ,,"េ(cid:688)ប(cid:822)ដង(cid:544)(cid:814)ំ(cid:564)ប់េដ(cid:822)ម(cid:650)ីរ(cid:805)តបន(cid:625)
បំពង់ឯកនិងេ(cid:688)(cid:545)ងែដក",6,19,1,,,,,,,,,,,,,,,,ឹង,きゃっちくらんぷ,,,,,,,"もち たんかん てっこつ
キャッチクランプを用いて単管と鉄骨
きんけつ
を緊結する",,,
ដង(cid:544)(cid:814)ំស(cid:688)(cid:676)ប់ស(cid:636) (cid:817)ចេ,吊り上げ用クランプ,,"េ(cid:688)ប(cid:822)ដង(cid:544)(cid:814)ំស(cid:688)(cid:676)ប់ស(cid:636) (cid:817)ចេឡ(cid:822)ង
យួរេល(cid:822)កបំពង់ឯកែដល(cid:652)នរ(cid:805)ត
បន(cid:625)ឹង",7,19,1,,,,,,,,ឡ(cid:822)ង,,,,,,,,េដ(cid:822)ម(cid:650)ី,つりあげようくらんぷ,,,,,,,"つ あ よう もち きんけつ
吊り上げ用クランプを用いて緊結し
たんかん つ あ
た単管を吊り上げる",,,
ដង(cid:544)(cid:814)ំ(cid:598)ក់(cid:688)តង់,直交クランプ,,"រ(cid:805)តបន(cid:625)ឹងបំពង់ឯកេ(cid:598)យេ(cid:688)ប(cid:822)ដ
(cid:598)ក់(cid:688)តង់",8,19,1,,,,,,,,,,,,,,,,ង(cid:544)(cid:814)ំ,ちょっこうくらんぷ,,,,,,,"ちょっこう もち たんかん きんけつ
直交クランプを用いて単管を緊結す
る",,,
ទំពក់,フック,,យកែខ(cid:717)ពួរ(cid:666)ក់នឹងទំពក់,9,19,1,,,,,,,,,,,,,,,,,ふっく,,,,,,,ワイヤーロープをフックにかける,,,
តួ(cid:676)៉សុីន(cid:719)(cid:698)ន(cid:690)ង(cid:688)តង់,ストレートシャックル,,"យកពួរ(cid:666)ក់នឹងតួ(cid:676)៉សុីន(cid:719)(cid:698)ន
(cid:690)ង(cid:688)តង់",10,19,1,,,,,,,,,,,,,,,,,すとれーとしゃっくる,,,,,,,"ワイヤーをストレートシャックルにかけ
る",,,
ឧបករណ៏រ(cid:843)ក,滑車,,"យួរេល(cid:822)កវត(cid:631)(cid:814)(cid:642)តុេដ(cid:822)មេឡ(cid:822)ងេ(cid:598)
ឧបករណ៏រ(cid:843)ក",11,20,1,,,,,,,,,,,,,,,,យ,かっしゃ,,,,,,,"かっしゃ ざいりょう つ あ
滑車で材料を吊り上げる",,,
(cid:676)៉សុីនស(cid:636) (cid:817)ច,クレーン,,"យួរេល(cid:822)កសំ(cid:671)រ:េឡ(cid:822)ងេ(cid:598)យ
(cid:676)៉សុីនស(cid:636) (cid:817)ច",12,20,1,,,,,,,,,,,,,,,,,くれーん,,,,,,,"しざい つ あ
クレーンで資材を吊り上げる",,,
(cid:676)៉សុីនស(cid:636) (cid:817)ចចល័ត,移動式クレーン,,"យួរេល(cid:822)កសំ(cid:671)រ:េឡ(cid:822)ងេ(cid:598)យ
(cid:676)៉សុីនស(cid:636) (cid:817)ចចល័ត",13,20,1,,,,,,,,,,,,,,,,,いどうしきくれーん,,,,,,,"いどうしき しざい つ あ
移動式クレーンで資材を吊り上げる",,,
ែខ(cid:717)ពួរជំនួយ,介しゃくロープ,,ទប់ឥ(cid:700)(cid:843)ន់េវេ(cid:598)យែខ(cid:717)ពួរជំនួយ,14,20,1,,,,,,,,,,,,,,,,,かいしゃくろーぷ,,,,,,,"かい にもつ ふ
介しゃくロープで荷物の振れをおさ
える",,,
(cid:535)ំជេណ(cid:625)(cid:822)រេឡ(cid:822)ងចុះ,昇降階段,,"េដ(cid:822)ម(cid:650)ីេឡ(cid:822)ងេ(cid:638)(cid:540)ងេល(cid:822)កែន(cid:731)ង
(cid:598)ក់េជ(cid:822)ង(cid:688)ត(cid:816)វេ(cid:688)ប(cid:822)(cid:535)ំជេណ(cid:625)(cid:822)រេឡ",15,20,1,,,,,,,,,,,,,,,,(cid:822)ងចុះ,しょうこうかいだん,,,,,,,"あしばじょうそう のぼ しょうこうかいだん つか
足場上層に上るには昇降階段を使
う",,,
"(cid:540)(cid:635)ស់(cid:671)(cid:572) ប់ឧបករណ៏
(cid:598)ក់ចេ(cid:647)(cid:693) ះសសរ",筋かい止めピン,,"ពត់ប(cid:586)(cid:563) (cid:817)ល(cid:540)(cid:635)ស់(cid:671)(cid:572) ប់ឧបករណ៏
(cid:598)ក់ចេ(cid:647)(cid:693) ះសសរ",16,20,1,,,,,,,,,,,,,,,,,すじかいとめぴん,,,,,,,"すじ と さ こ お ま
筋かい止めピンを差し込み折り曲げ
ておく",,,
តំណេជ(cid:822)ង,脚柱ジョイント,,"ប(cid:586)(cid:563) (cid:817)លតំណេជ(cid:822)ងេ(cid:738)យដល់ចុង
ប(cid:586)(cid:562)ប់",17,20,1,,,,,,,,,,,,,,,,,きゃくちゅうじょいんと,,,,,,,"きゃくちゅう さいご さ こ
脚柱ジョイントは最後まで差し込む",,,
(cid:540)(cid:645)ស់ត(cid:671)(cid:572) ប់,連結ピン,,"ប(cid:586)(cid:563) (cid:817)ល(cid:540)(cid:645)ស់ត(cid:671)(cid:572) ប់េ(cid:738)យដល់ចុង
ប(cid:586)(cid:562)ប់",18,20,1,,,,,,,,,,,,,,,,,れんけつぴん,,,,,,,"れんけつ さいご さ こ
連結ピンは最後まで差し込む",,,
ែដកតំណ,ジョイント金具,,"ប(cid:586)(cid:563) (cid:817)លែដកតំណេ(cid:738)យ(cid:688)(cid:652)កដ(cid:632)
ដល់ចុងប(cid:586)(cid:562)ប់",19,20,1,,,,,,,,,,,,,,,,,じょいんとかなぐ,,,,,,,"かなぐ かくじつ さいご
ジョイント金具は確実に最後までは
める",,,
ប(cid:694)(cid:814)ក(cid:676)នដង,レバーブロック,,ចង(cid:671)(cid:572) ប់សំ(cid:671)រ:េ(cid:598)យប(cid:694)(cid:814)ក(cid:676)នដង,20,20,1,,,,,,,,,,,,,,,,,ればーぶろっく,,,,,,,"しざい こてい
レバーブロックで資材を固定する",,,
(cid:676)៉សុីនរ(cid:622)រ,電動のこ（丸のこ）,,េ(cid:688)ប(cid:822)រ(cid:622)រ(cid:535)ត់េដ(cid:822)ម(cid:650)ី(cid:535)ត់ស៊ុម,21,20,1,,,,,,,,,,,,,,,,,"でんどうのこ（まるの
こ）",,,,,,,"かたわく せつだん まる しよう
型枠の切断は丸のこを使用する",,,
ឧបករណ៏េ(cid:598)ះប៊ូឡ(cid:813) ង,モンキースパナ,,"បន(cid:625)ឹង・បន(cid:641) (cid:817)រេេ(cid:541)(cid:598)(cid:562)យឧបករ
ណ៏េ(cid:598)ះប៊ូឡ(cid:813) ង",22,21,1,,,,,,,,"ខ(cid:693)ះេគេ(cid:729)(cid:632)
(「モンキーレンチ」
「ម៉ុងគីេរ(cid:843)នជ」ិ )",,,,,,,,,もんきーすぱな,,,,,,,"し ゆる
モンキースパナでナットを締める・緩
める",,,
(cid:688)បព័ន(cid:640)ែខ(cid:717)សុវត(cid:630)ិ(cid:671)ព,親綱支柱,,"តំេឡ(cid:822)ង(cid:688)បព័ន(cid:640)ែខ(cid:717)សុវត(cid:630)ិ(cid:671)ពេម
េ(cid:648)កែន(cid:693)ង(cid:598)ក់ែខ(cid:717)ពួរេម",23,21,1,,,,,,,,េម,,,,,,,,,おやづなしちゅう,,,,,,,"おやづな は い ち おやづなしちゅう と
親綱を張る位置に親綱支柱を取り
つ
付ける",,,
ែកង(cid:688)ទ,ブラケット,,"តំេឡ(cid:822)ងែកង(cid:688)ទេ(cid:648)កែន(cid:693)ង(cid:598)ក់
េជ(cid:822)ង",24,21,1,,,,,,,,"ខ(cid:693)ះេគេ(cid:729)(cid:632) (「持送り」「ម៉ូជិ
អូគុ រ」(cid:809))",,,,,,,,,ぶらけっと,,,,,,,"あしば と つ
足場にブラケットを取り付ける",,,
ជេណ(cid:625)(cid:822)រ(cid:598)ក់,梯子,,,25,21,1,,,,,,,,,,,,,,,,,はしご,,,,,,,,,,
,,,"ពាក់ ខ្សែក្កវ៉ាត់សុវតថិភាពមៅនឹងខ្សែ
ពួរមេ",1,22,1,,,,ខ្សែពួរមេ,,,,,,"គឺជាខ្សែសំរាប់ពាក់ថ្ពក់ ខ្សែក្កវ៉ាត់
សុវតថិភាពមៅការដ្ឋា នសំណង(់ ក្កវ៉ា
ត់ ខ្សែជីវតិ )ម ើេបីការពារជីវតិ អ្នកម្វើ
ការមៅការដ្ឋា ន មគតមេលើងពីសរសរ
ម្ខា ងមៅសរសរម្ខា ងម ៀតមដ្ឋយេិន
មោយវ្ូរ",,,,おやづな,,,,,,,,親綱,,,"おやづな あんぜんたい
親綱に安全帯をかける",,
,,,"ផ្ គំតំម ើងកខ្នលងដ្ឋក់មជើងមដ្ឋយមក្បើ
គំរបឈ្នន ន់(ប ៊ី្ី)",2,22,1,,,,គំរបឈ្នន ន់(ប ៊ី្ី),,,,,,,,,,たてわく（びてぃ）,,,,,,,,建枠（ビティ）,,,"たてわく もち あ し ば く み た
建枠（ビティ）を用いて足場を組立て
る",,
,,,តំម ើងក្កណាត់សំណាញ់មៅស ុេរន្ទា,3,22,1,,,,ក្កណាត់សំណាញ់,,,,,,"「ក្កណាត់សំណាញ」់ មពលសលះមគមៅ
ថា
「飛散防止ネット」(ហុី សំង បូ សុី
មណតុ)「សំណាញ់ការពារការខ្ទា ត
ខ្ទា យ」",,,,めっしゅしーと,,,,,,,,メッシュシート,,,"あ し ばわく と つ
足場枠にメッシュシートを取り付ける",,
,,,"តំម ើងផ្ា ងំ ប់សមេលងម ើេបីជា
វធាិ នការ ប់សមេលងរំខ្ទន",4,22,1,,,,ផ្ា ងំ ប់សមេលង,,,,,,,,,,ぼうおんぱねる,,,,,,,,防音パネル,,,"そうおんたいさく ぼうおん せ っ ち
騒音対策として防音パネルを設置す
る",,
,,,"មក្បើផ្ា ងំ មក្ៅសក្ម្ខប់ការពារម ើេបី
ការពារការខ្ទា តឬការធាល ក់ចុះ",5,22,1,,,,ផ្ា ងំ មក្ៅសក្ម្ខប់ការពារ,,,,,,,,,,あさがおざい,,,,,,,,朝顔材,,,"あさがおざい ひ ら い ら っ か ぼ う し
朝顔材は飛来落下防止のためにつか
う",,
,,,"ម្វើកុំមោយកខ្នលងដ្ឋក់មជើងប ះខ្សែ
ខ្ទងមលើ",6,22,1,,,,ខ្សែមលើ,,,,,,"មដ្ឋយសរខ្តម្ខនសម្ខព ្ចរនតអ្គគិ
សនីសពស់
កាលណាប ះវនឹងម្ខនហានីភយ័
សពស់មលើមក្រះថាន ក់ឆក់ចរនតអ្គគីសនី",,,,かくうせん,,,,,,,,架空線,,,"か く うせん せっしょく
架空線へ接触させないようにする",,
,,,"ដ្ឋក់កាត បងំ មជើងមៅកខ្នលងដ្ឋក់
មជើងម ើេបីការពារកុំមោយកេមករ
និងឧបករណ៏ន្ទៗធាល ក់ចុះ",7,22,1,,,,"កាត របងំ មជើង(កខ្នលង
ដ្ឋក់មជើងបមណាត ះោសនន)",,,,,,,,,,はばき（かせつあしば）,,,,,,,,幅木（仮設足場）,,,"ろうどうしゃ ついてんらく き ぐ ら っ か ぼ う し
労働者の墜転落・器具の落下防止の
あ し ば は ば き もう
ために足場に幅木を設ける",,
,,,"ផ្ គំតំម ើងកខ្នលងដ្ឋក់មជើងមដ្ឋយមក្បើ
បំពង់ឯក",8,22,1,,,,បំពង់ឯក,,,,,,"ពាកយមៅកាត់ 「បំពង់ឯក」សលះ
មគមៅថា 「パイプ 」(ខ្ផប)",,,,たんかん,,,,,,,,単管,,,"たんかん もち あ し ば く た
単管を用いて足場を組み立てる",,
,,,,9,22,1,,,,ជមណតើរមកាង,,,,,,,,,,きゃたつ,,,,,,,,脚立,,,,,
,,,"ហាេចូលកខ្នលងកាក្ំ បតិបតតិការ
ការងាររបស់ម្ខ សុីន្ន់្ងន់",10,23,1,,,,កាក្ំ បតិបតតិការងារ,,,,,,"កាបំ ងវិលននម្ខ សុីន្ុន្ងន់។ម ើេបី
ការពារមក្រះថាន ក់ប ះ ងគិចភាគ
មក្ចើនមគហាេេិនមោយចូល",,,,さぎょうはんけい,,,,,,,,作業半径,,,"じゅうきさぎょう さぎょうはんけい た い きん
重機作業の作業半径に立ち入りを禁
し
止する",,
,,,"ចងភាា បរ់ ចាន្ទសេព័នធបមណាត ះោសនន
មដ្ឋយបូ ុ ងបមណាត ះោសនន",11,23,1,,,,បូ ុ ងបមណាត ះោសនន,,,,,,,,,,かりぼると,,,,,,,,仮ボルト,,,"かり こうぞうたい かり こ て い
仮ボルトで構造体を仮に固定する",,
,,,"ខ្កម ើងវញិ មៅ ីតងំ ខ្ លមគបន
ចងអ គលបងាា ញមៅកខ្នលងដ្ឋក់មជើង",12,23,1,,,,ខ្កម ើងវញិ,,,,,,,,,,てなおし,,,,,,,,手直し,,,"し て き ば し ょ て な お
指摘された場所を手直しする",,
,,,តក្េឹេមោយនផាទងំ ពីរមសមើរន,13,23,1,,,,មោយនផាទងំ ពីរមសមើរន,,,,,,,,,,つらいち,,,,,,,,面一,,,"つらいち
面一にそろえる",,
,,,"អ្នុវតតការក្តួតពិនិតយេុនចាបម់ ផតើេ
ការងារខ្ផែកតេក្បការក្តួតពិនិតយ
ឧបករណ៏ ខ្ លក្តូវមក្បើក្បស់",14,23,1,,,,ក្បការក្តួតពិនិតយ,,,,,,,,,,てんけんじこう,,,,,,,,点検事項,,,"し よ う こ う ぐ てんけんじ こ う もと し
使用する工具は点検事項に基づき始
ぎょうまえてんけん
業前点検をおこなう",,
,,,"ផទកគ កុំមោយមលើសពី េងន់ចំណុ ះដ្ឋក់
របស់ឡាន",15,23,1,,,,េងន់ចំណុ ះដ្ឋក់,,,,,,,,,,せきさいかじゅう,,,,,,,,積載荷重,,,"せきさいかじゅう こ
トラックの積載荷重を超えないように
つ こ
積み込む",,
,,,"តំម ើងក្កណាត់ ប់សមេលងកុំមោយ
ម្ខនមៅសល់ចមន្ទល ះ",16,23,1,,,,ចមន្ទល ះ,,,,,,,,,,すきま,,,,,,,,すき間,,,"ぼうおん ま あ
防音シートはすき間が空かないように
と つ
取り付ける",,
,,,"ពិនិតយផល វូ ថ្នល់ថាមតើម្ខនសន េមភាល ះ
ូចតេវ្ិ ីសស្រសតខ្ លអ្នុវតតខ្ រឬម",17,23,1,,,,ពិនិតយផល វូ ថ្នល់,,,,,,,,,,とおりをみる,,,,,,,,通りを見る,,,"かたどお ね ぎ り で き とお
やり方通りで根切が出来ているか通
りをみる",,
,,,ផ្ គំតមេលើងកខ្នលងដ្ឋក់មជើង,18,23,1,,,,តមេលើង,,,,,,,,,,くみたて,,,,,,,,組立,,,"あ し ば く み た
足場を組立てる",,
,,,"សទ ចូ កខ្នលងដ្ឋក់មជើងខ្ លបនផ្ំគ
េូលដ្ឋា នខ្ទងមក្កាេមហើយ មដ្ឋយ
ម្ខ សុីន
សទ ចូ មៅតំម ើងខ្ទងមលើ",19,23,1,,,,ការផ្ គំេូលដ្ឋា ន,,,,,,,,,,じぐみ,,,,,,,,地組,,,"した じ ぐみ あ し ば あ
下で地組した足場をクレーンで上げ
うえ と つ
て上で取り付ける",,
,,,"មបៀកមបតុងខ្ផនកខ្ទងមលើននសំណង់
មោយរមោងមសមើររន មដ្ឋយសល បក្ពា
មបៀកកំមបរ",20,24,1,,,,ខ្ផនកខ្ទងមលើននសំណង់,,,,,,សលះមគមៅថា「上端（うわば）អ្ ុ វ៉ាប」,,,,てんば,,,,,,,,天端,,,"て ん ば へいかつ
コンクリートの天端をコテで平滑にな
らす",,
,,,"មៅមពលយួរមលើកវតថ គធាតុម ើេម ើង
ក្តូវដ្ឋក់ចំណងTamagakeមៅ ីតងំ
សុវតថិភាព",21,24,1,,,,ចំណងTamagake,,,,,,,,,,たまかけ・たまがけ,,,,,,,,玉掛け,,,"ざいりょう つ あ さい あんぜん い ち
材料を吊り上げる際は安全な位置に
たまかけ
玉掛けをおこなう",,
,,,"ការងារម្ខ សុីន្ន់្ងន់ក្តូវម្វើមដ្ឋយ
សុវតថិភាពតេសញ្ញា",22,24,1,,,,សញ្ញា,,,,,,,,,,あいず,,,,,,,,合図,,,"じゅうきさぎょう あ い ず あんぜん おこな
重機作業は合図をもって安全に行う",,
,,,"េិនក្តូវម្វើការងារមលើកសទ ចូ ហួសពី
េងន់តេខ្ទន ត",23,24,1,,,,េងន់តេខ្ទន ត,,,,,,,,,,ていかくかじゅう,,,,,,,,定格荷重,,,"ていかくかじゅう こ つ さぎょう
定格荷重を超えて吊りもの作業はお
こなわない",,
,,,"មេើលសសរបញ្ឈរកខ្នលងដ្ឋក់មជើង
(（ភាពបញ្ឈរ＝たち）ោនថា ＝ត
ជិ)",24,24,1,,,,បញ្ឈរ,,,,,,,,,,たち,,,,,,,,たち,,,"あ しばしち ゅ う み すいちょくせい
足場支柱のたちを見る（垂直性＝た
ち）",,
,,,"ការផ្ គំតមេលើងកខ្នលងដ្ឋក់មជើងក្តូវ
មររពតេការខ្ណន្ទរំ បស់មេការ",25,24,1,,,,មេការ,,,,,,,,,,しょくちょう,,,,,,,,職長,,,"あ し ばくみたて しょくちょう し じ したが
足場組立は職長の指示に従う",,
,,,"ការពារសម្រោះថ្នា ក់សោយសម្បើគម្រប
សុវត្ថិភាព",1,25,1,,,,គម្របសុវត្ថិភាព,,,,,,"ជាពិសសសគឺគម្របជាប់នឹងម៉ា សុ៊ីន
រណារ។ចូរសម្បើម្ាស់វាស ើរប៊ីបង្កា សៅ
សពលអារកាត្់ ផ្លែរណារអាចឡងម្ត្
ឡប់រកម្ត្ូវខ្ល នួ ជាស ើរ។",,,,あんぜんかばー,,,,,,,安全カバー,,,,"あんぜん しよう じこ ふせ
安全カバーの使用で事故を防ぐ",,
,,,"បំពាក់ ផ្ខ្ែម្កវា៉ាត្់សុវត្ថិភាពសៅ
កផ្នែងោក់ស ើង",2,25,1,,,,ផ្ខ្ែម្កវា៉ាត្់សុវត្ថិភាព,,,,,,,,,,あんぜんたい,,,,,,,安全帯,,,,"あんぜんたい あ し ば と つ
安全帯を足場に取り付ける",,
,,,"បងហ រូចូលស ុរស ើរប៊ីោក់បញ្ច លូ កា
ងសបត្ុង",3,25,1,,,,បញ្ច លូ,,,,,,,,,,いんさーと,,,,,,,インサート,,,,"せ っ ち
インサートをコンクリートに設置するた
かたわく う こ
め、型枠に打ち込む",,
,,,ភាា បឧ់ បករណ៏រកាចស្ែ ោះសៅនឹងស ុរ,4,25,1,,,,ឧបករណ៏រកាចស្ែ ោះ,,,,,,,,,,すぺーさ,,,,,,,スペーサ,,,,"かたわく と つ
型枠にスペーサを取り付ける",,
,,,សំរលួ ចស្ែ ោះសរសសផ្ កនិងស ុរ,5,25,1,,,,សរសសផ្ ក,,,,,,,,,,てっきん,,,,,,,鉄筋,,,,"てっきん かたわく す き ま ちょうせい
鉄筋と型枠の隙間を調整する",,
,,,សោត្ម្ព៊ីស្ែើងចូលកន ុងផ្ខ្ែស្ែើងរំផ្វង,6,25,1,,,,ផ្ខ្ែស្ែើងរំផ្វង( ូ រ៉ារ រ ុ ),,,,,,,,,,でんこうどらむ（どらむ）,,,,,,,電工ドラム（ドラム）,,,,"でんこう さ こ
電工ドラムのコンセントに差し込む",,
,,,កាត្់កាា បនទោះសោយរណាម៉ា សុ៊ីន,7,25,1,,,,រណាម៉ា សុ៊ីន(ស ង ណូ កូ ),,,,,,,,,,"でんどうまるのこ（でんの
こ）",,,,,,,電動丸のこ（電のこ）,,,,"でんどうまる せつだん
電動丸のこでコンパネを切断する",,
,,,ម្កាលថ្នា បំ ិទ ិត្,8,25,1,,,,ថ្នា បំ ិទ ិត្,,,,,,,,,,ぱっきん,,,,,,,パッキン,,,,"し こ
パッキンを敷き込む",,
,,,រស់ ផ្ កសរលសោយផ្ ករស់ត្ូច,9,25,1,,,,ផ្ ករស់ត្ូច,,,,,,,,,,しょうばーる,,,,,,,小バール,,,,"しょう くぎ ぬ
小バールで釘を抜く",,
,,,សម្បើផ្ ករស់ធំបំ ផ្បកស ុរ,10,25,1,,,,ផ្ ករស់ធំ,,,,,,,,,,だいばーる,,,,,,,大バール,,,,"かたわくかいたい だい し よ う
型枠解体に大バールを使用する",,
,,,"ស ើរប៊ីសធវើសលទខាងរុខ្សនការចាក់
សបត្ុងសចាលសអាយស ើយសគសម្បើកាា
បនទោះត្ុបផ្ត្ង",11,26,1,,,,កាា បនទោះត្ុបផ្ត្ង,,,,,,,,,,けしょうごうはん,,,,,,,化粧合板,,,,"ひょうめん う はな し あ けしょうごうばん
表面は打ち放し仕上げのため化粧合
し よ う
板を使用する",,
,,,"ស ើរប៊ីសធវើសលទខាងសម្កាយសអាយស ើយ
សគសម្ប ើ កាា បនទោះធរមតា",12,26,1,,,,កាា បនាោះធរមតា,,,,,,,,,,ふつうごうはん,,,,,,,普通合板,,,,"はいめん そ じ し あ ふ つ うごうばん
背面は素地仕上げのため普通合板を
し よ う
使用する",,
,,,ត្សរែើងបនទោះសនា សៅខាងកន ុងស ុរ,13,26,1,,,,បនទោះសនា,,,,,,,,,,すたいろふぉーむ,,,,,,,スタイロフォーム,,,,"かたわくない と つ
スタイロフォームを型枠内に取り付け
る",,
,,,"ត្សរែើងោក់ស ើបសងាើត្សលទរុខ្សៅ
ម្ ងុ សៅនឹងស ុរ",14,26,1,,,,ស ើបសងាើត្សលទរុខ្សៅម្ ងុ,,,,,,,,,,めんぎ,,,,,,,面木,,,,"かたわく めん ぎ と つ
型枠に面木を取り付ける",,
,,,សម្បើម៉ា សុ៊ីនរំញ៉ារស័ ើរប៊ីបម្ងួរសបត្ុង,15,26,1,,,,ម៉ា សុ៊ីនរំញ៉ារ័,,,,,,,,,,ばいぶれーたー,,,,,,,バイブレーター,,,,"し かた
バイブレーターでコンクリートを締め固
める",,
,,,"សម្បើម្ាស់ថ្នា សំ ំណកស ើរប៊ីសធវើសអាយ
សបត្ុងនិងស ុររសបោះសចញានលអ",16,26,1,,,,ថ្នា សំ ំណក,,,,,,,,,,はくりざい,,,,,,,剥離剤,,,,"かたわく よ
コンクリートと型枠のはなれを良くする
は く りざい し よ う
ために剥離剤を使用する",,
,,,ត្សរែើងកាា បញ្ឈរ,17,26,1,,,,កាា បញ្ឈរ,,,,,,,,,,けこみいた,,,,,,,けこみ板,,,,"いた と つ
けこみ板を取り付ける",,
,,,"ត្សរែើង ំបូងោក់កាច់ម្ ងុ សៅកន ុង
ស ុរ",18,26,1,,,,ំបូងោក់កាច់ម្ ងុ,,,,,,,,,,めじぼう,,,,,,,目地棒,,,,"かたわく め じ ぼう と つ
型枠に目地棒を取り付ける",,
,,,បងហ រូសបត្ុងចូលសៅកន ុងស ុរ,19,26,1,,,,សបត្ុង,,,,,,,,,,こんくりーと,,,,,,,コンクリート,,,,"かたわく なが こ
型枠にコンクリートを流し込む",,
,,,វាស់ទំ ំសោយឧបករណ៏វាស់ ផ្វង,20,26,1,,,,ឧបករណ៏វាស់ ផ្វង,,,,,,,,,,こんべっくす,,,,,,,コンベックス,,,,"すんぽう はか
コンベックスで寸法を測る",,
,,,"សធវើការង្ករស ុរសោយសម្បើសម្នរស
ការង្ករ",21,27,1,,,,សម្នរស ការង្ករ,,,,,,,,,,さぎょうようてぶくろ,,,,,,,作業用手袋,,,,"さぎょうようてぶくろ もち かたわくさぎょう
作業用手袋を用いて型枠作業をおこ
なう",,
,,,វាស់ទំ ំ ផ្ កបញ្ច លូ,22,27,1,,,,ផ្ កបញ្ច លូ,,,,,,,,,,さしがね,,,,,,,差金,,,,"さしがね すんぽう はか
差金で寸法を測る",,
,,,"សំរលួ លំស ៀងសអាយសសមើរសោយសម្បើ
ផ្រ៉ាម្ត្សទង់",23,27,1,,,,ផ្រ៉ាម្ត្សទង់,,,,,,,,,,すいへいき,,,,,,,水平器,,,,"すいへい き かたむ ちょうせい すいへい
水平器で傾きを調整し水平にする",,
,,,ោក់ប្ទ ត្់ ផ្ខ្ែបិចសធវើព៊ីឬសែ៊ី,24,27,1,,,,បិចសធវើព៊ីឬសែ៊ី,,,,,,,,,,すみさし,,,,,,,墨さし,,,,"すみ すみ
墨さしを墨つぼにつける",,
,,,ោក់ប្ទ ត្់ ផ្ខ្ែបិចសធវើព៊ីឬសែ៊ី,25,27,1,,,,ប្ទ ត្់ ផ្ខ្ែ,,,,,,,,,,すみつぼ,,,,,,,墨つぼ,,,,"すみ すみ
墨さしを墨つぼにつける",,
,,,"ចងភ្ជា បេ់ ៉ុមសោយឧបករណ៏បំ បបក
របូ រាងមូល",1,28,1,,,,"ឧបករណ៏បំ បបករបូ រាងមូល
(ម៉ា រ ៉ុសេប៉ា )",,,,,,,,,,"まるせぱれーたー
（まるせぱ）",,,,,,,"丸セパレーター
（丸セパ）",,,,"まる かたわく こ て い
丸セパレーターで型枠を固定する",,
,,,"សបោះបែកសោលបនែកខាងសលើនៃ
េំណង់សៅបនែកខាងសលើសបត៉ុង",2,28,1,,,,"បែកសោលបនែកខាងសលើនៃ
េំណង់",,,,,,,,,,てんばくぎ,,,,,,,天端釘,,,,"てん てん ば くぎ う
コンクリート天に天端釘を打つ",,
,,,"សកាេេំសលៀងននៃខាងម៉ុខសរកាយពី
សោោះេ ៉ុមពីបៃៃោះកាា",3,28,1,,,,ការេំសលៀង,,,,,,,,,,けれん,,,,,,,ケレン,,,,"ひょうめん
コンパネの表面をけれんする",,
,,,សាងេង់េ ៉ុមេរមប់ចាក់សបត៉ុង,4,28,1,,,,េ ៉ុមេរមប់ចាក់សបត៉ុង,,,,,,,,,,かたわくしほこう,,,,,,,型枠支保工,,,,"か た わ く し ほ こ う こ う じ おこな
型枠支保工の工事を行う",,
,,,ន្ គំតសមលើងេ ៉ុមរ្រោះសោយសមតាលហ្វម,5,28,1,,,,េ ៉ុមរ្រោះ(សមតាលហ្វម),,,,,,,,,,"きそかたわく
（めたるふぉーむ）",,,,,,,"基礎型枠
（メタルフォーム）",,,,"き そ かたわく く み た
基礎型枠を組立てる",,
,,,សោោះេ ៉ុមសចញសហ្ើយេំរលួ បែកសោល,6,28,1,,,,េំរលួ បែកសោល,,,,,,,,,,くぎしまい,,,,,,,釘仕舞い,,,,"かたわく くぎ し ま
型枠をばらして釘仕舞いをする",,
,,,តរមរមរកឡាបនែកខាងសលើនៃេំណង់,7,28,1,,,,រកឡាបនែកខាងសលើនៃេំណង់,,,,,,,,,,すらぶてんば,,,,,,,スラブ天端,,,,"てん ば
スラブ天端をそろえる",,
,,,វាេ់កំពេ់(ថាប ប៉ា ),8,28,1,,,,កំពេ់,,,,,,,,,,たかさ（たっぱ）,,,,,,,高さ（タッパ）,,,,"たか はか
高さ（タッパ）を測る",,
,,,សលើកយួរសហ្ើយោក់េ ៉ុម,9,28,1,,,,សលើកយួរសហ្ើយោក់,,,,,,,,,,たてこみ,,,,,,,建込み,,,,"かたわく た て こ
型枠を建込みする",,
,,,សធវើនល វូ លំសោយលអ,10,29,1,,,,នល វូ លំ,,,,,,"ការបកេំរលួ ររង់រាយខូចឬសរើេ
បរងសោយមៃសាា ៃភ្ជពធមមតា
ស ើងវញិ",,,,とおり,,,,,,,通り,,,,"とお よ
通りを良くする",,
,,,"ន្ គំតសមលើងេរនេបែកតាមកំពេ់
ជំហាៃកាជំ សណាើរបែលបៃកំណត់",11,29,1,,,,កំពេ់ជំហាៃកាជំ សណាើរ,,,,,,កំពេ់ជំហាៃកាជំ សណាើរ,,,,けあげ,,,,,,,蹴上げ,,,,"き け あ すんぽう かたわく く み た
決められた蹴上げ寸法で型枠を組立
てる",,
,,,"ន្ គំតសមលើងេរនេបែកតាមបនែកខាង
កន គងសៅកាំជសណាើរបែលបៃកំណត់",12,29,1,,,,បនែកខាងកន គងសៅកាំជសណាើរ,,,,,,,,,,けこみ,,,,,,,蹴込み,,,,"き け こ すんぽう かたわく く み た
決められた蹴込み寸法で型枠を組立
てる",,
,,,មិៃរបបហ្េៃរងបែាឧំ បករណ៏,13,29,1,,,,សរៀបេំោតឧបករណ៏,,,,,,,,,,こうぐのていれ,,,,,,,工具の手入れ,,,,"こ う ぐ て い
工具の手入れをおこたらない",,
,,,បញ្ជា ក់ឧបករណ៏វាេ់បញ្ឈររតង់,14,29,1,,,,ឧបករណ៏វាេ់បញ្ឈររតង់,,,,,,,,,,さげふり,,,,,,,下げ振り,,,,"さ ふ すいちょく かくにん
下げ振りで垂直を確認する",,
,,,"ោក់េ ៉ុមសោយរតូវៃរងសាែ មេញ្ជា
កំណត់រីតាងំ",15,29,1,,,,សាែ មេញ្ជា កំណត់រីតាងំ,,,,,,,,,,じずみ,,,,,,,地墨,,,,"じ ずみ あ かたわく と つ
地墨に合わせて型枠を取り付ける",,
,,,តសមលើងេ ៉ុមរប់ការចាក់សបត៉ុងសេាើង,16,29,1,,,,"ចាក់សបត៉ុងសេាើង(សបត៉ុង
សចាល)",,,,,,,,,,すてこんくりーと,,,,,,,捨てコンクリート,,,,"す と わく せ っ ち
捨てコンクリートの止め枠を設置する",,
,,,"ន្ គំតសមលើងរកបខណឌ រកឡា ពីកាា លាៃ
សចញបសគោ លពីជញ្ជា ំង",17,29,1,,,,ការសចញកាា ពបី សគោ ល,,,,,,"សាា ៃភ្ជពលាៃកាា សចញពីមា ងនៃ
បនែករប់បៃៃោះនល វូ របេ់កបៃលងោក់
សជើង។របេិៃសបើអ្ែកមិៃែរងសហ្ើយ
សែើរជាៃ់វាោចមៃសរោោះថាែ ក់បណ្តា
លសោយធ្លល ក់។",,,,はねだし,,,,,,,はね出し,,,,"かべ だ かたわく く み た
壁からはね出してスラブ型枠を組立て
る",,
,,,"ពិៃិតយសមើលភ្ជពសប៉ា ងច៉ុោះសៅសពល
បងហ រូសបត៉ុងចូលកន គងេ ៉ុម",18,29,1,,,,ភ្ជពសប៉ា ងច៉ុោះ,,,,,,,,,,はらみ,,,,,,,はらみ,,,,"だ せ つちゅう かたわく
コンクリート打設中に型枠のはらみを
かくにん
確認する",,
,,,តរមរមននៃខាងម៉ុខ,19,30,1,,,,ននៃខាងម៉ុខ,,,,,,,,,,まえつら,,,,,,,前面,,,,"まえつら そろ
前面を揃える",,
,,,សធវើការរ៉ុុំព័រធបន្ទៃ បព់ ីបងហ រូសបត៉ុងចូល,20,30,1,,,,រ៉ុុំព័រធ,,,,,,,,,,ようじょう,,,,,,,養生,,,,"だ せ つ ご ようじょう
コンクリート打設後に養生をおこなう",,
,,,វាេ់ បវងកំពេ់,21,30,1,,,,កំពេ់,,,,,,,,,,れべる,,,,,,,レベル,,,,"そくりょう
レベルを測量する",,
,,,ការបបងបចកេ ៉ុម,22,30,1,,,,បបងបចក,,,,,,,,,,わりつけ,,,,,,,割付,,,,"かたわく わ つ
型枠を割り付ける",,
,,,"ភ្ជា បឧ់ បករណ៏ បែកបងោប់ បែលបៃ
បងកប់សៅៃរងេ ៉ុមជាម៉ុៃ",23,30,1,,,,ឧបករណ៏ បែកបងោប់,,,,,,,,,,うめこみかなもの,,,,,,,埋め込み金物,,,,"かたわく う こ かなもの
型枠にはあらかじめ埋め込み金物を
と つ
取り付ける",,
,,,ការបំ បបកេ ៉ុម,24,30,1,,,,ការបំ បបក,,,,,,,,,,かいたいする（ばらす）,,,,,,,解体する（バラス）,,,,"かたわく かいたい
型枠を解体する（バラス）",,
,,,"បញ្ជា ក់ករមេ់រ្បរបេ់េរនេបែក
ៃិងេ ៉ុម",25,30,1,,,,ករមេ់រ្ប,,,,,,,,,,かぶりすんぽう,,,,,,,かぶり寸法,,,,"てっきん かたわく すんぽう かくにん
鉄筋と型枠のかぶり寸法を確認する",,
,,,"បង្ប​ឧើ បករណ៏ពង្រឹរបបតុររបូ រារ
ពិបេេ",1,31,1,"ឧបករណ៏ពង្រឹរបបតុរ
របូ រារពិបេេ",,,,,,,,,"គឺជាេរសេដែកធម្មតាដែលបគបង្បើ
បៅង្បបេេជបន ុ",,,,いけいぼうこう,,,,,異形棒鋼,,,,,,"い け いこうぼう もち
異形鋼棒を用いる",,
,,,រតឹ េរសេដែកបោយដសែរតឹ ចំណរ,2,31,1,ដសែរតឹ ចំណរ,,,,,,,,,,,,,けっそくせん,,,,,結束線,,,,,,"けっそくせん てっきん しば
結束線で鉄筋を縛る",,
,,,"រតឹ េរសេដែកបោយបង្បើឧបករណ៏
រតឹ ចរ",3,31,1,ឧបករណ៏រតឹ ចរ,,,,,,,,,បពលសលះបគបៅថា「ហាក់ កា」,,,,けっそくこうぐ,,,,,結束工具,,,,,,"けっそく こ う ぐ もち てっきん しば
結束工具を用いて鉄筋を縛る",,
,,,"កាត់េរសេដែកបោយម េុ៊ីនកាត់
េរសេដែក",4,31,1,ម េុ៊ីនកាត់េរសេដែក,,,,,,,,,,,,,てっきんせつだんき,,,,,鉄筋切断機,,,,,,"てっきんせ つだ んき てっきん せつだん
鉄筋切断機で鉄筋を切断する",,
,,,"ពត់េរសេដែកបោយម េុ៊ីនពត់
េរសេដែក",5,31,1,ម េុ៊ីនពត់េរសេដែក,,,,,,,,,,,,,てっきんまげかこうき,,,,,鉄筋曲げ加工機,,,,,,"てっきん ま か こ う き てっきん ま
鉄筋曲げ加工機で鉄筋を曲げる",,
,,,"ពាក់េំពក់បៅដនែកខារចុរេរសេ
ដែក",6,31,1,េំពក់,,,,,,,,,,,,,ふっく,,,,,フック,,,,,,"てっきんた ん ぶ
鉄筋端部にフックをつける",,
,,,ពាក់ម្ួកការពារប ើយចាបប់ នតើម្បធវើការ,7,31,1,ម្ួកការពារ,,,,,,,,,,,,,ほごぼう（へるめっと）,,,,,保護帽（ヘルメット）,,,,,,"ほ ご ぼう さぎょう と か
保護帽をかぶり作業に取り掛かる",,
,,,តបម្លើរដែកយុថាា,8,31,1,ដែកយុថាា,,,,,,,,,"ពាកយកាត់សនដែកយុថាា េរសេដែក
ចប្ឡះេំណរ់បគថា「សា េុ៊ី គ៊ីរ
（さしきん）」",,,,あんかー,,,,,アンカー,,,,,,"せ っ ち
アンカーを設置する",,
,,,"ដកសនែេរសេដែកបៅកដនលរដកសនែ
ម្ុននឹរែឹកចូលម្កការោា ន",9,31,1,កដនលរដកសនែ,,,,,,,,,,,,,かこうば,,,,,加工場,,,,,,"現場搬入前に加工場で鉄筋を加工
する",,
,,,"បង្បើឧបករណ៏រកាចប្ល ះបែើម្ប៊ីរកា
កមល េ់ង្គបេរសេដែក",10,31,1,ឧបករណ៏រកាចប្ល ះ,,,,,,,,,,,,,すぺーさー,,,,,スペーサ―,,,,,,"鉄筋のかぶり厚さを保つためスペー
サーを使う",,
,,,"បង្បើឧបករណ៏រកាចប្ល ះរារជាររវរ់
(ែូណាត់)េង្មប់កមល េ់ង្គបេរសេ
ដែកជញ្ជ ំរ",11,32,1,"ឧបករណ៏រកាចប្ល ះរារ
ជាររវរ់(ែូណាត់)",,,,,,,,,,,,,どーなつ,,,,,ドーナツ,,,,,,壁の鉄筋かぶり厚さはドーナツを使う,,
,,,"ន្ គំតបម្លើរតាម្បលរ់ោក់េសេដែកដក
សនែ",12,32,1,បលរ់ោក់េសេដែកដកសនែ,,,,,,,,,,,,,かこうはいきんず,,,,,加工配筋図,,,,,,"か こ うはいきん ず とお く み た
加工配筋図通りに組立てる",,
,,,"ន្ គំតបម្លើរតាម្បលរ់លំអិតោក់េសេ
ដែក",13,32,1,បលរ់លំអិតោក់េរសេដែក,,,,,,,,,,,,,はいきんしょうさいず,,,,,配筋詳細図,,,,,,配筋詳細図通りに組立てる,,
,,,"ន្ គំតបម្លើរេរសេដែកពង្រឹរដនែក
បបើកចំ របៅបរអ ចួ ដនែកបបើកចំ រ",14,32,1,"េរសេដែកពង្រឹរដនែក
បបើកចំ រ",,,,,,,,,,,,,かいこうほきょうきん,,,,,開口補強筋,,,,,,窓開口部は開口補強筋を組立てる,,
,,,តំប ើរោក់េរសេដែកពង្រឹរ,15,32,1,េរសេដែកពង្រឹរ,,,,,,,,,,,,,はばどめきん,,,,,幅止め筋,,,,,,"はば ど きん と つ
幅止め筋を取り付ける",,
,,,"ោក់េរសេដែកចប្ល ះេំណរ់បៅ
កន គរបបតុរ",16,32,1,េរសេដែកចប្ល ះេំណរ់,,,,,,,,,,,,,さしきん,,,,,差筋,,,,,,"さしきん
コンクリートに差筋をする",,
,,,ន្ គំតបម្លើរេរសេដែកេេរបម្,17,32,1,េរសេដែកេេរបម្,,,,,,,,,,,,,はしらしゅきん,,,,,柱主筋,,,,,,"はしらしゅきん く み た
柱主筋を組立てる",,
,,,"បញ្ជ ក់េសេដែកកន គរេេរតាម្បលរ់
គំនូរ",18,32,1,ោក់េរសេដែកកន គរេេរ,,,,,,,,,,,,,はしらはいきん,,,,,柱配筋,,,,,,"はしらはいきん ず め ん かくにん
柱配筋を図面で確認する",,
,,,"ន្ គំតបម្លើរេរសេង្កឡាបៅជបង្ម្ដែល
បានកំណត់េុក",19,32,1,េរសេង្កឡា,,,,,,,,,,,,,すらぶきん,,,,,スラブ筋,,,,,,"きん しょてい く み た
スラブ筋を所定のピッチで組立てる",,
,,,ន្ គំតបម្លើរេរសេង្គឹះ,20,32,1,េរសេង្គឹះ,,,,,,,,,,,,,べーすきん,,,,,ベース筋,,,,,,"きん く み た
ベース筋を組立てる",,
,,,"ន្ គំតបម្លើរេរសេដែកេប់េល់ការ
ដបកបបតុរេេរ",21,33,1,"េរសេដែកេប់េល់ការ
ដបកបបតុរេេរ( វឺប ព)ុ",,,,,,,,,,,,,おびきん（ふーぷ）,,,,,帯筋（フープ）,,,,,,"おびきん く み た
帯筋を組立てる",,
,,,ន្ គំតបម្លើរេរសេខារបង្កាម្ខារចុរ,22,33,1,េរសេខារបង្កាម្ខារចុរ,,,,,,,,,,,,,したばきん,,,,,下端筋,,,,,,"し た ばきん く み た
下端筋を組立てる",,
,,,ន្ គំតបម្លើរេរសេខារចុរខារបលើ,23,33,1,េរសេខារចុរខារបលើ,,,,,,,,,,,,,うわばきん,,,,,上端筋,,,,,,"うえはしきん く み た
上端筋を組立てる",,
,,,ន្ គំតបម្លើរេរសេបម្,24,33,1,េរសេបម្,,,,,,,,,,,,,しゅきん,,,,,主筋,,,,,,"しゅきん く み た
主筋を組立てる",,
,,,ន្ គំតបម្លើរេរសេដែកលកាណ:នអឹរជំនឺ,25,33,1,េរសេដែកលកាណ:នអឹរជំនឺ,,,,,,,,,,,,,あばらきん,,,,,あばら筋,,,,,,あばら筋を組立てる,,
,,,"ការផ្ គុំតុំឡ ើងសរសសដែកលកខណ:កន្្្
តក",1,34,1,សរសសដែកលកខណ:កន្រ្តក,,,,,,,,,,,,,はかまきん,,,,,はかま筋,,,,,,"きん く み た
はかま筋を組立てる",,
,,,ការផ្ គុំតុំឡ ើងសរសសដែកបញ្ឈរ,2,34,1,សរសសដែកបញ្ឈរ,,,,,,,,,,,,,たてきん,,,,,縦筋,,,,,,"たてきん く み た
縦筋を組立てる",,
,,,ការផ្ គុំតុំឡ ើងសរសសដែកខាងឡន្កាម,3,34,1,សរសសដែកខាងឡន្កាម,,,,,,,,,,,,,したきん,,,,,下筋,,,,,,"したきん く み た
下筋を組立てる",,
,,,ការផ្ គុំតុំឡ ើងសរសសដែកឡផតក,4,34,1,សរសសដែកឡផតក,,,,,,,,,,,,,よこきん,,,,,横筋,,,,,,"よこきん く み た
横筋を組立てる",,
,,,ការផ្ គុំតុំឡ ើងសរសសដែកដាក់ទទឹង,5,34,1,សរសសដែកដាក់ទទឹង,,,,,,,,,,,,,はらきん,,,,,腹筋,,,,,,"はらきん く み た
腹筋を組立てる",,
,,,ការផ្ គុំតុំឡ ើងសរសសដែកដាក់ឈរន្តង់,6,34,1,សរសសដែកដាក់ឈរន្តង់,,,,,,,,,,,,,はいりょくきん,,,,,配力筋,,,,,,"はいりょくきん く み た
配力筋を組立てる",,
,,,ការផ្ គុំតុំឡ ើងសរសសដែកខាងឡលើ,7,34,1,សរសសដែកខាងឡលើ,,,,,,,,,,,,,うわきん,,,,,上筋,,,,,,"うわきん く み た
上筋を組立てる",,
,,,"ភ្ជា បស់ រសសដែកលកខណ:រងវង់ឡៅ្ឹង
ជញ្ា ុំងធុ្្ឹងរញ្ជ យួ ែី",8,34,1,សរសសដែកលកខណ:រងវង់,,,,,,,,,,,,,すぱいらるきん,,,,,スパイラル筋,,,,,,"きん たいしんへき と つ
スパイラル筋を耐震壁に取り付ける",,
,,,"វជិ ាមាន្តសរសសដែកគឺែូចឡៅកន គងបល
ង់ឡែសាញ",9,34,1,វជិ ាមាន្តសរសសដែក,,,,,,,,,,,,,てっきんけい,,,,,鉄筋径,,,,,,"てっきんけい せっけい と し ょ とお
鉄筋径は設計図書の通りである",,
,,,ការបញ្ា ក់កមាល ស់ន្គប,10,34,1,កមាល ស់ន្គប,,,,,,,,,,,,,かぶりあつさ,,,,,かぶり厚さ,,,,,,"あつ かくにん
かぶり厚さを確認する",,
,,,ការបញ្ា ក់មុុំ,11,35,1,មុុំ,,,,,,,,,,,,,かくど,,,,,角度,,,,,,"か く ど かくにん
角度を確認する",,
,,,"ផ្ គុំតុំឡ ើងសរសសដែកឡដាយសរសស
ដែកឯក",12,35,1,ឯក,,,,,,,,,,,,,しんぐる,,,,,シングル,,,,,,"てっきん はいきん く み た
鉄筋はシングル配筋で組立てる",,
,,,សរសសន្កឡាន្តូវឡន្បើសរសសដែកឡទវ,13,35,1,ឡទវ,,,,,,,,,,,,,だぶる,,,,,ダブル,,,,,,"はいきん
スラブはダブル配筋とする",,
,,,រតឹ ចុំណងចឡ្ល ោះសរសសដែក,14,35,1,ចុំណងចឡ្ល ោះគ្នា,,,,,,,,,,,,,ちどりけっそく,,,,,千鳥結束,,,,,,"てっきん ち ど り けっそく
鉄筋は千鳥結束する",,
,,,កាត់សរសសដែកតាមទុំហុំ ដផាកកាត់,15,35,1,ទុំហុំ ដផាកកាត់,,,,,,,,,,,,,せつだんすんぽう,,,,,切断寸法,,,,,,"せつだんすんぽう てっきん せつだん
切断寸法で鉄筋を切断する",,
,,,"ដកសនាសរសសដែកែូចឡៅកន គងទុំហុំ ដក
សនា",16,35,1,ទុំហុំ ដកសនា,,,,,,,,,,,,,かこうすんぽう,,,,,加工寸法,,,,,,"か こ うすんぽうどお てっきん か こ う
加工寸法通りに鉄筋を加工する",,
,,,"ដាក់តុំណជា្់គ្នា សន្មាប់សរសសដែក
ែូចគ្នា",17,35,1,តុំណជា្់គ្នា,,,,,,,,,,,,,かさねつぎて,,,,,重ね継手,,,,,,"てっきん ど う し かさ つ ぎ て
鉄筋同士は重ね継手とする",,
,,,"ដាក់តុំណគ្នបសន្មាប់សរសសដែក
ែូចគ្នា",18,35,1,តុំណគ្នប,,,,,,,,,,,,,あっせつつぎて,,,,,圧接継手,,,,,,"てっきん ど う し あっせつつ ぎ て
鉄筋同士は圧接継手とする",,
,,,"តុំឡ ើងដែកពន្ងឹងមាត់ឡបើកស្
ដផាកឡបើកចុំហរ",19,35,1,ដផាកឡបើកចុំហរ,,,,,,,,,,,,,かいこうぶ,,,,,開口部,,,,,,"かい こ う ぶ かいこうほきょうきん と つ
開口部には開口補強筋を取り付ける",,
,,,"ឡន្បើសុំណាញ់ ដែកផាសន្មាប់សរសស
ដែកពន្ងឹងែី",20,35,1,សុំណាញ់ ដែកផា,,,,,,,,,,,,,ようせつかなあみ,,,,,溶接金網,,,,,,"ど ま はいきん ようせつかなあみ し よ う
土間配筋は溶接金網を使用する",,
,,,"ែឹកសរសសដែកដែលឡៅសល់ឡចញពី
ការដាា ្",21,36,1,ការែឹកឡចញ,,,,,,,,,,,,,はんしゅつ,,,,,搬出,,,,,,"のこ てっきん げ ん ば はんしゅつ
残った鉄筋を現場から搬出する",,
,,,ែឹកសរសសដែកចូលការដាា ្,22,36,1,ការែឹកចូល,,,,,,,,,,,,,はんにゅう,,,,,搬入,,,,,,"てっきん げ ん ば はんにゅう
鉄筋を現場に搬入する",,
,,,ឡរៀបចុំន្គឹោះដាក់សរសសដែក,23,36,1,ន្គឹោះ,,,,,,,,,គឺជាន្គឹោះរបស់អគ្នរ,,,,きそ,,,,,基礎,,,,,,"き そ はいきん
基礎の配筋をおこなう",,
,,,"សរសសដែកវាងគ្នា ្ិងគ្នា ន្តវូ តុំណ
ឡដាយមា៉ា សុី្",24,36,1,តុំណឡដាយមា៉ា សុី្,,,,,,,,,,,,,きかいしきつぎて,,,,,機械式継手,,,,,,"てっきん ど う し き か い し き つ ぎ て
鉄筋同士は機械式継手とする",,
,,,"ការន្តួតពិ្ិតយការដាក់សរសសដែក
ឡដាយអាកន្គប់ន្គងបលង់ឡែសាញន្តូវ
បា្នលងកាត់",25,36,1,"ការន្តួតពិ្ិតយការដាក់
សរសសដែក",,,,,,,,,,,,,はいきんけんさ,,,,,配筋検査,,,,,,"せっけいかんりしゃ はいきんけ ん さ ごうかく
設計監理者による配筋検査に合格す
る",,
,,,,1,37,1,,,,,ត្រាក់ទរ័,,,,,"ត្រាក់ទរដ័ ែលបំពាក់ឧបករណ៏ការងារ
(attachment)ត្ររូវបានគេគៅថា
គត្រេឿងចត្រករុញែីឬត្រាក់ទ័រឈូសែីជា
គែើម។",,,,とらくた,,,,,,,トラクタ,,,,,,
,,,,2,37,1,,,,,គត្រេឿងចត្រករុញែី,,,,,"ម៉ា សុីនដែលបំពាក់ ដប៉ាលរុញែីគៅ
នឹងត្រាក់ទ័រ",,,,ぶるどーざ,,,,,,,ブルドーザ,,,,,,
,,,,3,37,1,,,,,ត្រាក់ទ័រឈូសែី,,,,,"ម៉ា សុីនត្រាក់ទ័រដែលមនបំពាក់
ដប៉ាលចូក។មនត្របគេទគត្របើកង់សប់
និងត្របគេទគត្របើកង់ត្រចវាក់",,,,とらくたしょべる,,,,,,,トラクタショベル,,,,,,
,,,,4,37,1,,,,,រ ឡូ ូ កិនែី,,,,,"ត្រាក់ទ័រឈូសែីត្របគេទគត្របើកង(់ វលិ
កង់ទងំ បួន(4WD))",,,,ほいるろーだ,,,,,,,ホイルローダ,,,,,,
,,,,5,37,1,,,,,ត្រាក់ទ័រែឹកែី,,,,,,,,,だんぷとらっく,,,,,,,ダンプトラック,,,,,,
,,,,6,37,1,,,,,"គត្រេឿងចត្រកកាយែីអុីត្រែូ
លិក",,,,,"ម៉ា សុីនដែលបំពាក់ ដប៉ាលអាចគ្វើ
ការងារបានគត្រចើនដបបយ៉ា ងគោយ
ត្រាន់ ដរបត រូជំនួសឧបករណ៏ការងារ
(attachment)",,,,ゆあつしょべる,,,,,,,油圧ショベル,,,,,,
,,,,7,37,1,,,,,ត្រាក់ទរកា័ យែី(គអសស្កា ),,,,,"េឺជាគត្រេឿងចត្រកដែលទូគៅបំផុរគៅ
កន ុងចំគោមគត្រេឿងចត្រកកាយែីអុីត្រែូ
លិក គេដរងគ ើញញឹកញាប ់ គត្របើសំ
រាប់ជីកគៅខាងគត្រកាមែី",,,,ばっくほう,,,,,,,バックホウ,,,,,,
,,,,8,37,1,,,,,គត្រេឿងចត្រកចូកែី,,,,,"េឺជាគត្រេឿងចត្រកកាយែីអុីត្រែលូ ិក
ម៉ាាងដែលគេគត្របើសំរាប់យកខ្សាច ់
និងត្រេួសថ្មពីគលើែីគៅផទកុ ោក់",,,,ろーでぃんぐしょべる,,,,,,,ローディングショベル,,,,,,
,,,,9,37,1,,,,,រ ឡូ ូ កិន,,,,,,,,,ろーら,,,,,,,ローラ,,,,,,
,,,,10,38,1,,,,,ដប៉ាលចូក,,,,,,,,,ばけっと,,,,,,,バケット,,,,,,
,,,,11,38,1,,,,,ែងសនទ ចូ,,,,,,,,,ぶーむ,,,,,,,ブーム,,,,,,
,,,,12,38,1,,,,,ដែគលើក,,,,,,,,,あーむ,,,,,,,アーム,,,,,,
,,,,13,38,1,,,,,ដប៉ាលរុញ(ដប៉ាលរុញែ)ី,,,,,,,,,ぶれーど（はいどばん）,,,,,,,ブレード（排土板）,,,,,,
,,,,14,38,1,,,,,សំបកកង់,,,,,,,,,たいや,,,,,,,タイヤ,,,,,,
,,,,15,38,1,,,,,ត្រចវាក់,,,,,,,,,くろーら,,,,,,,クローラ,,,,,,
,,,គស្កឡាន,16,38,1,,,,,គស្ក,,,,,,,,,きー（かぎ）,,,,,,,キー（鍵）,,,,"くるま かぎ
車の鍵",,
,,,,17,38,1,,,,,"ឧបករណ៏ការងារ
(attachment)",,,,,,,,,"さぎょうそうち
（あたっちめんと）",,,,,,,"作業装置
（アタッチメント）",,,,,,
,,,បគ្ឆេះម៉ា សុីន ពនលរ់ម៉ា សុីន,18,38,1,,,,,ម៉ា សុីន,,,,,,,,,えんじん,,,,,,,エンジン,,,,"き
エンジンをかける、エンジンを切る",,
,,,,19,39,1,,,,,ម៉ា សុីនគត្របើម៉ា សូ រ,,,,,,,,,でぃーぜるえんじん,,,,,,,ディーゼルエンジン,,,,,,
,,,,20,39,1,,,,,គត្របងម៉ា សុីន,,,,,,,,,えんじんおいる,,,,,,,エンジンオイル,,,,,,
,,,,21,39,1,,,,,ម៉ា សុីនស្កកថ្ម,,,,,,,,,"おるたねーた
（じゅうでんはつでんき）",,,,,,,"オルタネータ
（充電発電機）",,,,,,
,,,,22,39,1,,,,,អាេុយ,,,,,,,,,ばってり,,,,,,,バッテリ,,,,,,
,,,,23,39,1,,,,,គត្របងឥណឌន:,,,,,,,,,ねんりょう,,,,,,,燃料,,,,,,
,,,,24,39,1,,,,,គត្របងត្រស្កល(ម៉ា សូ រ),,,,,,,,,けいゆ,,,,,,,軽油,,,,,,
,,,ជាន់ត្រ្វ ំង,25,39,1,,,,,ត្រ្វ ំង,,,,,,,,,ぶれーき,,,,,,,ブレーキ,,,,"ふ
ブレーキを踏む",,
,,,,1,40,1,,,,,ស ៊ីឡាំងអ ៊ីដ្រលូ ិក,,,,,,,,,ゆあつしりんだ,,,,,,,油圧シリンダ,,,,,,
,,,,2,40,1,,,,,ម៉ូ ទ័រអ ៊ីដ្រលូ ិក,,,,,,,,,ゆあつもーた,,,,,,,油圧モータ,,,,,,
,,,,3,40,1,,,,,សនប់ប៉ូមអ ៊ីដ្រលូ ិក,,,,,,,,,ゆあつぽんぷ,,,,,,,油圧ポンプ,,,,,,
,,,,4,40,1,,,,,លលចធ្លា យទឹក,,,,,,,,,みずもれ,,,,,,,水漏れ,,,,,,
,,,,5,40,1,,,,,លលចធ្លា យលដ្បង,,,,,,,,,あぶらもれ,,,,,,,油漏れ,,,,,,
,,,,6,40,1,,,,,"ទឹកដាក់ឱ្យដ្រជាក់
(ម ស ៊ីន)",,,,,,,,,れいきゃくすい,,,,,,,冷却水,,,,,,
,,,,7,40,1,,,,,លដ្បងដ្្រ ាំង,,,,,,,,,ぶれーきえき,,,,,,,ブレーキ液,,,,,,
,,,,8,40,1,,,,,ធ ងឥនធនៈ,,,,,,,,,ねんりょうたんく,,,,,,,燃料タンク,,,,,,
,,,,9,40,1,,,,,ខ្សែពានកង្ហា រ,,,,,,,,,ふぁんべると,,,,,,,ファンベルト,,,,,,
,,,,10,40,1,,,,,សមា ធសយល់,,,,,,,,,くうきあつ,,,,,,,空気圧,,,,,,
,,,,11,40,1,,,,,អាំដ្ាយ,,,,,,,,,くらっち,,,,,,,クラッチ,,,,,,
,,,,12,40,1,,,,,ចាប់ល្តើមលលឿន,,,,,,,,,きゅうはっしん,,,,,,,急発進,,,,,,
,,,,13,40,1,,,,,ចាប់ដ្្រ ាំងបន្ទា ន់,,,,,,,,,きゅうぶれーき,,,,,,,急ブレーキ,,,,,,
,,,"លៅលេលប្ឈប់ម ស ៊ីនដ្រវូ ឈប់លៅ
លដ្ោយលេលានបល្ឆេះលចាលល ើយ",14,41,1,,,,,បល្ឆេះលចាល,,,,,,,,,あいどりんぐ,,,,,,,アイドリング,,,,"て い し
エンジンを停止するときはアイドリング
と
したあとに止める",,
,,,,15,41,1,,,,,លបើកបរ,,,,,,,,,そうこう,,,,,,,走行,,,,,,
,,,,16,41,1,,,,,បរ់,,,,,,,,,せんかい,,,,,,,旋回,,,,,,
,,,,17,41,1,,,,,លោស វរថិភាេ,,,,,,,,,あんぜんろっく,,,,,,,安全ロック,,,,,,
,,,,18,41,1,,,,,សសរស វរថិភាេ,,,,,,,,,あんぜんしちゅう,,,,,,,安全支柱,,,,,,
,,,"មិនអាចចាក់ឥនធនៈដាក់បខ្នថម
ានល ើយលៅលេលម ស ៊ីនកាំេ ង
បល្ឆេះ",19,41,1,,,,,(ោរ)បខ្នថម,,,,,,,,,ほきゅう（する）,,,,,,,補給（する）,,,,"ねんりょう ほきゅう
エンジンをかけたまま燃料を補給して
はいけない",,
,,,,20,41,1,,,,,(ោរ)ចររថយនត,,,,,,,,,ちゅうしゃ（する）,,,,,,,駐車（する）,,,,,,
,,,,21,41,1,,,,,អនកលថមើរល ើង,,,,,,,,,ほこうしゃ,,,,,,,歩行者,,,,,,
,,,,22,41,1,,,,,រថយនត,,,,,,,,,しゃりょう,,,,,,,車両,,,,,,
,,,,23,41,1,,,,,ដ្ ងុ លមើលមិនល ើញ,,,,,កខ្នាងលមើលមិនល ើញ,,,,しかく,,,,,,,死角,,,,,,
,,,ល ើង ដ្មលភ្នាំ,24,41,1,,,,,ដ្មល,,,,,,,,,しゃめん,,,,,,,斜面,,,,"やま の しゃめん のぼ
山の斜面を上る",,
,,,លធរើោរង្ហររលមៀលលដាយរ ៉ូ ូ,25,41,1,,,,,(ោរ)រលមៀល,,,,,,,,,てんあつ（する）,,,,,,,転圧（する）,,,,"てんあつさぎょう
ローラで転圧作業をする",,
,,,"រង្របួសដោយប ៉ះទង្គិចជាមួយ
ម ស ៊ីនធន់ធងន់",1,42,1,,(ការ)ប ៉ះទង្គិច,,,,,,,,,,,,せっしょく（する）,,,,,接触（する）,,,,,,"じゅうき せっしょく
重機に接触してけがをする",,
,,,សំដេង្ដោទិ៍អគ្គិភ័យដំដ ើរការ,2,42,1,,(ការ)ដំដ ើរការ,,,,,,,,,,,,さどう（する）,,,,,作動（する）,,,,,,"か さ い ほ う ち き さ ど う
火災報知器が作動する",,
,,,ដរៀបចំ ថែសំរលួ រែយនត,3,42,1,,(ការ)ដរៀបចំ ថែសំរលួ,,,,,,,,,,,,せいび（する）,,,,,整備（する）,,,,,,"しゃりょう せ い び
車両の整備をする",,
,,,"ត្រួរពិនិរយឧបករ ៏ម នចាប់ដ្តើ
មការងារ",4,42,1,,(ការ)ត្រួរពិនិរយ,,,,,,,,,,,,てんけん（する）,,,,,点検（する）,,,,,,"さぎょうまえ こ う ぐ てんけん
作業前に工具を点検する",,
,,,បត រូកថនែង្ម ស ៊ីន,5,42,1,,បត រូកថនែង្,,,,,,,,,,,,うごかす,,,,,動かす,,,,,,"き か い うご
機械を動かす",,
,,,ដបើកបរម ស ៊ីនសំ ង្់,6,42,1,,(ការ)ដបើកបរ,,,,,,,,,,,,うんてん（する）,,,,,運転（する）,,,,,,"けんせつき か い うんてん
建設機械を運転する",,
,,,វាស់ត្បថែង្សរសសថដក,7,42,1,,វាស់,,,,,,,,,,,,はかる,,,,,測る,,,,,,"てっきん なが はか
鉄筋の長さを測る",,
,,,ត្បរិបរតិការម ស ៊ីន,8,42,1,,(ការ)ត្បរិបរតិការ,,,,,,,,,,,,そうさ（する）,,,,,操作（する）,,,,,,"き か い そ う さ
機械を操作する",,
,,,,9,42,1,,(ការ)ឈប់,,,,,,,,,,,,ていし（する）,,,,,停止（する）,,,,,,,,
,,,ពនែរ់ម ស ៊ីន ការ់ ថដក,10,42,1,,ការ់ ឬ ​ ពនែរ់,,,,,,,,,,,,きる,,,,,切る,,,,,,"き てっきん き
エンジンを切る、鉄筋を切る",,
,,,,11,42,1,,បង្វិល,,,,,,,,,,,,まわす,,,,,回す,,,,,,,,
,,,,12,42,1,,រ ញ,,,,,,,,,,,,おす,,,,,押す,,,,,,,,
,,,,13,42,1,,ត្បមូល,,,,,,,,,,,,あつめる,,,,,集める,,,,,,,,
,,,,14,42,1,,ស្ទា ប,,,,,,,,,,,,さわる,,,,,触る,,,,,,,,
,,,,15,42,1,,ចង្ជាប់,,,,,,,,,,,,しばる,,,,,縛る,,,,,,,,
,,,រត្មមឹ ត្បថែង្សរសសថដក,16,42,1,,រត្មមឹ,,,,,,,,,,,,そろえる,,,,,揃える,,,,,,"てっきん なが そろ
鉄筋の長さを揃える",,
,,,ដរៀបចំចង្ែរថ ុធារ ដដើមដោយថសែ,17,42,1,,ចង្,,,,,,,,,,,,むすぶ,,,,,結ぶ,,,,,,"ざいりょう むす
材料をまとめてひもで結ぶ",,
,,,,18,42,1,,អង្គ ុយ(ដចាង្ដោង្),,,,,,,,,,,,しゃがむ,,,,,しゃがむ,,,,,,,,
,,,,19,42,1,,(ការ)ថកសំរលួ,,,,,,,,,,,,ちょうせい（する）,,,,,調整（する）,,,,,,,,
,,,,20,42,1,,បិទ,,,,,,,,,,,,とじる,,,,,閉じる,,,,,,,,
,,,,1,43,1,,យកចេញ,,,,,,,,,,,,とりだす,,,,,取り出す,,,,,,,,
,,,"ទុកដាក់ឧបករណ៏ ដែលបានច្បើចៅ
កដនែងចែើមវញិ",2,43,1,,ដាក់ចៅវញិ,,,,,,,,,,,,もどす,,,,,戻す,,,,,,"つか こ う ぐ もと ば し ょ もど
使った工具は元の場所に戻す",,
,,,,3,43,1,,ច្វើចោយច ើយ,,,,,,,,,,,,しあげる,,,,,仕上げる,,,,,,,,
,,,បាក់ ដែកចោល,4,43,1,,បាក់,,,,,,,,,,,,おれる,,,,,折れる,,,,,,"くぎ お
釘が折れる",,
,,,ដែបដលែរណា,5,43,1,,ដែប,,,,,,,,,,,,かける,,,,,欠ける,,,,,,"まる は か
丸のこの刃が欠ける",,
,,,"កុុំចៅជិតម៉ា សុ៊ីន្ុន្ងន់កុំពុង
ែុំចណើរការងារ",6,43,1,,ចៅជិត,,,,,,,,,,,,ちかづく,,,,,近づく,,,,,,"さぎょうちゅう じゅうき ちか
作業中の重機に近づかない",,
,,,,7,43,1,,ចបើកថាមពលច្ែើង,,,,,,,,,,,,でんげんをいれる,,,,,電源を入れる,,,,,,,,
,,,,8,43,1,,បិទថាមពលច្ែើង,,,,,,,,,,,,でんげんをおとす,,,,,電源を落とす,,,,,,,,
,,,,9,43,1,,បិទកុងតាក់,,,,,,,,,,,,すいっちをきる,,,,,スイッチを切る,,,,,,,,
,,,,10,43,1,,(ការ)េងភ្ជា ប់,,,,,,,,,,,,こてい（する）,,,,,固定（する）,,,,,,,,
,,,បនធ រូប៊ូ ឡុ ង,11,43,1,,បនធ រូ,,,,,,,,,,,,ゆるめる,,,,,ゆるめる,,,,,,ボルトをゆるめる,,
,,,,12,43,1,,ពនល តូ,,,,,,,,,,,,のばす,,,,,伸ばす,,,,,,,,
,,,ចដាោះគ្មប់សុវតថិភ្ជព,13,43,1,,ចដាោះ,,,,,,,,,,,,はずす,,,,,外す,,,,,,"あんぜん はず
安全カバーを外す",,
,,,,14,43,1,,ពត់,,,,,,,,,,,,まげる,,,,,曲げる,,,,,,,,
,,,ពត់សសសដែក,15,43,1,,បចចេញ,,,,,,,,,,,,だす,,,,,出す,,,,,,"てっきん ま
鉄筋を曲げる",,
,,,,16,43,1,,សមងតួ,,,,,,,,,,,,かわかす,,,,,乾かす,,,,,,,,
,,,,17,43,1,,រាប់,,,,,,,,,,,,かぞえる,,,,,数える,,,,,,,,
,,,,18,43,1,,ចលើក,,,,,,,,,,,,はこぶ,,,,,運ぶ,,,,,,,,
,,,លទកុ វតថ ុធាតុចែើមកុុំចោយែួលរលុំ,19,43,1,,លទកុ,,,,,,,,,,,,つむ,,,,,積む,,,,,,"ざいりょう つ
材料をくずれないように積む",,
,,,ដាក់ឥវ៉ាន់េុោះព៊ីឡានែឹកទុំនិញ,20,43,1,,ដាក់េុោះ,,,,,,,,,,,,おろす,,,,,下ろす,,,,,,"に だ い に も つ お
トラックの荷台から荷物を下ろす",,
,,,,21,43,1,,ឃ្លែ តចេញ,,,,,,,,,,,,はなれる,,,,,離れる,,,,,,,,
,,,,1,44,1,,,,ទីតាំង,,,,,,,,,,いち,,,,,,,位置,,,,,,
,,,,2,44,1,,,,ខ្នា ត,,,,,,,,,,すんぽう,,,,,,,寸法,,,,,,
,,,,3,44,1,,,,(ការ)វាស់ វែង,,,,,,,,,,そくてい（する）,,,,,,,測定（する）,,,,,,
,,,,4,44,1,,,,(ការ)វាស់,,,,,,,,,,けいそく（する）,,,,,,,計測（する）,,,,,,
,,,,5,44,1,,,,នាឡិកាវាស់សទង់,,,,,,,,,,けいそくき,,,,,,,計測器,,,,,,
,,,,6,44,1,,,,សីតុណ្ហភាព,,,,,,,,,,おんど,,,,,,,温度,,,,,,
,,,,7,44,1,,,,កាំពស់,,,,,,,,,,たかさ,,,,,,,高さ,,,,,,
,,,,8,44,1,,,,ប្រវែង,,,,,,,,,,ながさ,,,,,,,長さ,,,,,,
,,,,9,44,1,,,,ទម្ងន់,,,,,,,,,,おもさ,,,,,,,重さ,,,,,,
,,,,10,44,1,,,,កប្ាស,,,,,,,,,,あつさ,,,,,,,厚さ,,,,,,
,,,,11,44,1,,,,ភាពរងឹ,,,,,,,,,,かたさ,,,,,,,硬さ,,,,,,
,,,,12,44,1,,,,ជម្ប្ៅ,,,,,,,,,,ふかさ,,,,,,,深さ,,,,,,
,,,,13,44,1,,,,ផ្ទទខ្នងម្ុខ,,,,,,,,,,ひょうめん,,,,,,,表面,,,,,,
,,,,14,44,1,,,,ចម្នាល ោះ,,,,,,,,,,すきま,,,,,,,すきま,,,,,,
,,,,15,44,1,,,,កណ្តា ល,,,,,,,,,,ちゅうしん,,,,,,,中心,,,,,,
,,,,16,45,1,,,,តផ្ម្ល,,,,,,,,,,あたい,,,,,,,値,,,,,,
,,,,17,45,1,,,,(ការាន)ម្សេរភាព,,,,,,,,,,あんてい（する）,,,,,,,安定（する）,,,,,,
,,,,18,45,1,,,,ទាំហាំ,,,,,,,,,,おおきさ,,,,,,,大きさ,,,,,,
,,,,19,45,1,,,,ចាំនួន,,,,,,,,,,かず,,,,,,,数,,,,,,
,,,,20,45,1,,,,ភាពខុសគ្នា,,,,,,,,,,ごさ,,,,,,,誤差,,,,,,
,,,,21,45,1,,,,កន ុង,,,,,,,,,,なか,,,,,,,中,,,,,,
,,,,22,45,1,,,,ទទយុ,,,,,,,,,,はんたい,,,,,,,反対,,,,,,
,,,,23,45,1,,,,ជុាំែញិ,,,,,,,,,,まわり,,,,,,,周り,,,,,,
,,,,24,45,1,,,,ខ្នា ត សាគុ,,,,,,1សាគ≒ុ 30.3㎝,,,,しゃく,,,,,,,尺,,,,,,
,,,,25,45,1,,,,ម្ខៀែ,,,,,,,,,,あお,,,,,,,青,,,,,,
,,,,26,45,1,,,,ប្កហម្,,,,,,,,,,あか,,,,,,,赤,,,,,,
,,,,27,45,1,,,,ស,,,,,,,,,,しろ,,,,,,,白,,,,,,
,,,,28,45,1,,,,ម្លឿង,,,,,,,,,,きいろ,,,,,,,黄色,,,,,,
