ファイル名,ページ,番号,日本語,翻訳
タイ語_pdfplumber_抽出_最終版.csv,1,1.0,技能実習,การฝึกงานดา้ นเทคนคิ
タイ語_pdfplumber_抽出_最終版.csv,1,2.0,技能実習生,ผฝู้ ึกงานดา้ นเทคนคิ
タイ語_pdfplumber_抽出_最終版.csv,1,3.0,工場,โรงงาน
タイ語_pdfplumber_抽出_最終版.csv,1,4.0,製造,ผลติ
タイ語_pdfplumber_抽出_最終版.csv,1,5.0,機械,เครอื่ งจักร
タイ語_pdfplumber_抽出_最終版.csv,1,6.0,安全,ปลอดภัย
タイ語_pdfplumber_抽出_最終版.csv,1,7.0,危険（な）,อนั ตราย (ทอี่ นั ตราย)
タイ語_pdfplumber_抽出_最終版.csv,1,8.0,危ない,อนั ตราย
タイ語_pdfplumber_抽出_最終版.csv,1,9.0,清掃,สะอาด
タイ語_pdfplumber_抽出_最終版.csv,7,4.0,清掃,สะอาด
タイ語_pdfplumber_抽出_最終版.csv,1,10.0,非常口,ทางออกฉุกเฉนิ
タイ語_pdfplumber_抽出_最終版.csv,1,11.0,注意,ระวัง
タイ語_pdfplumber_抽出_最終版.csv,1,12.0,火事,ไฟไหม้
タイ語_pdfplumber_抽出_最終版.csv,1,13.0,事故,อบุ ัตเิ หตุ
タイ語_pdfplumber_抽出_最終版.csv,1,14.0,服装,เครอื่ งแตง่ กาย
タイ語_pdfplumber_抽出_最終版.csv,1,15.0,安全装置,อปุ กรณ์ความปลอดภัย
タイ語_pdfplumber_抽出_最終版.csv,2,1.0,安全カバー,ฝาครอบป้องกนั
タイ語_pdfplumber_抽出_最終版.csv,26,1.0,安全カバー,ฝาครอบป้องกัน
タイ語_pdfplumber_抽出_最終版.csv,2,2.0,けが,บาดเจ็บ
タイ語_pdfplumber_抽出_最終版.csv,2,3.0,けがをする,ไดร้ ับบาดเจ็บ
タイ語_pdfplumber_抽出_最終版.csv,2,4.0,電源,แหลง่ จา่ ยไฟฟ้า
タイ語_pdfplumber_抽出_最終版.csv,2,5.0,電源を切る,ตัดไฟ
タイ語_pdfplumber_抽出_最終版.csv,2,6.0,非常停止ボタン,ป่มุ หยดุ ฉุกเฉนิ
タイ語_pdfplumber_抽出_最終版.csv,2,7.0,非常停止ボタンを押す,กดป่มุ หยดุ ฉุกเฉนิ
タイ語_pdfplumber_抽出_最終版.csv,2,8.0,ルール,กฎระเบยี บ
タイ語_pdfplumber_抽出_最終版.csv,2,9.0,ルールを守る,เคารพกฎระเบยี บ
タイ語_pdfplumber_抽出_最終版.csv,2,10.0,止める,หยดุ
タイ語_pdfplumber_抽出_最終版.csv,2,11.0,機械を止める,หยดุ เครอื่ งจักร
タイ語_pdfplumber_抽出_最終版.csv,2,12.0,やって,ท าสิ
タイ語_pdfplumber_抽出_最終版.csv,2,13.0,止めて,หยดุ สิ
タイ語_pdfplumber_抽出_最終版.csv,2,14.0,取って,หยบิ สิ
タイ語_pdfplumber_抽出_最終版.csv,2,15.0,だめ（な）,ไมไ่ ด ้(ทไี่ มไ่ ด)้
タイ語_pdfplumber_抽出_最終版.csv,3,1.0,監理団体,องคก์ รทกี่ ำกบั ดแู ล
タイ語_pdfplumber_抽出_最終版.csv,3,2.0,技術移転,กำรถำ่ ยทอดเทคนคิ
タイ語_pdfplumber_抽出_最終版.csv,3,3.0,技能実習期間,ระยะเวลำกำรฝึกงำนดำ้ น เทคนคิ
タイ語_pdfplumber_抽出_最終版.csv,3,4.0,職種,ประเภทอำชพี
タイ語_pdfplumber_抽出_最終版.csv,3,5.0,在留資格,สถำนภำพกำรพ ำนัก
タイ語_pdfplumber_抽出_最終版.csv,3,6.0,パスポート,หนังสอื เดนิ ทำง
タイ語_pdfplumber_抽出_最終版.csv,3,7.0,在留カード,บัตรสถำนภำพกำรพ ำนัก
タイ語_pdfplumber_抽出_最終版.csv,3,8.0,入管,ตม.
タイ語_pdfplumber_抽出_最終版.csv,3,9.0,在留期間,ระยะเวลำกำรพ ำนัก
タイ語_pdfplumber_抽出_最終版.csv,3,10.0,雇用契約,สญั ญำจำ้ งงำน
タイ語_pdfplumber_抽出_最終版.csv,3,11.0,給与明細,สลปิ เงนิ เดอื น
タイ語_pdfplumber_抽出_最終版.csv,3,12.0,給料,เงนิ เดอื น
タイ語_pdfplumber_抽出_最終版.csv,3,13.0,残業手当,คำ่ ลว่ งเวลำ
タイ語_pdfplumber_抽出_最終版.csv,3,14.0,労働時間,เวลำท ำงำน
タイ語_pdfplumber_抽出_最終版.csv,4,1.0,控除（する）,การลดหยอ่ น (ลดหยอ่ น)
タイ語_pdfplumber_抽出_最終版.csv,4,2.0,ボーナス,โบนัส
タイ語_pdfplumber_抽出_最終版.csv,4,3.0,有休,ไดร้ ับคา่ จา้ ง
タイ語_pdfplumber_抽出_最終版.csv,4,4.0,代休,หยดุ ชดเชย
タイ語_pdfplumber_抽出_最終版.csv,4,5.0,労働基準法,กฎหมายมาตรฐาน แรงงาน
タイ語_pdfplumber_抽出_最終版.csv,4,6.0,労働条件,เงอื่ นไขแรงงาน
タイ語_pdfplumber_抽出_最終版.csv,4,7.0,税金,ภาษี
タイ語_pdfplumber_抽出_最終版.csv,4,8.0,所得税,ภาษีเงนิ ได้
タイ語_pdfplumber_抽出_最終版.csv,4,9.0,住民税,ภาษีบ ารงุ ทอ้ งที่
タイ語_pdfplumber_抽出_最終版.csv,4,10.0,厚生年金,กองทนุ สา รองเลยี้ งชพี
タイ語_pdfplumber_抽出_最終版.csv,4,11.0,雇用保険,ประกนั การจา้ งงาน
タイ語_pdfplumber_抽出_最終版.csv,4,12.0,健康保険,
タイ語_pdfplumber_抽出_最終版.csv,5,13.0,社会保険,ประกนั สงั คม
タイ語_pdfplumber_抽出_最終版.csv,5,14.0,労災,อบุ ัตเิ หตแุ ละความ เสยี หายทเี่ กดิ ขนึ้ ระหวา่ งการท างาน
タイ語_pdfplumber_抽出_最終版.csv,5,15.0,労災保険,ประกนั อบุ ัตเิ หตแุ ละ ความเสยี หายทเี่ กดิ ขนึ้ ระหวา่ งการท างาน
タイ語_pdfplumber_抽出_最終版.csv,6,1.0,遅刻（する）,การมาสาย (มาสาย)
タイ語_pdfplumber_抽出_最終版.csv,6,2.0,早退（する）,การกลับกอ่ นเวลา (กลับ กอ่ นเวลา)
タイ語_pdfplumber_抽出_最終版.csv,6,3.0,休憩（する）,การพัก (พัก)
タイ語_pdfplumber_抽出_最終版.csv,6,4.0,残業（する）,การท างานลว่ งเวลา (ท างานลว่ งเวลา)
タイ語_pdfplumber_抽出_最終版.csv,6,5.0,定時,ตามเวลาทกี่ าหนด
タイ語_pdfplumber_抽出_最終版.csv,6,6.0,規則,กฎขอ้ บังคับ
タイ語_pdfplumber_抽出_最終版.csv,6,7.0,休日,วันหยดุ
タイ語_pdfplumber_抽出_最終版.csv,6,8.0,始業時間,เวลาเรมิ่ งาน
タイ語_pdfplumber_抽出_最終版.csv,6,9.0,終業時間,เวลาเลกิ งาน
タイ語_pdfplumber_抽出_最終版.csv,6,10.0,指導員,ผชู้ แี้ นะ
タイ語_pdfplumber_抽出_最終版.csv,6,11.0,生活指導員,ผชู้ แี้ นะในการด ารงชพี
タイ語_pdfplumber_抽出_最終版.csv,6,12.0,担当者,ผรู้ ับผดิ ชอบ
タイ語_pdfplumber_抽出_最終版.csv,6,13.0,スイッチ入れるな,อยา่ เปิดสวติ ช์
タイ語_pdfplumber_抽出_最終版.csv,6,14.0,スイッチ切るな,อยา่ ปิดสวติ ช์
タイ語_pdfplumber_抽出_最終版.csv,6,15.0,使用禁止,หา้ มใช้
タイ語_pdfplumber_抽出_最終版.csv,7,1.0,5S,5 ส
タイ語_pdfplumber_抽出_最終版.csv,7,2.0,整理,สะสาง
タイ語_pdfplumber_抽出_最終版.csv,7,3.0,整頓,สะดวก
タイ語_pdfplumber_抽出_最終版.csv,7,5.0,清潔,สขุ ลักษณะ
タイ語_pdfplumber_抽出_最終版.csv,7,6.0,しつけ,สรา้ งนสิ ยั
タイ語_pdfplumber_抽出_最終版.csv,7,7.0,掃除（する）,การท าความสะอาด (ท า ความสะอาด)
タイ語_pdfplumber_抽出_最終版.csv,8,8.0,片づける,จัดเกบ็ ใหเ้ขา้ ทเี่ ขา้ ทาง
タイ語_pdfplumber_抽出_最終版.csv,47,1.0,片づける,เก็บของเขา้ ที่
タイ語_pdfplumber_抽出_最終版.csv,8,9.0,捨てる,ทงิ้
タイ語_pdfplumber_抽出_最終版.csv,47,2.0,捨てる,ทงิ้
タイ語_pdfplumber_抽出_最終版.csv,8,10.0,汚い,สกปรก
タイ語_pdfplumber_抽出_最終版.csv,8,11.0,汚れる,เปรอะ
タイ語_pdfplumber_抽出_最終版.csv,8,12.0,分別（する）,การแบง่ แยกประเภท (แบง่ แยกประเภท)
タイ語_pdfplumber_抽出_最終版.csv,8,13.0,燃えないごみ,ขยะเผาไมไ่ ด้
タイ語_pdfplumber_抽出_最終版.csv,8,14.0,燃えるごみ,ขยะเผาได้
タイ語_pdfplumber_抽出_最終版.csv,8,15.0,挟まれる,ถกู หนีบ
タイ語_pdfplumber_抽出_最終版.csv,8,16.0,巻き込まれる,โดนเกยี่ ว
タイ語_pdfplumber_抽出_最終版.csv,8,17.0,やけど（する）,แผลไฟลวก (โดนไฟลวก)
タイ語_pdfplumber_抽出_最終版.csv,8,18.0,落ちる,ตก
タイ語_pdfplumber_抽出_最終版.csv,8,19.0,すべる,ลนื่
タイ語_pdfplumber_抽出_最終版.csv,9,20.0,転ぶ,หกลม้
タイ語_pdfplumber_抽出_最終版.csv,9,21.0,濡れる,เปียก
タイ語_pdfplumber_抽出_最終版.csv,9,22.0,衛生,อนามัย
タイ語_pdfplumber_抽出_最終版.csv,9,23.0,避難（する）,การอพยพหนีภัย (อพยพ หนีภัย)
タイ語_pdfplumber_抽出_最終版.csv,9,24.0,救急車,รถพยาบาล
タイ語_pdfplumber_抽出_最終版.csv,9,25.0,災害,ภัยพบิ ัติ
タイ語_pdfplumber_抽出_最終版.csv,9,26.0,地震,แผน่ ดนิ ไหว
タイ語_pdfplumber_抽出_最終版.csv,9,27.0,もぐる,มดุ
タイ語_pdfplumber_抽出_最終版.csv,10,1.0,火気厳禁,หา้ มใชไ้ ฟ
タイ語_pdfplumber_抽出_最終版.csv,18,3.0,火気厳禁,หา้ มจดุ ไฟ
タイ語_pdfplumber_抽出_最終版.csv,10,2.0,開放厳禁,หา้ มเปิดทงิ้ ไว้
タイ語_pdfplumber_抽出_最終版.csv,10,3.0,標識,เครอื่ งหมาย
タイ語_pdfplumber_抽出_最終版.csv,10,4.0,気をつける,ระมัดระวัง
タイ語_pdfplumber_抽出_最終版.csv,10,5.0,持ち込む,น าเขา้ ไป
タイ語_pdfplumber_抽出_最終版.csv,10,6.0,防ぐ,ป้องกนั
タイ語_pdfplumber_抽出_最終版.csv,10,7.0,火,ไฟ
タイ語_pdfplumber_抽出_最終版.csv,10,8.0,煙,ควัน
タイ語_pdfplumber_抽出_最終版.csv,10,9.0,消火,ดับเพลงิ
タイ語_pdfplumber_抽出_最終版.csv,10,10.0,消火器,ถังดับเพลงิ
タイ語_pdfplumber_抽出_最終版.csv,19,11.0,消火器,ถังดับเพลงิ
タイ語_pdfplumber_抽出_最終版.csv,10,11.0,非常ベル,กระดงิ่ เตอื นภัย
タイ語_pdfplumber_抽出_最終版.csv,10,12.0,火災報知機,เครอื่ งเตอื นอคั คภี ัย
タイ語_pdfplumber_抽出_最終版.csv,10,13.0,逃げる,หลบหนี
タイ語_pdfplumber_抽出_最終版.csv,10,14.0,現場,หนา้ งาน
タイ語_pdfplumber_抽出_最終版.csv,10,15.0,作業,งาน
タイ語_pdfplumber_抽出_最終版.csv,10,16.0,ミーティング,มตี ตงิ้
タイ語_pdfplumber_抽出_最終版.csv,10,17.0,研修（する）,การฝึกงาน (ฝึกงาน)
タイ語_pdfplumber_抽出_最終版.csv,10,18.0,実習（する）,การฝึกภาคปฏบิ ัต ิ(ฝึก ภาคปฏบิ ัต)ิ
タイ語_pdfplumber_抽出_最終版.csv,10,19.0,あいさつ,ทักทาย
タイ語_pdfplumber_抽出_最終版.csv,10,20.0,確認（する）,การตรวจสอบ (ตรวจสอบ)
タイ語_pdfplumber_抽出_最終版.csv,15,16.0,確認（する）,"การตรวจยนื ยนั (ตรวจ ยนื ยนั ), การตรวจสอบ (ตรวจสอบ)"
タイ語_pdfplumber_抽出_最終版.csv,11,21.0,報告（する）,การรายงาน (รายงาน)
タイ語_pdfplumber_抽出_最終版.csv,11,22.0,連絡（する）,การตดิ ตอ่ (ตดิ ตอ่ )
タイ語_pdfplumber_抽出_最終版.csv,11,23.0,相談（する）,การปรกึ ษา (ปรกึ ษา)
タイ語_pdfplumber_抽出_最終版.csv,11,24.0,渡す,ยนื่ ให้
タイ語_pdfplumber_抽出_最終版.csv,11,25.0,申請書,ใบค ารอ้ ง
タイ語_pdfplumber_抽出_最終版.csv,11,26.0,寝坊（する）,่ ่ การตนื สาย (ตนื สาย)
タイ語_pdfplumber_抽出_最終版.csv,12,1.0,技能,ทกั ษะทางเทคนิค
タイ語_pdfplumber_抽出_最終版.csv,12,2.0,技能検定試験,การสอบวดั ระดับทกั ษะ ทางเทคนคิ
タイ語_pdfplumber_抽出_最終版.csv,12,3.0,受検（する）,การเขา้ สอบ (เขา้ สอบ)
タイ語_pdfplumber_抽出_最終版.csv,12,4.0,資格,คณุ สมบัติ
タイ語_pdfplumber_抽出_最終版.csv,12,5.0,手当,"เบยี้ เลยี้ ง, เงนิ ชว่ ยเหลอื"
タイ語_pdfplumber_抽出_最終版.csv,12,6.0,社員,พนักงานบรษิ ัท
タイ語_pdfplumber_抽出_最終版.csv,12,7.0,部長,หัวหนา้ ฝ่าย
タイ語_pdfplumber_抽出_最終版.csv,12,8.0,課長,หัวหนา้ แผนก
タイ語_pdfplumber_抽出_最終版.csv,12,9.0,更衣室,หอ้ งเปลยี่ นเสอื้ ผา้
タイ語_pdfplumber_抽出_最終版.csv,12,10.0,台車,รถเข็น
タイ語_pdfplumber_抽出_最終版.csv,12,11.0,床,พนื้
タイ語_pdfplumber_抽出_最終版.csv,12,12.0,出口,ทางออก
タイ語_pdfplumber_抽出_最終版.csv,12,13.0,電気,ไฟฟ้า
タイ語_pdfplumber_抽出_最終版.csv,12,14.0,警報音,เสยี งสัญญานเตอื นภัย
タイ語_pdfplumber_抽出_最終版.csv,12,15.0,コンセント,"ปล๊กั ไฟ(ตัวเมยี ), เตา้ เสยี บ"
タイ語_pdfplumber_抽出_最終版.csv,12,16.0,作業場,สถานทปี่ ฏบิ ัตงิ าน
タイ語_pdfplumber_抽出_最終版.csv,12,17.0,作業台,โตะ๊ ท างานชา่ ง
タイ語_pdfplumber_抽出_最終版.csv,12,18.0,工事現場,สถานทกี่ อ่ สรา้ ง
タイ語_pdfplumber_抽出_最終版.csv,12,19.0,職長,หัวหนา้ งาน
タイ語_pdfplumber_抽出_最終版.csv,25,25.0,職長,หวั หนา้ งาน
タイ語_pdfplumber_抽出_最終版.csv,12,20.0,作業責任者,ผรู้ ับผดิ ชอบงาน
タイ語_pdfplumber_抽出_最終版.csv,13,1.0,禁止,หา้ ม
タイ語_pdfplumber_抽出_最終版.csv,13,2.0,表示板,ป้ายประกาศ
タイ語_pdfplumber_抽出_最終版.csv,13,3.0,禁止事項,ขอ้ หา้ ม
タイ語_pdfplumber_抽出_最終版.csv,13,4.0,避難訓練,การฝึกหลบภัยหรอื หนีภัย
タイ語_pdfplumber_抽出_最終版.csv,13,5.0,感電（する）,"ไฟฟ้าดดู (ถกู ไฟฟ้าดดู ), ไฟฟ้าช็อต (ถกู ไฟฟ้าช็อต)"
タイ語_pdfplumber_抽出_最終版.csv,13,6.0,防止（する）,การป้องกนั ไมใ่ หเ้กดิ (ป้องกนั ไมใ่ หเ้กดิ )
タイ語_pdfplumber_抽出_最終版.csv,13,7.0,予防（する）,การป้องกนั ลว่ งหนา้ (ป้องกนั ลว่ งหนา้ )
タイ語_pdfplumber_抽出_最終版.csv,13,8.0,転倒（する）,"ลม้ (ลม้ ), การหกลม้ (หก ลม้ )"
タイ語_pdfplumber_抽出_最終版.csv,13,9.0,挟まる,"คั่น, หนีบ, ตดิ อยู่"
タイ語_pdfplumber_抽出_最終版.csv,13,10.0,足元,ทเี่ ทา้
タイ語_pdfplumber_抽出_最終版.csv,13,11.0,不安定（な）,ไมม่ ั่นคง
タイ語_pdfplumber_抽出_最終版.csv,13,12.0,後片付け,ท าความสะอาดและเกบ็ เขา้ ที่
タイ語_pdfplumber_抽出_最終版.csv,13,13.0,救急箱,กลอ่ งปฐมพยาบาล
タイ語_pdfplumber_抽出_最終版.csv,13,14.0,絆創膏,"พลาสเตอรย์ า, เทป สา หรับปิดแผล"
タイ語_pdfplumber_抽出_最終版.csv,13,15.0,体調,สภาพรา่ งกาย
タイ語_pdfplumber_抽出_最終版.csv,14,16.0,血,เลอื ด
タイ語_pdfplumber_抽出_最終版.csv,14,17.0,熱中症,โรคลมแดด
タイ語_pdfplumber_抽出_最終版.csv,14,18.0,吐き気,คลนื่ ไส้
タイ語_pdfplumber_抽出_最終版.csv,14,19.0,嘔吐（する）,อาเจยี น (อาเจยี น)
タイ語_pdfplumber_抽出_最終版.csv,14,20.0,足がつる,มอี าการตะครวิ ทขี่ า
タイ語_pdfplumber_抽出_最終版.csv,14,21.0,気分が悪い,รสู้ กึ ไมส่ บาย
タイ語_pdfplumber_抽出_最終版.csv,14,22.0,寝不足,นอนไมพ่ อ
タイ語_pdfplumber_抽出_最終版.csv,14,23.0,安全ネット,เครอื ขา่ ยความปลอดภัย
タイ語_pdfplumber_抽出_最終版.csv,14,24.0,安全点検,การตรวจเช็คความ ปลอดภัย
タイ語_pdfplumber_抽出_最終版.csv,15,1.0,KY活動（危険予知活動）,กจิ กรรมKY (กจิ กรรมฝึก การคาดการณ์อนั ตราย ลว่ งหนา้ )
タイ語_pdfplumber_抽出_最終版.csv,15,2.0,危険,อนั ตราย
タイ語_pdfplumber_抽出_最終版.csv,15,3.0,ぶつかる,ชน
タイ語_pdfplumber_抽出_最終版.csv,15,4.0,当たる,"โดน, กระทบ"
タイ語_pdfplumber_抽出_最終版.csv,15,5.0,下敷きになる,โดนทับ
タイ語_pdfplumber_抽出_最終版.csv,15,6.0,打つ,"ต,ี ตอก, เคาะ"
タイ語_pdfplumber_抽出_最終版.csv,15,7.0,バランスを崩す,เสยี การทรงตัว
タイ語_pdfplumber_抽出_最終版.csv,15,8.0,倒れる,"ลม้ , ลม้ ป่วย"
タイ語_pdfplumber_抽出_最終版.csv,15,9.0,転落（する）,การพลัดตกลงมา (พลัด ตกลงมา)
タイ語_pdfplumber_抽出_最終版.csv,15,10.0,指差呼称,การท ามอื ชแี้ ละปากย ้า เพอื่ ความปลอดภัย
タイ語_pdfplumber_抽出_最終版.csv,15,11.0,ヒヤリハット,เหตกุ ารณ์เกอื บเกดิ อบุ ัตเิ หตุ
タイ語_pdfplumber_抽出_最終版.csv,15,12.0,原因,สาเหตุ
タイ語_pdfplumber_抽出_最終版.csv,15,13.0,対策,การรับมอื กบั ปัญหา
タイ語_pdfplumber_抽出_最終版.csv,15,14.0,落下（する）,"การหลน่ (หลน่ ), การตก ลงมา (การตกลงมา)"
タイ語_pdfplumber_抽出_最終版.csv,15,15.0,墜落（する）,"การตกลงมาจากทสี่ งู (ตก ลงมาจากทสี่ งู ), การตกดงิ่ (ตกดงิ่ )"
タイ語_pdfplumber_抽出_最終版.csv,16,1.0,作業着,ชดุ ทำ งำน
タイ語_pdfplumber_抽出_最終版.csv,16,2.0,作業服,ชดุ ใสป่ ฏบิ ตั งิ ำน
タイ語_pdfplumber_抽出_最終版.csv,16,3.0,作業靴,รองเทา้ ปฏบิ ัตงิ าน
タイ語_pdfplumber_抽出_最終版.csv,16,4.0,手袋,ถุงมอื
タイ語_pdfplumber_抽出_最終版.csv,16,5.0,帽子,หมวก
タイ語_pdfplumber_抽出_最終版.csv,16,6.0,保護帽（ヘルメット）,้ หมวกนิรภยั (หมวกเซฟต)ี
タイ語_pdfplumber_抽出_最終版.csv,32,7.0,保護帽（ヘルメット）,หมวกนริ ภัย (หมวกเซฟต)ี้
タイ語_pdfplumber_抽出_最終版.csv,16,7.0,保護具,อปุ กรณ์ป้องกัน
タイ語_pdfplumber_抽出_最終版.csv,16,8.0,あごひも,สายรัดคาง
タイ語_pdfplumber_抽出_最終版.csv,16,9.0,ボタン,กระดมุ
タイ語_pdfplumber_抽出_最終版.csv,16,10.0,ポケット,กระเป๋า
タイ語_pdfplumber_抽出_最終版.csv,16,11.0,保護メガネ,แวน่ ตำป้องกนั
タイ語_pdfplumber_抽出_最終版.csv,16,12.0,マスク,"หนา้ กาก, หนา้ กากอนามัย"
タイ語_pdfplumber_抽出_最終版.csv,16,13.0,耳栓,ทอี่ ดุ หู
タイ語_pdfplumber_抽出_最終版.csv,16,14.0,安全靴,รองเทำ้ นิรภยั
タイ語_pdfplumber_抽出_最終版.csv,16,15.0,墜落制止用器具（安全 帯）,่ อปุ กรณป์ ้องกนั กำรตกจำกที สงู (สำยรดั ตวั กนั ตก)
タイ語_pdfplumber_抽出_最終版.csv,17,16.0,業務,"งาน, ภาระหนา้ ที่"
タイ語_pdfplumber_抽出_最終版.csv,17,17.0,時間厳守,การตรงตอ่ เวลา
タイ語_pdfplumber_抽出_最終版.csv,17,18.0,予定,ก าหนดการ
タイ語_pdfplumber_抽出_最終版.csv,17,19.0,日付,วันที่
タイ語_pdfplumber_抽出_最終版.csv,17,20.0,準備（する）,(การ)เตรยี ม
タイ語_pdfplumber_抽出_最終版.csv,17,21.0,会議,การประชมุ
タイ語_pdfplumber_抽出_最終版.csv,17,22.0,朝礼,การประชมุ เชา้ กอ่ นเรมิ่ งาน
タイ語_pdfplumber_抽出_最終版.csv,17,23.0,報告書,หนังสอื รายงาน
タイ語_pdfplumber_抽出_最終版.csv,17,24.0,マニュアル,คมู่ อื
タイ語_pdfplumber_抽出_最終版.csv,17,25.0,作業手順書,คมู่ อื ขนั้ ตอนการปฏบิ ัตงิ าน
タイ語_pdfplumber_抽出_最終版.csv,17,26.0,調子,สภาพการท างานของ รา่ งกายหรอื เครอื่ งจักร
タイ語_pdfplumber_抽出_最終版.csv,18,1.0,立入禁止,หา้ มเขา้
タイ語_pdfplumber_抽出_最終版.csv,18,2.0,禁煙,หา้ มสบู บหุ รี่
タイ語_pdfplumber_抽出_最終版.csv,18,4.0,駐車禁止,หา้ มจอดรถ
タイ語_pdfplumber_抽出_最終版.csv,18,5.0,足もと注意,ระวงั สะดดุ
タイ語_pdfplumber_抽出_最終版.csv,18,6.0,開口部注意,ระวงั ชอ่ งเปิด
タイ語_pdfplumber_抽出_最終版.csv,18,7.0,感電注意,ระวงั อันตรายจากไฟฟ้า ช็อต
タイ語_pdfplumber_抽出_最終版.csv,18,8.0,堕落注意,ระวงั ตกจากทสี่ งู
タイ語_pdfplumber_抽出_最終版.csv,18,9.0,頭上注意,ระวงั ศรี ษะ
タイ語_pdfplumber_抽出_最終版.csv,18,10.0,警報設備,อปุ กรณ์สญั ญาณเตอื นภัย ป่มุ ขอความชว่ ยเหลอื
タイ語_pdfplumber_抽出_最終版.csv,19,12.0,AED設置場所,จดุ ตดิ ตัง้ เครอิ่ งกระตกุ หวั ใจอัตโนมัติ
タイ語_pdfplumber_抽出_最終版.csv,19,13.0,保護帽着用,สวมหมวกนริ ภัย
タイ語_pdfplumber_抽出_最終版.csv,19,14.0,安全帯使用,สวมสายรัดตัวนริ ภัยกันตก
タイ語_pdfplumber_抽出_最終版.csv,19,15.0,昇降階段,บันไดขนึ้ ลง
タイ語_pdfplumber_抽出_最終版.csv,21,15.0,昇降階段,บันไดขึ(cid:1144)นลงภายใน นั(cid:1143)งร้าน
タイ語_pdfplumber_抽出_最終版.csv,19,16.0,休憩所,หอ้ งนั่งพัก
タイ語_pdfplumber_抽出_最終版.csv,19,17.0,最大積載荷重,รับน ้าหนักไดส้ งู สดุ
タイ語_pdfplumber_抽出_最終版.csv,19,18.0,喫煙所,ทพี่ ักสบู บหุ รี่
タイ語_pdfplumber_抽出_最終版.csv,19,19.0,整理整頓,"สะสาง สะดวก, ซอ้ นใหถ้ กู ตอ้ งสะดวกใช้ ปลอดภัย"
タイ語_pdfplumber_抽出_最終版.csv,19,20.0,安全通路,ทางเดนิ ปลอดภัย
タイ語_pdfplumber_抽出_最終版.csv,20,1.0,三連クランプ,"ชุดข้อสือ 3 ห่วงติดกัน, ชุดแคลมป์ข้อเสือ 3 ห่วงติดกัน"
タイ語_pdfplumber_抽出_最終版.csv,20,2.0,ベルトコンベア （ベルコン）,สายพานลําเลียง
タイ語_pdfplumber_抽出_最終版.csv,20,3.0,かけや,"ค้อนไม้ขนาดใหญ, ่ ตะลุมพุก"
タイ語_pdfplumber_抽出_最終版.csv,48,4.0,かけや,คอ้ นหัวไม้
タイ語_pdfplumber_抽出_最終版.csv,20,4.0,ランマ,"เครื(cid:1143)องกระทุ้ง,ด ิน เครื(cid:1143)องตบดิน"
タイ語_pdfplumber_抽出_最終版.csv,20,5.0,自在クランプ,ข้อเสือเป็น (ข้อเสือที(cid:1143) สามารถหมุนไปมาได)้
タイ語_pdfplumber_抽出_最終版.csv,20,6.0,キャッチクランプ,"ชุดบีมแคลมป์กับข้อ เสือ, ชุดข้อเสือกับยูแค ลมป์ (ชุดแคลมป์ที(cid:1143)มี แคลมป์ยึดบีมและข้อ เสืออยู่คู่กัน)"
タイ語_pdfplumber_抽出_最終版.csv,20,7.0,吊り上げ用クランプ,"แคลมป์ยกเหล็ก, แค ลมป์ยก, แคลมป์จับยก เหล็ก"
タイ語_pdfplumber_抽出_最終版.csv,20,8.0,直交クランプ,ข้อเสือตั(cid:1144)งฉาก
タイ語_pdfplumber_抽出_最終版.csv,20,9.0,フック,"ตะขอยก, ตะขอ"
タイ語_pdfplumber_抽出_最終版.csv,32,6.0,フック,"ดัดโคง้ , ดัดงอเป็นขอ"
タイ語_pdfplumber_抽出_最終版.csv,21,10.0,ストレートシャックル,สเก็นตัวย ู(อุปกรณ์ ห่วงโลหะที(cid:1143)ใช้สําหรับ คล้องยึดเข้ากับ อุปกรณ์ต่างๆ)
タイ語_pdfplumber_抽出_最終版.csv,21,11.0,滑車,รอก
タイ語_pdfplumber_抽出_最終版.csv,21,12.0,クレーン,"ปั(cid:1144)นจ, ั(cid:1143)เคนรน"
タイ語_pdfplumber_抽出_最終版.csv,21,13.0,移動式クレーン,ปั(cid:1144)นจั(cid:1143)นชนิดเคลือนท
タイ語_pdfplumber_抽出_最終版.csv,21,14.0,介しゃくロープ,เชือกพยุงกันส่าย (เชือกที(cid:1143)ห้อยอยู่กับ ของที(cid:1143)ยกด้วยปั(cid:1144))นจั
タイ語_pdfplumber_抽出_最終版.csv,21,16.0,筋かい止めピン,"เดือยล็อคกากบาท, สลักล็อคกากบาท, เดือยล็อคท่อคํ(cid:1144)ายัน นั(cid:1143)งร้าน"
タイ語_pdfplumber_抽出_最終版.csv,21,17.0,脚柱ジョイント,ข้อต่อเสานั(cid:1143)งร้าน
タイ語_pdfplumber_抽出_最終版.csv,21,18.0,連結ピン,ข้อต่อ
タイ語_pdfplumber_抽出_最終版.csv,21,19.0,ジョイント金具,อุปกรณ์ข้อต่อ
タイ語_pdfplumber_抽出_最終版.csv,21,20.0,レバーブロック,รอกโยก
タイ語_pdfplumber_抽出_最終版.csv,22,21.0,電動のこ（丸のこ）,เลื(cid:1143)อยไฟฟ (้เาลื(cid:1143)อยวง เดือน)
タイ語_pdfplumber_抽出_最終版.csv,22,22.0,モンキースパナ,ประแจเลื(cid:1143)อน
タイ語_pdfplumber_抽出_最終版.csv,22,23.0,親綱支柱,เสายึดเชือกป้องกัน การตก (เชือกสําหรับ เกี(cid:1143)ยวตะขอสายรัดตัว กันตก)
タイ語_pdfplumber_抽出_最終版.csv,22,24.0,ブラケット,นั(cid:1143)งร้านท้าวแขน
タイ語_pdfplumber_抽出_最終版.csv,22,25.0,梯子,"บันไดพาด, บันไดพับ"
タイ語_pdfplumber_抽出_最終版.csv,23,1.0,親綱,เชอื กป้องกันการตก (เชอื กสา หรับเกยี่ วตะขอ สายรัดตัวกันตก)
タイ語_pdfplumber_抽出_最終版.csv,23,2.0,建枠（ビティ）,ขาตัง้ นั่งรา้ น
タイ語_pdfplumber_抽出_最終版.csv,23,3.0,メッシュシート,ตาขา่ ยกันฝ่นุ
タイ語_pdfplumber_抽出_最終版.csv,23,4.0,防音パネル,แผงกันเสยี ง
タイ語_pdfplumber_抽出_最終版.csv,23,5.0,朝顔材,ตาขา่ ยนริ ภัย
タイ語_pdfplumber_抽出_最終版.csv,23,6.0,架空線,สายไฟบนเสาไฟฟ้า
タイ語_pdfplumber_抽出_最終版.csv,23,7.0,幅木（仮設足場）,ขอบกันตกนั่งรา้ น (นั่งรา้ น ชั่วคราว)
タイ語_pdfplumber_抽出_最終版.csv,23,8.0,単管,ทอ่ เหล็ก
タイ語_pdfplumber_抽出_最終版.csv,23,9.0,脚立,"บันไดพาด, บันไดพับ"
タイ語_pdfplumber_抽出_最終版.csv,23,10.0,作業半径,รัศมกี ารท างาน
タイ語_pdfplumber_抽出_最終版.csv,24,11.0,仮ボルト,น็อตไวช้ ั่วคราว
タイ語_pdfplumber_抽出_最終版.csv,24,12.0,手直し,แกไ้ ข
タイ語_pdfplumber_抽出_最終版.csv,24,13.0,面一,ท าใหว้ สั ดสุ องชนดิ เรยี บ เสมอกัน
タイ語_pdfplumber_抽出_最終版.csv,24,14.0,点検事項,รายการตรวจเช็ค
タイ語_pdfplumber_抽出_最終版.csv,24,15.0,積載荷重,น ้าหนักบรรทกุ
タイ語_pdfplumber_抽出_最終版.csv,24,16.0,すき間,ชอ่ งวา่ ง
タイ語_pdfplumber_抽出_最終版.csv,24,17.0,通りを見る,"ตรวจยนื ยัน, ตรวจยนื ยันวา่ เป็นแนวตรง"
タイ語_pdfplumber_抽出_最終版.csv,24,18.0,組立,ประกอบ
タイ語_pdfplumber_抽出_最終版.csv,24,19.0,地組,ประกอบทพี่ นื้
タイ語_pdfplumber_抽出_最終版.csv,24,20.0,天端,ระดับบนสดุ
タイ語_pdfplumber_抽出_最終版.csv,25,21.0,玉掛け,การเกยี่ วเชอื กเขา้ กับและ ถอดเชอื กออกจากตะขอ ปั้นจนั่
タイ語_pdfplumber_抽出_最終版.csv,25,22.0,合図,การใหส้ ญั ญาน
タイ語_pdfplumber_抽出_最終版.csv,25,23.0,定格荷重,พกิ ัดน ้าหนัก
タイ語_pdfplumber_抽出_最終版.csv,25,24.0,たち,แนวตัง้ ของเสา
タイ語_pdfplumber_抽出_最終版.csv,26,2.0,安全帯,"สายรัดตัวนริ ภัย, ชดุ เซฟตี้ กันตก"
タイ語_pdfplumber_抽出_最終版.csv,26,3.0,インサート,"พกุ ฝังคอนกรตี , ปล๊ักฝัง คอนกรตี"
タイ語_pdfplumber_抽出_最終版.csv,26,4.0,スペーサ,ลกู ปนู
タイ語_pdfplumber_抽出_最終版.csv,26,5.0,鉄筋,"เหล็กเสรมิ , เหล็กเสรมิ แรง"
タイ語_pdfplumber_抽出_最終版.csv,26,6.0,電工ドラム（ドラム）,ลอ้ เก็บสายไฟ (โรล สายไฟ)
タイ語_pdfplumber_抽出_最終版.csv,26,7.0,電動丸のこ（電のこ）,เลอื่ ยวงเดอื นไฟฟ้า (เลอื่ ยไฟฟ้า)
タイ語_pdfplumber_抽出_最終版.csv,26,8.0,パッキン,วสั ดกุ ันซมึ รอยตอ่
タイ語_pdfplumber_抽出_最終版.csv,26,9.0,小バール,ชะแลงขนาดเล็ก
タイ語_pdfplumber_抽出_最終版.csv,26,10.0,大バール,ชะแลงขนาดใหญ่
タイ語_pdfplumber_抽出_最終版.csv,27,11.0,化粧合板,ไมอ้ ัดเคลอื บ
タイ語_pdfplumber_抽出_最終版.csv,27,12.0,普通合板,ไมอ้ ัดธรรมดา
タイ語_pdfplumber_抽出_最終版.csv,27,13.0,スタイロフォーム,โฟม
タイ語_pdfplumber_抽出_最終版.csv,27,14.0,面木,"สามเหลยี่ มลบมมุ , บัวไม้ สามเหลยี่ ม"
タイ語_pdfplumber_抽出_最終版.csv,27,15.0,バイブレーター,เครอื่ งสนั่ คอนกรตี
タイ語_pdfplumber_抽出_最終版.csv,27,16.0,剥離剤,น ้ายาถอดแบบ
タイ語_pdfplumber_抽出_最終版.csv,27,17.0,けこみ板,ไมบ้ ันไดลกู ตัง้
タイ語_pdfplumber_抽出_最終版.csv,27,18.0,目地棒,วสั ดกุ ัน้ ใหเ้กดิ แนวร่อง รอยตอ่
タイ語_pdfplumber_抽出_最終版.csv,27,19.0,コンクリート,คอนกรตี
タイ語_pdfplumber_抽出_最終版.csv,27,20.0,コンベックス,ตลับเมตร
タイ語_pdfplumber_抽出_最終版.csv,28,21.0,作業用手袋,ถงุ มอื สา หรับใชป้ ฏบิ ัตงิ าน
タイ語_pdfplumber_抽出_最終版.csv,28,22.0,差金,ฉากเหล็ก
タイ語_pdfplumber_抽出_最終版.csv,28,23.0,水平器,"ระดับน ้า, เครอื่ งวดั ระดับ"
タイ語_pdfplumber_抽出_最終版.csv,28,24.0,墨さし,ปากกาสา หรับใชต้ เี สน้
タイ語_pdfplumber_抽出_最終版.csv,28,25.0,墨つぼ,บักเตา้ ตเี สน้
タイ語_pdfplumber_抽出_最終版.csv,29,1.0,丸セパレーター （丸セパ）,อปุ กรณ์ยดึ แบบระบบ ฟอรม์ ไท (ฟอรม์ ไท)
タイ語_pdfplumber_抽出_最終版.csv,29,2.0,天端釘,หมดุ ชว่ ยในการปรับระดับ สนั คอนกรตี ฐานราก
タイ語_pdfplumber_抽出_最終版.csv,29,3.0,ケレン,ท าความสะอาด
タイ語_pdfplumber_抽出_最終版.csv,29,4.0,型枠支保工,ค ้ายัน
タイ語_pdfplumber_抽出_最終版.csv,29,5.0,基礎型枠 （メタルフォーム）,แบบหลอ่ คอนกรตี ฐานราก (แบบเหล็ก)
タイ語_pdfplumber_抽出_最終版.csv,29,6.0,釘仕舞い,ถอนตะปอู อกและจัดเก็บ หลังจบงาน
タイ語_pdfplumber_抽出_最終版.csv,29,7.0,スラブ天端,ระดับบนสดุ ของพนื้
タイ語_pdfplumber_抽出_最終版.csv,29,8.0,高さ（タッパ）,ความสงู (สว่ นสงู )
タイ語_pdfplumber_抽出_最終版.csv,29,9.0,建込み,ประกอบวสั ดกุ อ่ สรา้ งใน แนวตัง้ ทตี่ าแหน่งตามที่ ก าหนดในแบบ
タイ語_pdfplumber_抽出_最終版.csv,29,10.0,通り,เป็นแนวเสน้ ตรง
タイ語_pdfplumber_抽出_最終版.csv,30,11.0,蹴上げ,ความสงู ของขัน้ บันได
タイ語_pdfplumber_抽出_最終版.csv,30,12.0,蹴込み,สว่ นทขี่ ัน้ บันไดเหลอื่ มกัน
タイ語_pdfplumber_抽出_最終版.csv,30,13.0,工具の手入れ,ดแู ลรักษาเครอื่ งมอื
タイ語_pdfplumber_抽出_最終版.csv,30,14.0,下げ振り,สายดงิ่
タイ語_pdfplumber_抽出_最終版.csv,30,15.0,地墨,ท าเครอื่ งหมายเพอื่ ก าหนดต าแหน่งกอ่ สรา้ ง บนพนื้ ฐานราก
タイ語_pdfplumber_抽出_最終版.csv,30,16.0,捨てコンクリート,"การเทลนี , การเทคอนกรตี เพอื่ ปรับผวิ หนา้ ดนิ"
タイ語_pdfplumber_抽出_最終版.csv,30,17.0,はね出し,สว่ นทยี่ นื่ ออกมา
タイ語_pdfplumber_抽出_最終版.csv,30,18.0,はらみ,เบง่ บวม
タイ語_pdfplumber_抽出_最終版.csv,30,19.0,前面,ดา้ นหนา้
タイ語_pdfplumber_抽出_最終版.csv,30,20.0,養生,บม่
タイ語_pdfplumber_抽出_最終版.csv,31,21.0,レベル,"ระดับ, เครอื่ งวดั ระนาบ"
タイ語_pdfplumber_抽出_最終版.csv,31,22.0,割付,การแบง่ พนื้ ทบี่ นแบบ แปลนเพอื่ ก าหนดจดุ ตดิ ตัง้ อยา่ งถกู ตอ้ ง
タイ語_pdfplumber_抽出_最終版.csv,31,23.0,埋め込み金物,อปุ กรณ์โลหะแบบฝังอยู่ ในคอนกรตี เพอื่ เป็น รากฐานของตัวยดึ สา หรับ ตดิ ตัง้ อปุ กรณ์ตา่ งๆ
タイ語_pdfplumber_抽出_最終版.csv,31,24.0,解体する（バラス）,รอื้ ถอน (ถอดเป็นชนิ้ ๆ)
タイ語_pdfplumber_抽出_最終版.csv,31,25.0,かぶり寸法,"ระยะคอนกรตี หมุ้ ผวิ เหล็ก, ระยะหมุ้ ของคอนกรตี"
タイ語_pdfplumber_抽出_最終版.csv,32,1.0,異形棒鋼,เหล็กขอ้ ออ้ ย
タイ語_pdfplumber_抽出_最終版.csv,32,2.0,結束線,ลวดผกู เหล็ก
タイ語_pdfplumber_抽出_最終版.csv,32,3.0,結束工具,เครอื่ งมอื ทใี่ ชก้ ารผกู เหล็ก
タイ語_pdfplumber_抽出_最終版.csv,32,4.0,鉄筋切断機,เครอื่ งตัดเหล็กเสรมิ
タイ語_pdfplumber_抽出_最終版.csv,32,5.0,鉄筋曲げ加工機,เครอื่ งดัดเหล็กเสรมิ
タイ語_pdfplumber_抽出_最終版.csv,32,8.0,アンカー,สมอ
タイ語_pdfplumber_抽出_最終版.csv,32,9.0,加工場,โรงแปรรูป
タイ語_pdfplumber_抽出_最終版.csv,32,10.0,スペーサ―,ลกู ปนู
タイ語_pdfplumber_抽出_最終版.csv,33,11.0,ドーナツ,ลกู ปนู กลม
タイ語_pdfplumber_抽出_最終版.csv,33,12.0,加工配筋図,แบบการวางและดัดเหล็ก เสรมิ
タイ語_pdfplumber_抽出_最終版.csv,33,13.0,配筋詳細図,แบบละเอยี ดของการวาง เหล็กเสรมิ
タイ語_pdfplumber_抽出_最終版.csv,33,14.0,開口補強筋,การเสรมิ เหล็กชอ่ งเปิด
タイ語_pdfplumber_抽出_最終版.csv,33,15.0,幅止め筋,เหล็กเสรมิ ทใี่ สเ่ พมิ่ เมอื่ มี การผกู เหล็กเสรมิ สองชัน้ เพอื่ ยดึ ใหร้ ะยะหา่ งระหวา่ ง เหล็กคงที่
タイ語_pdfplumber_抽出_最終版.csv,33,16.0,差筋,เหล็กเดอื ย
タイ語_pdfplumber_抽出_最終版.csv,33,17.0,柱主筋,"เหล็กเสรมิ หลักในเสา, เหล็กยนื"
タイ語_pdfplumber_抽出_最終版.csv,33,18.0,柱配筋,การวางเหล็กเสรมิ ในเสา
タイ語_pdfplumber_抽出_最終版.csv,33,19.0,スラブ筋,เหล็กเสรมิ ในพนื้
タイ語_pdfplumber_抽出_最終版.csv,33,20.0,ベース筋,เหล็กเสรมิ ในฐานราก
タイ語_pdfplumber_抽出_最終版.csv,34,21.0,帯筋（フープ）,เหล็กปลอกเสา (เหล็ก ปลอกรัดรอบ)
タイ語_pdfplumber_抽出_最終版.csv,34,22.0,下端筋,เหล็กเสรมิ ลา่ ง
タイ語_pdfplumber_抽出_最終版.csv,34,23.0,上端筋,เหล็กเสรมิ บน
タイ語_pdfplumber_抽出_最終版.csv,34,24.0,主筋,เหล็กเสรมิ หลัก
タイ語_pdfplumber_抽出_最終版.csv,34,25.0,あばら筋,เหล็กปลอกคาน
タイ語_pdfplumber_抽出_最終版.csv,35,1.0,はかま筋,เหล็กเสรมิ ครอบเหล็ก เสรมิ ในฐานราก
タイ語_pdfplumber_抽出_最終版.csv,35,2.0,縦筋,เหล็กเสรมิ แนวตัง้
タイ語_pdfplumber_抽出_最終版.csv,35,3.0,下筋,เหล็กเสรมิ ลา่ ง
タイ語_pdfplumber_抽出_最終版.csv,35,4.0,横筋,เหล็กเสรมิ แนวนอน
タイ語_pdfplumber_抽出_最終版.csv,35,5.0,腹筋,เหล็กเสรมิ ทเี่ รยี งขนานกับ เหล็กเสรมิ หลัก
タイ語_pdfplumber_抽出_最終版.csv,35,6.0,配力筋,เหล็กเสรมิ ทตี่ ัง้ ฉากกับ เหล็กเสรมิ หลักทรี่ ับแรง
タイ語_pdfplumber_抽出_最終版.csv,35,7.0,上筋,เหล็กเสรมิ บน
タイ語_pdfplumber_抽出_最終版.csv,35,8.0,スパイラル筋,เหล็กปลอกเกลยี ว
タイ語_pdfplumber_抽出_最終版.csv,35,9.0,鉄筋径,เสน้ ผา่ นศนู ยก์ ลางของ เหล็กเสรมิ
タイ語_pdfplumber_抽出_最終版.csv,35,10.0,かぶり厚さ,"ความหนาของระยะ คอนกรตี หมุ้ ผวิ เหล็ก, ความหนาของระยะหมุ้ ของคอนกรตี"
タイ語_pdfplumber_抽出_最終版.csv,36,11.0,角度,มมุ
タイ語_pdfplumber_抽出_最終版.csv,36,12.0,シングル,เหล็กเสรมิ ชัน้ เดยี ว
タイ語_pdfplumber_抽出_最終版.csv,36,13.0,ダブル,เหล็กเสรมิ สองชัน้
タイ語_pdfplumber_抽出_最終版.csv,36,14.0,千鳥結束,เหล็กเสรมิ สองชัน้ ผกู สลับ
タイ語_pdfplumber_抽出_最終版.csv,36,15.0,切断寸法,ขนาดความยาวของการตัด
タイ語_pdfplumber_抽出_最終版.csv,36,16.0,加工寸法,ขนาดการแปรรูป
タイ語_pdfplumber_抽出_最終版.csv,36,17.0,重ね継手,การตอ่ ทาบเหล็ก
タイ語_pdfplumber_抽出_最終版.csv,36,18.0,圧接継手,การตอ่ เหล็กดว้ ยการเชอื่ ม แกส๊ และแรงดัน
タイ語_pdfplumber_抽出_最終版.csv,36,19.0,開口部,ชอ่ งเปิด
タイ語_pdfplumber_抽出_最終版.csv,36,20.0,溶接金網,ตะแกรงเหล็กเชอื่ ม
タイ語_pdfplumber_抽出_最終版.csv,37,21.0,搬出,ล าเลยี งออก
タイ語_pdfplumber_抽出_最終版.csv,37,22.0,搬入,ล าเลยี งเขา้
タイ語_pdfplumber_抽出_最終版.csv,37,23.0,基礎,ฐานราก
タイ語_pdfplumber_抽出_最終版.csv,37,24.0,機械式継手,ขอ้ ตอ่ เหล็กเชงิ กล
タイ語_pdfplumber_抽出_最終版.csv,37,25.0,配筋検査,การตรวจสอบการจัดวาง เหล็กเสรมิ
タイ語_pdfplumber_抽出_最終版.csv,38,1.0,トラクタ,รถแทรกเตอร์
タイ語_pdfplumber_抽出_最終版.csv,38,2.0,ブルドーザ,รถดันดนิ
タイ語_pdfplumber_抽出_最終版.csv,38,3.0,トラクタショベル,รถตัก
タイ語_pdfplumber_抽出_最終版.csv,38,4.0,ホイルローダ,รถตักลอ้ ยำง
タイ語_pdfplumber_抽出_最終版.csv,38,5.0,ダンプトラック,รถบรรทกุ เททำ้ ย
タイ語_pdfplumber_抽出_最終版.csv,38,6.0,油圧ショベル,รถขดุ ระบบไฮดรอลกิ
タイ語_pdfplumber_抽出_最終版.csv,38,7.0,バックホウ,รถแบคโฮ
タイ語_pdfplumber_抽出_最終版.csv,38,8.0,ローディングショベル,รถขดุ ขนำดใหญ่
タイ語_pdfplumber_抽出_最終版.csv,38,9.0,ローラ,รถบดดนิ
タイ語_pdfplumber_抽出_最終版.csv,38,10.0,バケット,บงุ้ ก๋ี
タイ語_pdfplumber_抽出_最終版.csv,39,11.0,ブーム,บมู
タイ語_pdfplumber_抽出_最終版.csv,39,12.0,アーム,อำรม์
タイ語_pdfplumber_抽出_最終版.csv,39,13.0,ブレード（排土板）,ใบมดี (ใบดันดนิ )
タイ語_pdfplumber_抽出_最終版.csv,39,14.0,タイヤ,ยำงรถ
タイ語_pdfplumber_抽出_最終版.csv,39,15.0,クローラ,ตนี ตะขำบ
タイ語_pdfplumber_抽出_最終版.csv,39,16.0,キー（鍵）,คยี ์ (กญุ แจ)
タイ語_pdfplumber_抽出_最終版.csv,39,17.0,作業装置 （アタッチメント）,สว่ นทที่ ำงำน(อปุ กรณ์)
タイ語_pdfplumber_抽出_最終版.csv,39,18.0,エンジン,เครอื่ งยนต์
タイ語_pdfplumber_抽出_最終版.csv,39,19.0,ディーゼルエンジン,เครอื่ งยนตด์ เี ซล
タイ語_pdfplumber_抽出_最終版.csv,39,20.0,エンジンオイル,น ้ำมันเครอื่ ง
タイ語_pdfplumber_抽出_最終版.csv,40,21.0,オルタネータ （充電発電機）,"อัลเทอรเ์ นเตอร,์ ไดชำรจ์ (เครอื่ งปั่นไฟและสำมำรถ ชำรจ์ ไฟเขำ้ แบตเตอร)ี่"
タイ語_pdfplumber_抽出_最終版.csv,40,22.0,バッテリ,แบตเตอรี่
タイ語_pdfplumber_抽出_最終版.csv,40,23.0,燃料,เชอื้ เพลงิ
タイ語_pdfplumber_抽出_最終版.csv,40,24.0,軽油,น ้ำมันดเี ซล
タイ語_pdfplumber_抽出_最終版.csv,40,25.0,ブレーキ,เบรค
タイ語_pdfplumber_抽出_最終版.csv,41,1.0,油圧シリンダ,กระบอกสบู ไฮดรอลกิ
タイ語_pdfplumber_抽出_最終版.csv,41,2.0,油圧モータ,มอเตอรไ์ ฮดรอลกิ
タイ語_pdfplumber_抽出_最終版.csv,41,3.0,油圧ポンプ,ป๊ัมไฮดรอลกิ
タイ語_pdfplumber_抽出_最終版.csv,41,4.0,水漏れ,น ้ำรั่ว
タイ語_pdfplumber_抽出_最終版.csv,41,5.0,油漏れ,น ้ำมันรั่ว
タイ語_pdfplumber_抽出_最終版.csv,41,6.0,冷却水,น ้ำหลอ่ เย็น
タイ語_pdfplumber_抽出_最終版.csv,41,7.0,ブレーキ液,น ้ำมันเบรค
タイ語_pdfplumber_抽出_最終版.csv,41,8.0,燃料タンク,ถังน ้ำมัน
タイ語_pdfplumber_抽出_最終版.csv,41,9.0,ファンベルト,สำยพำนพัดลมหมอ้ น ้ำ
タイ語_pdfplumber_抽出_最終版.csv,41,10.0,空気圧,แรงดันลมยำง
タイ語_pdfplumber_抽出_最終版.csv,41,11.0,クラッチ,คลัตช์
タイ語_pdfplumber_抽出_最終版.csv,41,12.0,急発進,เหยยี บคันเรง่ ออกตัวทันที
タイ語_pdfplumber_抽出_最終版.csv,41,13.0,急ブレーキ,กดเบรคใหค้ วำมเร็วลดลง ทันที
タイ語_pdfplumber_抽出_最終版.csv,42,14.0,アイドリング,สภำวะของเครอื่ งยนตท์ ี่ หมนุ ดว้ ยอตั รำรอบต ำ่ สดุ เปลำ่ ๆ
タイ語_pdfplumber_抽出_最終版.csv,42,15.0,走行,รถแลน่
タイ語_pdfplumber_抽出_最終版.csv,42,16.0,旋回,หมนุ
タイ語_pdfplumber_抽出_最終版.csv,42,17.0,安全ロック,เซฟตลี้ ็อค
タイ語_pdfplumber_抽出_最終版.csv,42,18.0,安全支柱,เสำค ้ำเพอื่ ควำมปลอดภัย
タイ語_pdfplumber_抽出_最終版.csv,42,19.0,補給（する）,(กำร)เตมิ
タイ語_pdfplumber_抽出_最終版.csv,42,20.0,駐車（する）,(กำร)จอดรถ
タイ語_pdfplumber_抽出_最終版.csv,42,21.0,歩行者,คนเดนิ เทำ้
タイ語_pdfplumber_抽出_最終版.csv,42,22.0,車両,ยำนพำหนะมลี อ้ ทวี่ งิ่ บนบก
タイ語_pdfplumber_抽出_最終版.csv,42,23.0,死角,จดุ บอด
タイ語_pdfplumber_抽出_最終版.csv,42,24.0,斜面,"ทำงลำด, พนื้ ทลี่ ำดเอยี ง"
タイ語_pdfplumber_抽出_最終版.csv,42,25.0,転圧（する）,(กำร)บดอดั
タイ語_pdfplumber_抽出_最終版.csv,43,1.0,接触（する）,การชน (ชน)
タイ語_pdfplumber_抽出_最終版.csv,43,2.0,作動（する）,การท างาน (ท างาน)
タイ語_pdfplumber_抽出_最終版.csv,43,3.0,整備（する）,การซอ่ มบ ารงุ (ซอ่ มบ ารงุ )
タイ語_pdfplumber_抽出_最終版.csv,43,4.0,点検（する）,การตรวจเช็ค (ตรวจเช็ค)
タイ語_pdfplumber_抽出_最終版.csv,43,5.0,動かす,เดนิ เครอื่ ง
タイ語_pdfplumber_抽出_最終版.csv,43,6.0,運転（する）,การขับ (ขับ)
タイ語_pdfplumber_抽出_最終版.csv,43,7.0,測る,วัด
タイ語_pdfplumber_抽出_最終版.csv,43,8.0,操作（する）,การควบคมุ การท างาน (ควบคมุ การท างาน)
タイ語_pdfplumber_抽出_最終版.csv,43,9.0,停止（する）,"การหยดุ (หยดุ ) , การจอด (จอด)"
タイ語_pdfplumber_抽出_最終版.csv,43,10.0,切る,ตัด
タイ語_pdfplumber_抽出_最終版.csv,43,11.0,回す,หมนุ
タイ語_pdfplumber_抽出_最終版.csv,43,12.0,押す,"ผลัก, ดัน"
タイ語_pdfplumber_抽出_最終版.csv,43,13.0,集める,รวบรวม
タイ語_pdfplumber_抽出_最終版.csv,43,14.0,触る,"แตะตอ้ ง, สมั ผัส"
タイ語_pdfplumber_抽出_最終版.csv,43,15.0,縛る,"มัด, รัด"
タイ語_pdfplumber_抽出_最終版.csv,43,16.0,揃える,"ท ำใหเ้ทำ่ กนั , จัดใหเ้สมอ"
タイ語_pdfplumber_抽出_最終版.csv,43,17.0,結ぶ,"ผกู , มัด"
タイ語_pdfplumber_抽出_最終版.csv,43,18.0,しゃがむ,นั่งยองๆ
タイ語_pdfplumber_抽出_最終版.csv,43,19.0,調整（する）,การปรับ (ปรับ)
タイ語_pdfplumber_抽出_最終版.csv,43,20.0,閉じる,ปิด
タイ語_pdfplumber_抽出_最終版.csv,44,1.0,取り出す,เอาออก
タイ語_pdfplumber_抽出_最終版.csv,44,2.0,戻す,กลับคนื
タイ語_pdfplumber_抽出_最終版.csv,44,3.0,仕上げる,ท าใหเ้สร็จ
タイ語_pdfplumber_抽出_最終版.csv,44,4.0,折れる,หัก
タイ語_pdfplumber_抽出_最終版.csv,44,5.0,欠ける,บนิ่
タイ語_pdfplumber_抽出_最終版.csv,44,6.0,近づく,เขา้ ใกล้
タイ語_pdfplumber_抽出_最終版.csv,44,7.0,電源を入れる,เปิดเครอื่ ง
タイ語_pdfplumber_抽出_最終版.csv,44,8.0,電源を落とす,ตัดไฟ
タイ語_pdfplumber_抽出_最終版.csv,44,9.0,スイッチを切る,ปิดสวติ ช์
タイ語_pdfplumber_抽出_最終版.csv,44,10.0,固定（する）,การยดึ ใหค้ งท ี่ (ยดึ ใหค้ งท)ี่
タイ語_pdfplumber_抽出_最終版.csv,44,11.0,ゆるめる,คลาย
タイ語_pdfplumber_抽出_最終版.csv,44,12.0,伸ばす,ยดื
タイ語_pdfplumber_抽出_最終版.csv,44,13.0,外す,ถอดออก
タイ語_pdfplumber_抽出_最終版.csv,44,14.0,曲げる,งอ
タイ語_pdfplumber_抽出_最終版.csv,44,15.0,出す,"ยนื่ , สง่"
タイ語_pdfplumber_抽出_最終版.csv,44,16.0,乾かす,ท าใหแ้ หง้
タイ語_pdfplumber_抽出_最終版.csv,44,17.0,数える,นับ
タイ語_pdfplumber_抽出_最終版.csv,44,18.0,運ぶ,ขน
タイ語_pdfplumber_抽出_最終版.csv,44,19.0,積む,วางซอ้ น
タイ語_pdfplumber_抽出_最終版.csv,44,20.0,下ろす,เอาลง
タイ語_pdfplumber_抽出_最終版.csv,44,21.0,離れる,ออกหา่ ง
タイ語_pdfplumber_抽出_最終版.csv,45,1.0,位置,ต ำแหน่ง
タイ語_pdfplumber_抽出_最終版.csv,45,2.0,寸法,ขนำด
タイ語_pdfplumber_抽出_最終版.csv,45,3.0,測定（する）,การวดั (วดั )
タイ語_pdfplumber_抽出_最終版.csv,45,4.0,計測（する）,การวดั (วดั )
タイ語_pdfplumber_抽出_最終版.csv,45,5.0,計測器,"อปุ กรณ์วดั , เกจวดั"
タイ語_pdfplumber_抽出_最終版.csv,45,6.0,温度,อณุ หภมู ิ
タイ語_pdfplumber_抽出_最終版.csv,45,7.0,高さ,ควำมสงู
タイ語_pdfplumber_抽出_最終版.csv,45,8.0,長さ,ควำมยำว
タイ語_pdfplumber_抽出_最終版.csv,45,9.0,重さ,น ้ำหนัก
タイ語_pdfplumber_抽出_最終版.csv,45,10.0,厚さ,ควำมหนำ
タイ語_pdfplumber_抽出_最終版.csv,45,11.0,硬さ,ควำมแข็ง
タイ語_pdfplumber_抽出_最終版.csv,45,12.0,深さ,ควำมลกึ
タイ語_pdfplumber_抽出_最終版.csv,45,13.0,表面,พนื้ ผวิ
タイ語_pdfplumber_抽出_最終版.csv,45,14.0,すきま,ชอ่ งวำ่ งแคบๆ
タイ語_pdfplumber_抽出_最終版.csv,45,15.0,中心,ศนู ยก์ ลำง
タイ語_pdfplumber_抽出_最終版.csv,46,16.0,値,คำ่
タイ語_pdfplumber_抽出_最終版.csv,46,17.0,安定（する）,"ความเสถยี ร (เสถยี ร), ความ มนั่ คง (มนั่ คง)"
タイ語_pdfplumber_抽出_最終版.csv,46,18.0,大きさ,ขนำด
タイ語_pdfplumber_抽出_最終版.csv,46,19.0,数,จ ำนวน
タイ語_pdfplumber_抽出_最終版.csv,46,20.0,誤差,ควำมคลำดเคลอื่ น
タイ語_pdfplumber_抽出_最終版.csv,46,21.0,中,ขำ้ งใน
タイ語_pdfplumber_抽出_最終版.csv,46,22.0,反対,ตรงขำ้ ม
タイ語_pdfplumber_抽出_最終版.csv,46,23.0,周り,รอบ
タイ語_pdfplumber_抽出_最終版.csv,46,24.0,尺,หน่วยควำมยำวของญปี่ ่นุ
タイ語_pdfplumber_抽出_最終版.csv,46,25.0,青,น ้ำเงนิ
タイ語_pdfplumber_抽出_最終版.csv,46,26.0,赤,แดง
タイ語_pdfplumber_抽出_最終版.csv,46,27.0,白,ขำว
タイ語_pdfplumber_抽出_最終版.csv,46,28.0,黄色,เหลอื ง
タイ語_pdfplumber_抽出_最終版.csv,47,3.0,掃く,กวาด
タイ語_pdfplumber_抽出_最終版.csv,47,4.0,持ち上げる,ยกขนึ้
タイ語_pdfplumber_抽出_最終版.csv,47,5.0,束ねる,มัดรวม
タイ語_pdfplumber_抽出_最終版.csv,47,6.0,足をくじく,ขาแพลง
タイ語_pdfplumber_抽出_最終版.csv,48,1.0,一輪車,รถเข็นลอ้ เดยี่ ว
タイ語_pdfplumber_抽出_最終版.csv,48,2.0,支柱,ไมค้ ้ายัน
タイ語_pdfplumber_抽出_最終版.csv,48,3.0,ショベル,"เสยี บ, พลั่ว"
