言語,Page,番号,単語,翻訳
ミャンマー語,1,1.0,技能実習,အလပု ်သငတ် န်း်
ミャンマー語,1,2.0,技能実習生,အလပု ်သင်
ミャンマー語,1,3.0,工場,စကရ် ု
ミャンマー語,1,4.0,製造,ထတု လ် ပု ်မှု
ミャンマー語,1,5.0,機械,စက်
ミャンマー語,1,6.0,安全,လခ ု ြုံ မှု
ミャンマー語,1,7.0,危険（な）,အန္ရတ ာယ်(ရှိ သသာ)
ミャンマー語,1,8.0,危ない,အန္ရတ ာယရ် ှိ သည်
ミャンマー語,1,9.0,清掃,သနရ် ဲ့ င်း် သရ်းလပု ်ခ င်း် (Sei-sou)
ミャンマー語,1,10.0,非常口,အသရ်းသပေါ်ထကွ သ် ပါက်
ミャンマー語,1,11.0,注意,သတှိ
ミャンマー語,1,12.0,火事,မ ်းသလာငမ် ှု
ミャンマー語,1,13.0,事故,မသတာ်တဆမှု
ミャンマー語,1,14.0,服装,အဝတအ် စာ်း
ミャンマー語,1,15.0,安全装置,အန္ရတ ာယက် င်း် ရ င်း် သရ်းကရှိ ှိ ယာ
ミャンマー語,2,1.0,安全カバー,လခ ု ြုံ သရ်းကာဗာအဖ ု်း
ミャンマー語,2,2.0,けが,ဒဏရ် ာ
ミャンマー語,2,3.0,けがをする,ဒဏရ် ာရသည်
ミャンマー語,2,4.0,電源,လျှပ်စစ်ပါဝါ
ミャンマー語,2,5.0,電源を切る,လျှပ်စစ်ပါဝါပှိတသ် ည်
ミャンマー語,2,6.0,非常停止ボタン,အသရ်းသပေါ်စကရ် ပ်တန ် ဲ့ လတု ်
ミャンマー語,2,7.0,非常停止ボタンを押す,အသရ်းသပေါ်စကရ် ပ်တန ် ဲ့ လတု က် ှို န္ပှိ ်သည်
ミャンマー語,2,8.0,ルール,စည်း် ကမ််း
ミャンマー語,2,9.0,ルールを守る,စည်း် ကမ််းလကှို န် ာသည်
ミャンマー語,2,10.0,止める,ရပ်သည်
ミャンマー語,2,11.0,機械を止める,စကက် ှို ရပ်သည်
ミャンマー語,2,12.0,やって,လပု ်ပါ
ミャンマー語,2,13.0,止めて,ရပ်ပါ
ミャンマー語,2,14.0,取って,ယပူ ါ
ミャンマー語,2,15.0,だめ（な）,မလပု ်သင်(ဲ့ သသာ)
ミャンマー語,3,1.0,監理団体,စ မ ကပွ ်ကသ ရ်းအဖ ွွဲ့
ミャンマー語,3,2.0,技術移転,နည်း် ပညာလသ ခပာင်း် ခ င်း်
ミャンマー語,3,3.0,技能実習期間,အလပု ်သငတ် န်း် ကာလ
ミャンマー語,3,4.0,職種,အလပု ်အကငှို အ် မ ှိြုံ်းအစာ်း
ミャンマー語,3,5.0,在留資格,ဗ ဇာအမ ှိြုံ်းအစာ်း
ミャンマー語,3,6.0,パスポート,န္ငှို င် က ်းူ လကမ် တ်
ミャンマー語,3,7.0,在留カード,န္ငှို င် ခ ာ်းသာ်းမ တပ် ုတငက် တ်
ミャンマー語,3,8.0,入管,လဝက
ミャンマー語,3,9.0,在留期間,ဗ ဇာသကတ် မ််း
ミャンマー語,4,10.0,雇用契約,အလပု ် နထ် ဲ့ ာ်းသရ်းသသေ းာတစူ ာ ြုံပ်
ミャンマー語,4,11.0,給与明細,လစာရ င်း် တမ််းစာရွက်
ミャンマー語,4,12.0,給料,လစာသငွ
ミャンマー語,4,13.0,残業手当,အ ှိနပ် ှိုသကက်း
ミャンマー語,4,14.0,労働時間,အလပု ် ှိန်
ミャンマー語,5,1.0,控除（する）,န္တှု ယ် ူ(သည်)
ミャンマー語,5,2.0,ボーナス,အပှိုဆသု ကက်း
ミャンマー語,5,3.0,有休,လပု ်သက ် ငွ ်ဲ့
ミャンマー語,5,4.0,代休,အစာ်းထ်းှို နာ်းရက်
ミャンマー語,5,5.0,労働基準法,အလပု ်သမာ်းစ န္နှု ်း် ဥပသဒ
ミャンマー語,5,6.0,労働条件,အလပု ်သမာ်း စ ာ်း ငွ ်ဲ့
ミャンマー語,5,7.0,税金,အ နွ ်
ミャンマー語,5,8.0,所得税,ဝငသ် င ွ နွ ်
ミャンマー語,6,9.0,住民税,စညပ် င ် နွ ်
ミャンマー語,6,10.0,厚生年金,အလပု ်ပငစ် ငအ် ာမ
ミャンマー語,6,11.0,雇用保険,အလပု ်အာမ
ミャンマー語,6,12.0,健康保険,က န်း် မာသရ်းအာမ
ミャンマー語,6,13.0,社会保険,လမူ ှုဖူလသ ု ရ်းအာမ
ミャンマー語,7,14.0,労災,လပု ်ငန်း် ငွ ် ထ ှိ ကှို ဒ် ဏရ် ာရမှု
ミャンマー語,7,15.0,労災保険,အလပု ်သမာ်းနစ်နာသကက်း အာမ
ミャンマー語,8,1.0,遅刻（する）,အလပု ်သနာကက် (သည်)
ミャンマー語,8,2.0,早退（する）,အလပု ်သစာခပန်(သည်)
ミャンマー語,8,3.0,休憩（する）,အနာ်းယူ(သည်)
ミャンマー語,8,4.0,残業（する）,အ ှိနပ် ှိုအလပု ်(ဆင်း် သည်)
ミャンマー語,8,5.0,定時,ပ ုမ နအ် ှိန်
ミャンマー語,8,6.0,規則,စည်း် မ ဉ််းစည်း် ကမ််း
ミャンマー語,8,7.0,休日,အလပု ်နာ်းရက်
ミャンマー語,8,8.0,始業時間,အလပု ်စ ှိန်
ミャンマー語,8,9.0,終業時間,အလပု ်ပပ ်း ှိန်
ミャンマー語,8,10.0,指導員,သငတ် န်း် မ ်း
ミャンマー語,8,11.0,生活指導員,သနထငှို မ် ှုပ ုစ သလကဲ့ ငသ်ဲ့ ပ်းသူ
ミャンマー語,8,12.0,担当者,တာဝန ်
ミャンマー語,8,13.0,スイッチ入れるな,လတု မ် ဖွငန်ဲ့ ဲ့
ミャンマー語,8,14.0,スイッチ切るな,လတု မ် ပှိတန် ဲ့
ミャンマー語,8,15.0,使用禁止,အသ်း ု မခပြုံရ
ミャンマー語,9,1.0,5S,5S
ミャンマー語,9,2.0,整理,စနစ်တက ထာ်းရှိ ခ င်း် (Seiri)
ミャンマー語,9,3.0,整頓,စ သတမ် တထ် ာ်းရှိ ခ င်း် (Sei-ton)
ミャンマー語,10,4.0,清掃,သနရ် ဲ့ င်း် သရ်းလပု ်ခ င်း် (Sei-sou)
ミャンマー語,10,5.0,清潔,သနရ် ဲ့ င်း် သပ်ရပ်မှု (Sei-ketsu)
ミャンマー語,10,6.0,しつけ,အစဉ်အလာဓသလထဲ့ ်း ု စ (Shi-tsuke)
ミャンマー語,10,7.0,掃除（する）,သနရ် ဲ့ င်း် သရ်း(လပု ်သည်)
ミャンマー語,11,8.0,片づける,သမှိ ််းဆည်း် သည်
ミャンマー語,11,9.0,捨てる,စွနပ် ဲ့ စ်သည်
ミャンマー語,11,10.0,汚い,ညစ်ပတသ် သာ
ミャンマー語,11,11.0,汚れる,ညစ်သပသည်
ミャンマー語,11,12.0,分別（する）,အမ ှိြုံ်းအစာ်း ခွ ာ်း(သည်)
ミャンマー語,11,13.0,燃えないごみ,မ ်းရှုှိွဲ့လမှို ဲ့ ရတအ ဲ့ မှိှုက်
ミャンマー語,11,14.0,燃えるごみ,မ ်းရှုှိွဲ့လရှို ဲ့ တအ ဲ့ မှိှုက်
ミャンマー語,11,15.0,挟まれる,ညပ်သည်
ミャンマー語,11,16.0,巻き込まれる,ညပ်ပါသည်
ミャンマー語,11,17.0,やけど（する）,အပူသလာင်(သည်)
ミャンマー語,11,18.0,落ちる,က ဆင်း် သည်
ミャンマー語,11,19.0,すべる,သ ာ်လသ ည်
ミャンマー語,12,20.0,転ぶ,လက သည်
ミャンマー語,12,21.0,濡れる,သရစှိုသည်
ミャンマー語,12,22.0,衛生,သနရ် ဲ့ င်း် သပ်ရပ်မှု
ミャンマー語,12,23.0,避難（する）,သေ်းသရ ာင်(သည်)
ミャンマー語,12,24.0,救急車,လနူ ာတငယ် ာဉ်
ミャンマー語,12,25.0,災害,သေ်းအန္ရတ ာယ်
ミャンマー語,12,26.0,地震,ငလ င်
ミャンマー語,12,27.0,もぐる,သအာကသ် ဝှို ဲ့ ငသ် ည်
ミャンマー語,13,1.0,火気厳禁,မ ်းသတခှိပြုံ
ミャンマー語,13,2.0,開放厳禁,ဖွငမ်ဲ့ ထာ်းရ
ミャンマー語,13,3.0,標識,အမ တအ် သာ်း
ミャンマー語,13,4.0,気をつける,ဂရုစှိုကသ် ည်
ミャンマー語,13,5.0,持ち込む,ယလူ ာသည်
ミャンマー語,13,6.0,防ぐ,ကာကယွ သ် ည။်
ミャンマー語,13,7.0,火,မ ်း
ミャンマー語,13,8.0,煙,မ ်း ်းှို
ミャンマー語,13,9.0,消火,မ ်းပငမ ််းသတခ် င်း်
ミャンマー語,13,10.0,消火器,မ ်းသတေ် ်းူ
ミャンマー語,13,11.0,非常ベル,အသရ်းသပေါ်သတသှိ ပ်းစက်
ミャンマー語,13,12.0,火災報知機,မ ်းအ ကသ် ပ်းစက်
ミャンマー語,13,13.0,逃げる,ထကွ သ် ခပ်းသည်
ミャンマー語,13,14.0,現場,လပု ်ငန်း် ငွ ်
ミャンマー語,13,15.0,作業,အလပု ်
ミャンマー語,14,16.0,ミーティング,အစည်း် အသဝ်း
ミャンマー語,14,17.0,研修（する）,သငတ် န်း် (ခပြုံလပု ်သည်)
ミャンマー語,14,18.0,実習（する）,လကသ် တွဲ့သွ ငတ် န်း် (ခပြုံလပု ် သည်)
ミャンマー語,14,19.0,あいさつ,န္တှု ဆ် ကခ် င်း်
ミャンマー語,14,20.0,確認（する）,သသ ာစစ်(သည်)
ミャンマー語,14,21.0,報告（する）,အသကကာင်း် ကကာ်း(သည်)
ミャンマー語,14,22.0,連絡（する）,အသကကာင်း် ကကာ်း(သည်)
ミャンマー語,14,23.0,相談（する）,သဆ်းွ သန္်းွ (သည်)
ミャンマー語,14,24.0,渡す,သပ်းသည်
ミャンマー語,14,25.0,申請書,သလျှာကလ် ာ
ミャンマー語,14,26.0,寝坊（する）,အပှိ ်ရာထသနာကက် (သည်)
ミャンマー語,15,1.0,技能,နည်း် ပညာ
ミャンマー語,15,2.0,技能検定試験,နည်း် ပညာအဆင ်ဲ့ သတမ် တစ် ာသမ်းပ ွ
ミャンマー語,15,3.0,受検（する）,စာသမ်းပ ွသခဖ(သည)်
ミャンマー語,15,4.0,資格,အရညအ် င်း်
ミャンマー語,15,5.0,手当,စ ာ်း ငွ ်ဲ့
ミャンマー語,15,6.0,社員,ကမု ပဏဝ နထ် မ််း
ミャンマー語,15,7.0,部長,ဌာနမ ်း
ミャンマー語,15,8.0,課長,ဌာန မွ ်း
ミャンマー語,15,9.0,更衣室,အဝတလ် န်း်
ミャンマー語,15,10.0,台車,လကတ် နွ ်း် လည ်း်
ミャンマー語,15,11.0,床,ကကမ််းခပင်
ミャンマー語,15,12.0,出口,ထကွ သ် ပါက်
ミャンマー語,15,13.0,電気,လျှပ်စစ်/မ ်း
ミャンマー語,15,14.0,警報音,သတသှိ ပ်း သ ါင်း် သလာင်း် သ
ミャンマー語,15,15.0,コンセント,ပလတသ် ါင်း် ပလတသ် ပါက်
ミャンマー語,15,16.0,作業場,အလပု ်ရု
ミャンマー語,15,17.0,作業台,အလပု ်စာ်းပ ွ
ミャンマー語,15,18.0,工事現場,သဆာကလ် ပု ်သရ်း လပု ်ငန်း် ငွ ်
ミャンマー語,15,19.0,職長,လပု ်ငန်း် ငွ လ် မ််းည နက်က်း ကကပ်သူ
ミャンマー語,15,20.0,作業責任者,လပု ်ငန်း် တာဝန ်
ミャンマー語,16,1.0,禁止,တာ်းခမစ်ခ င်း်
ミャンマー語,16,2.0,表示板,သငပ် ုန်း် ၊ဆငှို ်း် ေတု ်
ミャンマー語,16,3.0,禁止事項,တာ်းခမစ် က်
ミャンマー語,16,4.0,避難訓練,သေ်းအန္ရတ ာယမ် သရ ာငတ် မှိ ််းသရ်း သလကဲ့ ငမ်ဲ့ ှု
ミャンマー語,16,5.0,感電（する）,ဓာတလ် ကှို ်(သည်)
ミャンマー語,16,6.0,防止（する）,တာ်းဆ်း (သည်)
ミャンマー語,16,7.0,予防（する）,ကကြုံှိတငက် ာကယွ ်(သည်)
ミャンマー語,16,8.0,転倒（する）,လက (သည်)
ミャンマー語,16,9.0,挟まる,ညပ်သည်
ミャンマー語,16,10.0,足元,သခ သထာကအ် န်း တဝှိုက်
ミャンマー語,16,11.0,不安定（な）,မတညပ်ငမှိ ်(သသာ)
ミャンマー語,16,12.0,後片付け,အလပု ်ပပ ်းသနာက ် သနစ် ဲ့ ငသ် မှိ ််းဆည်း် ခ င်း်
ミャンマー語,16,13.0,救急箱,အသရ်းသပေါ်သဆ်းသသတတ ာ
ミャンマー語,16,14.0,絆創膏,ပလာစတာ
ミャンマー語,16,15.0,体調,က န်း် မာသရ်းအသခ အသန
ミャンマー語,16,16.0,血,သသ်းွ
ミャンマー語,16,17.0,熱中症,အပူလျှပ်ခ င်း်
ミャンマー語,16,18.0,吐き気,ပ ှိြုံွဲ့စှိတ၊်အန ် ငစ် ှိတ်
ミャンマー語,16,19.0,嘔吐（する）,အန(် သည်)
ミャンマー語,17,20.0,足がつる,သခ သထာက ် ကကကတ် ကသ် ည်
ミャンマー語,17,21.0,気分が悪い,သနလမှို ဲ့ သကာင်း် ေ်းူ
ミャンマー語,17,22.0,寝不足,အပှိ ်သရ်းမဝခ င်း်
ミャンマー語,17,23.0,安全ネット,လခ ု ြုံ သရ်းပှိုကက် နွ ်
ミャンマー語,17,24.0,安全点検,လခ ု ြုံ စှိတ ် မှုစစ်သဆ်းခ င်း်
ミャンマー語,18,1.0,KY活動（危険予知活動）,KY လပှု ်ရ ာ်းမှု (အန္ရတ ာယက်ကြုံှိတင ် နမ် ဲ့ န်း် သရှိ ှိ သရ်းလပှု ်ရ ာ်းမှု)
ミャンマー語,18,2.0,危険,အန္ရတ ာယ်
ミャンマー語,18,3.0,ぶつかる,တကှို မ် ှိသည်
ミャンマー語,18,4.0,当たる,ထမှိ ှိသည်
ミャンマー語,18,5.0,下敷きになる,သအာကတ် ငွ ပ် ှိမှိသည်
ミャンマー語,18,6.0,打つ,ထသု ည၊်ရုှိကသ် ည်
ミャンマー語,18,7.0,バランスを崩す,ဟန ် ကပ် ကသ် ည်
ミャンマー語,18,8.0,倒れる,လက သည်
ミャンマー語,18,9.0,転落（する）,လမှိ ်ဲ့က သည်
ミャンマー語,18,10.0,指差呼称,ြှ လကည် ြုံှိ်းထ်းှို ၍နာမညသ် ေါ် စစ်သဆ်းမှု
ミャンマー語,18,11.0,ヒヤリハット,သသ သ လ်းနလ ဲ့ တွ သ် ာွ ်းသသာလပု ်ငန်း် ငွ မ် သတာ်တ ဆခဖစ်မှု
ミャンマー語,19,12.0,原因,အသကကာင်း် ရင်း်
ミャンマー語,19,13.0,対策,သဆာငရ် ွကမ် ှု၊စ မ က်
ミャンマー語,19,14.0,落下（する）,ခပြုံတက် သည်
ミャンマー語,19,15.0,墜落（する）,အခမငမ်ဲ့ က သည်
ミャンマー語,19,16.0,確認（する）,အတညခ်ပြုံစစ်သဆ်းသည်
ミャンマー語,20,1.0,作業着,အလပု ်သမာ်းဝတစ် ု
ミャンマー語,20,2.0,作業服,အလပု ်သမာ်းဝတစ် ု
ミャンマー語,20,3.0,作業靴,လပု ်ငန်း် ငွ ဖ် ှိနပ်
ミャンマー語,20,4.0,手袋,လကအ် တှိ ်
ミャンマー語,20,5.0,帽子,ဥ ်းထပု ်
ミャンマー語,20,6.0,保護帽（ヘルメット）,ကာကယွ သ် ရ်းဥ ်းထပု ် (Helmet)
ミャンマー語,20,7.0,保護具,လခ ု ြုံ သရ်းပစစည်း်
ミャンマー語,20,8.0,あごひも,သမ်းသငှို ်း် ကကြုံှိ်း
ミャンマー語,20,9.0,ボタン,ကကယသ် ်း (Button)
ミャンマー語,20,10.0,ポケット,အတှိ က် ပ်
ミャンマー語,20,11.0,保護メガネ,ကာကယွ သ် ရ်းမ ကမ် န်
ミャンマー語,20,12.0,マスク,မ ကန္် ာ ဖ ု်း (Mask)
ミャンマー語,20,13.0,耳栓,နာ်းသပါကအ် ဆှို ဲ့
ミャンマー語,20,14.0,安全靴,သခ သထာကက် ှို ကာကယွ သ် ညဖ်ဲ့ ှိနပ်
ミャンマー語,20,15.0,墜落制止用器具（安全 帯）,ခပြုံတက် မှုမ ကာကယွ သ် ရ်း ပစစည်း် (လခ ု ြုံ ‌သရ်း ါ်းပတက်ကြုံှိ်း)
ミャンマー語,21,16.0,業務,လပု ်ငန်း်
ミャンマー語,21,17.0,時間厳守,အ ှိနက် ှို တတှိ ကှိ က လကှို န် ာခ င်း်
ミャンマー語,21,18.0,予定,ကကြုံှိတငစ် စဥ် က်
ミャンマー語,21,19.0,日付,ရကစ် ွ
ミャンマー語,21,20.0,準備（する）,အသငခ်ဲ့ပင(် သည်)
ミャンマー語,21,21.0,会議,အစည်း် အသဝ်း
ミャンマー語,21,22.0,朝礼,နန က ် င်း် လစူ ုအမ ာစကာ်း‌ သခပာခ င်း်
ミャンマー語,21,23.0,報告書,အစ ရင ် စ ာ
ミャンマー語,21,24.0,マニュアル,လကစ် ွစာသစာင ် (Manual)
ミャンマー語,21,25.0,作業手順書,လပု ်ငန်း် လပု ်သဆာငပ် ု အဆငဆ်ဲ့ ငစ်ဲ့ ာအုပ်
ミャンマー語,21,26.0,調子,(က န်း် မာသရ်း)အသခ အသန
ミャンマー語,22,1.0,立入禁止,မဝငရ်
ミャンマー語,22,2.0,禁煙,သဆ်းလပှိ ်မသသာကရ်
ミャンマー語,22,3.0,火気厳禁,မ ်းသတခှိပြုံ
ミャンマー語,22,4.0,駐車禁止,ကာ်းမရပ်ရ
ミャンマー語,22,5.0,足もと注意,သခ သထာကအ် န်း တဝှိုက် သတခှိပြုံ
ミャンマー語,22,6.0,開口部注意,အသပါကရ် ှိ သညသ် တခှိပြုံ
ミャンマー語,22,7.0,感電注意,ဓာတလ် ကှို တ် တသ် ည် သတခှိပြုံ
ミャンマー語,22,8.0,堕落注意,ခပြုံတက် တတသ် ည် သတခှိပြုံ
ミャンマー語,22,9.0,頭上注意,သ ါင်း် အသပေါ်သတထှိ ာ်းပါ
ミャンマー語,22,10.0,警報設備,သတသှိ ပ်းသ ါင်း် သလာင်း် သနရာ
ミャンマー語,23,11.0,消火器,မ ်းသတေ် ်းူ
ミャンマー語,23,12.0,AED設置場所,န္လ ်း ု န္်းှိှု စကထ် ာ်းသညသ်ဲ့ နရာ
ミャンマー語,23,13.0,保護帽着用,ကာကယွ သ် ရ်းဥ ်းထပု ် သဆာင်း် ပါ
ミャンマー語,23,14.0,安全帯使用,လခ ု ြုံ ‌သရ်း ါ်းပတက်ကြုံှိ်းသ်း ု ပါ
ミャンマー語,23,15.0,昇降階段,ခငမ််းအတငွ ်း် ရှိ သလက ာ်း
ミャンマー語,23,16.0,休憩所,နာ်းသနရနသ် နရာ
ミャンマー語,23,17.0,最大積載荷重,အမ ာ်းဆ်း ု တငန္် ငှို သ် ည ်ဲ့ ကနု အ် သလ်း ှိန်
ミャンマー語,23,18.0,喫煙所,သဆ်းလပှိ ်သသာကရ် နသ် နရာ
ミャンマー語,23,19.0,整理整頓,သနရ် ဲ့ င်း် သပ်ရပ်သနသအာင် အစ အစဥ်တက လပု ်ပါ
ミャンマー語,23,20.0,安全通路,အန္ရတ ာယက် င်း် သည်ဲ့ သလျှာကလ် မ််းသကကာင်း်
ミャンマー語,24,1.0,三連クランプ,ြှ ၃ ဆု ကည် ပ်
ミャンマー語,24,2.0,ベルトコンベア （ベルコン）,သရွွဲ့လ ာ်းစက ် ါ်းပတ် (Belt conveyor)
ミャンマー語,24,3.0,かけや,သစ်သာ်းတအူ ကက်း စာ်း
ミャンマー語,24,4.0,ランマ,သခမဖှိစက ် (Rammer)
ミャンマー語,24,5.0,自在クランプ,ြှ လည ၍်ဲ့ ရသသာ ညပ် (Adjustable/Movable clamp)
ミャンマー語,24,6.0,キャッチクランプ,ြှ ဖမ််းညပ်ကရှိ ှိယာ (Catch clamp)
ミャンマー語,24,7.0,吊り上げ用クランプ,ြှ မ ရာတငွ သ် ်း ု သသာ ညပ်
ミャンマー語,25,8.0,直交クランプ,ရုှိကသ် ထာငမ်ဲ့ နက် သသာ ြှ ညပ် (Orthogonal clamp)
ミャンマー語,25,9.0,フック,ှိတသ် ကာက်
ミャンマー語,25,10.0,ストレートシャックル,အသခဖာင ်ဲ့ တက် ငွ ်း် (Straight shackle)
ミャンマー語,25,11.0,滑車,စကသ် ်း
ミャンマー語,25,12.0,クレーン,ဝန ် စက ် (ကရှိန်း် )
ミャンマー語,25,13.0,移動式クレーン,သရွွဲ့လ ာ်းန္ငှို သ် ညက်ဲ့ ရှိန်း်
ミャンマー語,25,14.0,介しゃくロープ,ကရှိန်း် ခဖငပ်ဲ့ စစည်း် ခပန ် ှိန် တငွ ဆ် ယွ ရူ နက်ကြုံှိ်း
ミャンマー語,25,15.0,昇降階段,ခငမ််းအတငွ ်း် ရှိ သလက ာ်း
ミャンマー語,25,16.0,筋かい止めピン,တသစာင်း် အာ်းခဖညထ်ဲ့ ည်ဲ့ သငွ ်း် ထာ်းသသာသစ်သာ်း တန်း် အာ်း ကတု ထ် ာ်းသည ်ဲ့ တယွ ဆ် က ် ပငင် တု ်
ミャンマー語,26,17.0,脚柱ジョイント,သအာကသ် ခ အမ တအ် ဆ က် (Leg column joint)
ミャンマー語,26,18.0,連結ピン,တယွ ဆ် ကပ် ငင် တု ် (Connecting pin)
ミャンマー語,26,19.0,ジョイント金具,တယွ ဆ် ကသ် တတ ြုံခပာ်း (Joint metal fittings)
ミャンマー語,26,20.0,レバーブロック,လဗ ာ ေသလာက်(စကသ် ်း ) (Lever block)
ミャンマー語,26,21.0,電動のこ（丸のこ）,လျှပ်စစ်လ (မာရုန္ကှို ဲ့ ှို)
ミャンマー語,26,22.0,モンキースパナ,ရွ င ် (Monkey spanner)
ミャンマー語,26,23.0,親綱支柱,လခ ု ြုံ ‌သရ်း ါ်းပတက်ကြုံှိ်းက ှို ှိ တဆ် သွ ညက်ဲ့ကြုံှိ်းက ှို သထာက ် သ ညတ်ဲ့ ငှို ်
ミャンマー語,26,24.0,ブラケット,အထနှိ ်း် အသထာက်
ミャンマー語,26,25.0,梯子,လပု ်ငန်း် ငွ သ် ်း ု သလက ာ်း
ミャンマー語,27,1.0,親綱,လခ ု ြုံ သရ်း ါ်းပတက်ကြုံှိ်းကှို ှိတဆ် ယွ သူ ညက်ဲ့ကြုံှိ်း
ミャンマー語,27,2.0,建枠（ビティ）,အသငသ်ဲ့ ်း ု ခငမ််းသောင်
ミャンマー語,27,3.0,メッシュシート,ဆန ် ါကကွ ်(ပှိုကက် ကွ ်) အ င်း် ခပာ်း
ミャンマー語,27,4.0,防音パネル,အသက ာသောငခ်ပာ်း
ミャンマー語,27,5.0,朝顔材,ခပြုံတက် လာသညပ်ဲ့ စစည်း် ကှို ဖမ််း သ ပ်းသညအ်ဲ့
ミャンマー語,27,6.0,架空線,ဓာတအ် ာ်းလငှို ်း် ကကြုံှိ်း
ミャンマー語,27,7.0,幅木（仮設足場）,ကကမ််းခပငအ် စွန်း် မ သထာငထ် ာ်းသသာအခပာ်း (ယာယခ ငမ််း)
ミャンマー語,27,8.0,単管,ပှိုကလ် ်း ု
ミャンマー語,28,9.0,脚立,သ ါကသ် လက ာ်း
ミャンマー語,28,10.0,作業半径,လပု ်ငန်း် လပှု ်ရ ာ်းသနသည ်ဲ့ အ င်း် ဝက်
ミャンマー語,28,11.0,仮ボルト,သရ ွဲ့သခပ်းယာယတ ပ်ဆငသ် ညမ်ဲ့ ူလ
ミャンマー語,28,12.0,手直し,ြှ ခပနလ် ည ် ှိနည် ခှိ င်း် /ခပငဆ် ငခ် င်း်
ミャンマー語,28,13.0,面一,မ ကန္် ာ ခပငန္် စ ် အု ကကာ်းအ လပ်မရှိ ထကှိ ပ်သနခ င်း်
ミャンマー語,28,14.0,点検事項,စစ်သဆ်းရမညအ်ဲ့ ကမ် ာ်း
ミャンマー語,28,15.0,積載荷重,တငသ် ဆာငန္် ငှို သ် ညက်ဲ့ နု အ် သလ်း ှိန်
ミャンマー語,28,16.0,すき間,ကကာ်းလပ်သနသညသ်ဲ့ နရာ
ミャンマー語,28,17.0,通りを見る,သခဖာငမ်ဲ့ သခဖာငက်ဲ့ကညသ်ဲ့ ည်
ミャンマー語,29,18.0,組立,သပါင်း် စပ်တညသ် ဆာကခ် င်း် / ဆငခ် င်း်
ミャンマー語,29,19.0,地組,ရှုပ်သထ်းွ သသာအစှိတအ် ပှိုင်း် မ ာ်းကသှို ခမသပေါ်တငွ ယ် ာယ တပ်ဆငခ် င်း်
ミャンマー語,29,20.0,天端,ကနွ က် ရစ်မ ကန္် ာ ခပငတ် ငွ ် စှိုကထ် ာ်းသသာ သသ ာင်း်
ミャンマー語,29,21.0,玉掛け,ပစစည်း် မ ာ်း သယမ် ှိနတ် ငွ ် ခပြုံတမ် က သစရနက်ကြုံှိ်းခဖင ်ဲ့ ညခ် င်း်
ミャンマー語,29,22.0,合図,အ ကခ်ပခ င်း်
ミャンマー語,29,23.0,定格荷重,ပ ုသသသတမ် တအ် သလ်း ှိန်
ミャンマー語,29,24.0,たち,(သခမမ ကန္် ာ ခပငန္် င ်ဲ့) သထာငမ်ဲ့ နက် ခ င်း်
ミャンマー語,29,25.0,職長,လပု ်ငန်း် ငွ လ် မ််းည န ် ကက်း ကကပ်သူ
ミャンマー語,30,1.0,安全カバー,လခ ု ြုံ သရ်းကာဗာအဖ ု်း
ミャンマー語,30,2.0,安全帯,လခ ု ြုံ သရ်း ါ်းပတက်ကြုံှိ်း
ミャンマー語,30,3.0,インサート,ကနွ က် ရစ်ထတ ငွ ခ်မြုံပ်ထည်ဲ့ ထာ်းသသာ သထ ည ် အစှိတအ် ပှိုင်း်
ミャンマー語,30,4.0,スペーサ,ကကာ်း ခ ပာ်း
ミャンマー語,30,5.0,鉄筋,သတ ငှို ၊်သသ ာင်း်
ミャンマー語,30,6.0,電工ドラム（ドラム）,ပလတသ် ပါကမ် ာ်းပါသသာ ဓာတက်ကြုံှိ်းရစ်လ်း ု (ဒရမ်)
ミャンマー語,30,7.0,電動丸のこ（電のこ）,လျှပ်စစ်လအ ဝှိုင်း်
ミャンマー語,30,8.0,パッキン,အလပ ု ှိတရ် နသ် ်း ု သသာ သရာ်ောကငွ ်း်
ミャンマー語,30,9.0,小バール,သေ ာ်းသ ာင်း် အသသ်း
ミャンマー語,31,10.0,大バール,သေ ာ်းသ ာင်း် အကက်း
ミャンマー語,31,11.0,化粧合板,အလဆ င ် အထပ်သာ်းခပာ်း
ミャンマー語,31,12.0,普通合板,ရုှိ်းရုှိ်းအထပ်သာ်းခပာ်း
ミャンマー語,31,13.0,スタイロフォーム,သဖာခဲ့ပာ်း (Styrofoam)
ミャンマー語,31,14.0,面木,ပ ုစ ကွ သ် ောင၏် သထာငတ်ဲ့ ငွ ထ် ညသ်ဲ့ သာ ြှ သ်း ု သခမာငပ် ုအစှိတအ် ပှိုင်း်
ミャンマー語,31,15.0,バイブレーター,လျှပ်စစ်တနု ် ါ စကက် ရှိ ှိယာ
ミャンマー語,31,16.0,剥離剤,ာွ သဆ်း
ミャンマー語,31,17.0,けこみ板,သလက ာ်း စသညတ် ၏ှို ဲ့ သဒါငလ် ကှို အ် ခပာ်း
ミャンマー語,31,18.0,目地棒,ကနွ က် ရစ်တငွ ် သခမာင်း် သဖာ်ရန ် ထညသ်ဲ့ သာ အသ ာင်း်
ミャンマー語,31,19.0,コンクリート,ကနွ က် ရစ်
ミャンマー語,32,20.0,コンベックス,အလ ာ်းတငှို ်း် သည ်ဲ့ သသ ပတအ လပှိ ်
ミャンマー語,32,21.0,作業用手袋,လပု ်ငန်း် ငွ သ် ်း ု လကအ် ပှိ ်
ミャンマー語,32,22.0,差金,သသ ပတသ ထာငမ်ဲ့ န ် အသကာက်
ミャンマー語,32,23.0,水平器,သရခပငည် တ ငှို ်း် သည ်ဲ့ ကရှိ ှိယာ
ミャンマー語,32,24.0,墨さし,သစ်သာ်းတငွ ် အမ တအ် သာ်း သရ်းခ စ်ရန် သ်း ု သသာ ဝါ်း ျွနခ်ပာ်း
ミャンマー語,32,25.0,墨つぼ,မငအ် နက ် ထညသ်ဲ့ သာ သစ်သာ်းအု်းှိ
ミャンマー語,33,1.0,丸セパレーター （丸セパ）,ပ ုစ ကွ သ် ောငတ် ပ်ဆငရ် ာ တငွ ် သတမ် တထ် ာ်းသသာ အက ယက် ှို မ နက် နစ် ွာ ထနှိ ်း် ရန ် သ်း ု သသာ သတတ ြုံသ ာင်း်
ミャンマー語,33,2.0,天端釘,ကနွ က် ရစ်မ ကန္် ာ ခပငတ် ငွ ် စှိုကထ် ာ်းသသာ သသ ာင်း်
ミャンマー語,33,3.0,ケレン,သနရ် ဲ့ င်း် သရ်း
ミャンマー語,33,4.0,型枠支保工,ကနွ က် ရစ်သလာင်း် ှိနတ် ငွ ် ပ ုစ ကွ သ် ောငက် ှို သထာကက် နသ် ည ်ဲ့ လပု ်ငန်း်
ミャンマー語,33,5.0,基礎型枠 （メタルフォーム）,သအာက ် က နွ က် ရစ်တငွ ် သဒါငလ် ကှို စ် ှိုကထ် ာ်းသသာ သတ ငှို ပ် တလ် ည၌် ဆငသ် သာသောင်
ミャンマー語,33,6.0,釘仕舞い,ရုှိကထ် ာ်းသသာ သသ ာင်း် မ ာ်းက ှို ခပနန္် တှု သ် မှိ ််းဆည်း် ခ င်း်
ミャンマー語,33,7.0,スラブ天端,ကကမ််းခပငခ်ပာ်း
ミャンマー語,33,8.0,高さ（タッパ）,အခမင်ဲ့
ミャンマー語,33,9.0,建込み,သဒါငလ် ကှို ် တပ်ဆငခ် င်း်
ミャンマー語,34,10.0,通り,ခပနခ်ပငခ် င်း်
ミャンマー語,34,11.0,蹴上げ,သလက ာ်းတစ်ဆင၏်ဲ့ အခမင်ဲ့
ミャンマー語,34,12.0,蹴込み,သလက ာ်း၏ သခ နင်း် အက ယ်
ミャンマー語,34,13.0,工具の手入れ,ကရှိ ှိယာမ ာ်းက ှို ခပြုံခပငထ် နှိ ်း် သမှိ ််းခ င်း်
ミャンマー語,34,14.0,下げ振り,ှိနသ် ်း
ミャンマー語,34,15.0,地墨,ကကမ််းခပင ် စသညတ် တှို ဲ့ ငွ ် ခ စ်မ တထ် ာ်းသသာ မင်
ミャンマー語,34,16.0,捨てコンクリート,သခမသာ်းသပေါ်တငွ သ် ရ ်းဥ ်းစွာ သလာင်း် သသာ ကနွ က် ရစ်အလာ
ミャンマー語,34,17.0,はね出し,ကျွ ထကွ သ် နခ င်း်
ミャンマー語,34,18.0,はらみ,သဖာင်း် ကကခ င်း်
ミャンマー語,35,19.0,前面,သရ ွဲ့မ ကန္် ာ ခပင်
ミャンマー語,35,20.0,養生,ပပ ်းသာွ ်းသသာအပှိုင်း် မ ာ်းကှို ထ ှိ ကှို မ် ှုမရှိ သစရန ် ထနှိ ်း် သမှိ ််းခ င်း်
ミャンマー語,35,21.0,レベル,အနမှိ ်ဲ့အခမင၊်ဲ့ သရခပငည်
ミャンマー語,35,22.0,割付,သွ ဝသတမ် တခ် င်း်
ミャンマー語,35,23.0,埋め込み金物,ြှ ခမြုံပ်ထာ်းသသာ သထ ညပ် စစည်း်
ミャンマー語,35,24.0,解体する（バラス）,ပဖှိြုံဖ ကသ် ည်
ミャンマー語,35,25.0,かぶり寸法,သသ ာင်း် ကအှို ုပ်သည ်ဲ့ ကနွ က် ရစ်၏ အထူ
ミャンマー語,36,1.0,異形棒鋼,ပ ုသဏ္ဍာနမ် တညူ သ ည ်ဲ့ သသ ာင်း် မ ာ်း
ミャンマー語,36,2.0,結束線,တ ွ ညသ် ညက်ဲ့ကြုံှိ်း
ミャンマー語,36,3.0,結束工具,ညသ် န္ာ ငသ် ညက်ဲ့ ရှိ ှိယာ
ミャンマー語,36,4.0,鉄筋切断機,သသ ာင်း် ခဖတစ် က်
ミャンマー語,36,5.0,鉄筋曲げ加工機,သသ ာင်း် သက်းွ စက်
ミャンマー語,36,6.0,フック,သသ ာင်း် အဖ ာ်းရှိ သက်းွ ထာ်းသညအ်ဲ့ ပှိုင်း်
ミャンマー語,36,7.0,保護帽（ヘルメット）,ကာကယွ သ် ရ်းဥ ်းထပု ် (Helmet)
ミャンマー語,36,8.0,アンカー,ကနွ က် ရစ်မ အစွန်း် ထကွ သ် သ ာင်း်
ミャンマー語,36,9.0,加工場,အလပု ်ရု
ミャンマー語,37,10.0,スペーサ―,ကနွ က် ရစ်သလာင်း် ှိန ် သသ ာင်း် မလပှု ်ရနန္် င ်ဲ့ သသ ာင်း် ၏ ကနွ က် ရစ် အတငွ ်း် ရှိ အနကက် ှို ထနှိ ်း် ရန ် သ်း ု သညပ်ဲ့ စစည်း်
ミャンマー語,37,11.0,ドーナツ,သသ ာင်း် ၏ ကနွ က် ရစ် အတငွ ်း် ရှိ အနကက် ှို ထနှိ ်း် ရန ် သသ ာင်း် တငွ ် တပ်သည ်ဲ့ ပလပ်စတစ်ခပာ်း
ミャンマー語,37,12.0,加工配筋図,သက ကူ နွ က် ရစ် တညသ် ဆာကရ် နပ် ု
ミャンマー語,37,13.0,配筋詳細図,သက ကူ နွ က် ရစ် တညသ် ဆာကခ် င်း် အသသ်းစှိတပ် ု
ミャンマー語,37,14.0,開口補強筋,အသပါက ် အာ်းကသူ သ ာင်း်
ミャンマー語,37,15.0,幅止め筋,သသ ောင၏် အက ယ ် ပငမှိ ်သစရန ် ကနလ် ဲ့ န ် ဲ့ ထ ာ်းသည ်ဲ့ သသ ာင်း်
ミャンマー語,37,16.0,差筋,(ကနွ က် ရစ်တငွ ်) အစွန်း် ထကွ သ် သ ာင်း် က ှို စှိုကသ် ငွ ်း် ခ င်း်
ミャンマー語,37,17.0,柱主筋,သကာ်လတ ငှို ် အဓှိကသတ ငှို ်
ミャンマー語,37,18.0,柱配筋,သကာ်လတ ငှို အ် ာ်း သထာကက် နသ် ပ်းသည ်ဲ့ သသ ာင်း်
ミャンマー語,38,19.0,スラブ筋,ကကမ််း င်း် အတငွ ်း် ရှိ သသ ာင်း်
ミャンマー語,38,20.0,ベース筋,သအာက ် သ သ ာင်း်
ミャンマー語,38,21.0,帯筋（フープ）,သကာ်လတ ငှို သ် သ ာင်း် အာ်း ပတထ် ာ်းသညသ်ဲ့ သ ွ
ミャンマー語,38,22.0,下端筋,ရကမ် ရှိ သသ ၏ွ သအာကေ် ကရ် ှိ သသ ာင်း်
ミャンマー語,38,23.0,上端筋,ရကမ် ရှိ သသ ၏ွ အသပေါ်ေကရ် ှိ သသ ာင်း်
ミャンマー語,38,24.0,主筋,အဓှိကသသ ာင်း်
ミャンマー語,38,25.0,あばら筋,ရကမ် စသည ်ဲ့ အလ ာ်းလကှို ် သနရာမ ာ်းတငွ ် သ်း ု သည ်ဲ့ သသ ာင်း် ငယ်
ミャンマー語,39,1.0,はかま筋,သဆ ငရ် ာတငွ ် အသပေါ်ေကခ် မ််းရှိ သသ ာင်း်
ミャンマー語,39,2.0,縦筋,သဒါငလ် ကှို သ် သ ာင်း်
ミャンマー語,39,3.0,下筋,ရကမ် ၏ သအာကပ် ှိုင်း် ရှိ သသ ာင်း်
ミャンマー語,39,4.0,横筋,အလ ာ်းလကှို သ် သ ာင်း်
ミャンマー語,39,5.0,腹筋,အဓှိကသတ ငှို န္် င အ်ဲ့ ပပှိြုံင ် ထညသ်ဲ့ ငွ ်း် ထာ်းသည ်ဲ့ သသ ာင်း်
ミャンマー語,39,6.0,配力筋,အဓှိကသတ ငှို န္် င ်ဲ့ သထာငမ်ဲ့ နအ် သနအထာ်း တယွ ဆ် ကသ် ည ်ဲ့ သသ ာင်း်
ミャンマー語,39,7.0,上筋,ရကမ် ၏ အသပေါ် ပှိုင်း် ရှိ သသ ာင်း်
ミャンマー語,39,8.0,スパイラル筋,စပရငက် သ ဲ့ ှို ရဲ့ စ်သ သွ ည ်ဲ့ ပ ုစ ရှိ သသ ာင်း်
ミャンマー語,39,9.0,鉄筋径,သသ ောင၏် အ င်း်
ミャンマー語,39,10.0,かぶり厚さ,သသ ာင်း် က ှို ဖ ု်းအုပ်ထာ်းသသာ ကနွ က် ရစ်၏ အထူ
ミャンマー語,40,11.0,角度,သထာင်ဲ့
ミャンマー語,40,12.0,シングル,(သတ ငှို )် တစ်တန်း်
ミャンマー語,40,13.0,ダブル,(သတ ငှို )် န္စ ်တန်း်
ミャンマー語,40,14.0,千鳥結束,ကကကသ် ခ တ ် ညသ် န္ာ ငခ် င်း်
ミャンマー語,40,15.0,切断寸法,ခဖတသ် တာကမ် ည ်ဲ့ အရ ည်
ミャンマー語,40,16.0,加工寸法,ခပြုံခပငလ် ပု ်သဆာငမ် ည ်ဲ့ အတငှို ်း် အတာ
ミャンマー語,40,17.0,重ね継手,သသ ာင်း် ၂ သ ာင်း် ၏ အဖ ာ်းက ှို ထပ်၍ ဆကခ် င်း်
ミャンマー語,40,18.0,圧接継手,ဖှိအာ်းခဖင ်ဲ့ တယွ ဆ် ကခ် င်း်
ミャンマー語,40,19.0,開口部,သသ ောငဆ် ငရ် ာတငွ ် အလယ၌် နထ် ာ်း သ ဲ့ ည်ဲ့ အသပါက်
ミャンマー語,40,20.0,溶接金網,ဂသဟဆကထ် ာ်းသသာ သသ ာင်း် ဆန ် ါကကွ ်
ミャンマー語,41,21.0,搬出,(ပစစည်း် ) ထတု ခ် င်း်
ミャンマー語,41,22.0,搬入,(ပစစည်း် ) သငွ ်း် ခ င်း်
ミャンマー語,41,23.0,基礎,သအာကသ် ခ သဖာငသ် ဒ်းရ င်း်
ミャンマー語,41,24.0,機械式継手,သသ ာင်း် ၂ သ ာင်း် က ှို စကက် သှို ်း ု ၍ ဆကခ် င်း်
ミャンマー語,41,25.0,配筋検査,သသ ောငဆ် ငပ်ပ ်းသနာက ် စစ်သဆ်းမှု
ミャンマー語,42,1.0,トラクタ,ထနွ စ် က ် (Tractor)
ミャンマー語,42,2.0,ブルドーザ,သခမထ်းှို စက ် (ေဒူ ဇှို ာ)
ミャンマー語,42,3.0,トラクタショベル,ထရကတ် ာသရ ာ်ဗယ ် (Tractor shovel)
ミャンマー語,42,4.0,ホイルローダ,ကာ်းေ်း ခဖငသ်ဲ့ ာွ ်းသသာ ထရကတ် ာသရ ာ်ဗယက် ာ်း
ミャンマー語,42,5.0,ダンプトラック,သခမသက ာကသ် ယက် ာ်း (Dump truck)
ミャンマー語,42,6.0,油圧ショベル,ဟကှို ဒ် သရာလစ်သရ ာ်ဗယ ် (Hydraulic shovel)
ミャンマー語,42,7.0,バックホウ,ေကဟ် ်းှို
ミャンマー語,42,8.0,ローディングショベル,သခမသက ာကတ် ငဖ် ှိုရဲ့ ာတငွ သ် ်း ု သသာ ဟကှို ဒ် သရာလစ် သရ ာ်ဗယ ် (Loading shovel)
ミャンマー語,43,9.0,ローラ,တလမှိ ်ဲ့တ်း ု (ရုှိလာ)
ミャンマー語,43,10.0,バケット,သခမသက ာကသ် ယ ် ကွ ် (Bucket)
ミャンマー語,43,11.0,ブーム,ကရှိန်း် ၊သရ ာ်ဗယက် ာ်း စသညတ် ၏ှို ဲ့ လကတ် အရင်း် ပှိုင်း် (Boom)
ミャンマー語,43,12.0,アーム,ကရှိန်း် ၊သရ ာ်ဗယက် ာ်း စသညတ် ၏ှို ဲ့ လကတ် အဖ ာ်းပှိုင်း် (Arm)
ミャンマー語,43,13.0,ブレード（排土板）,သခမတနွ ်း် သရ ွဲ့သည ်ဲ့ ေလတှိ ခ်ပာ်း
ミャンマー語,43,14.0,タイヤ,ေ်း ၊ တာယာ
ミャンマー語,43,15.0,クローラ,ယာဥ်၏ေ်း မ ာ်းကပှို တ၍် လမှိ ်ဲ့သသာ (သရာ်ော) ှိန်း် ါ်းပတခ်ပာ်း
ミャンマー語,43,16.0,キー（鍵）,သသာဲ့
ミャンマー語,43,17.0,作業装置 （アタッチメント）,လပု ်ငန်း် သ်း ု တပ်ဆငစ် ရာ ကရှိ ှိယာ (Attachment)
ミャンマー語,43,18.0,エンジン,အငဂ် ငစ် က်
ミャンマー語,43,19.0,ディーゼルエンジン,ဒဇ ယအ် ငဂ် ငစ် က်
ミャンマー語,44,20.0,エンジンオイル,အငဂ် ငဝ် ှိုင၊်အငဂ် ငဆ်
ミャンマー語,44,21.0,オルタネータ （充電発電機）,ခပနလ် န လ် ျှပ်ထတု စ် က ် (သအာ်လတ် ာသနတာ)
ミャンマー語,44,22.0,バッテリ,ေကထ် ရ အု်းှိ ၊ဓာတ ်
ミャンマー語,44,23.0,燃料,သလာငစ် ာဆ
ミャンマー語,44,24.0,軽油,ဒဇ ယဆ်
ミャンマー語,44,25.0,ブレーキ,ေရှိတ်
ミャンマー語,45,1.0,油圧シリンダ,ဟကှို ဒ် သရာလစ် ဆလငဒ် ါ
ミャンマー語,45,2.0,油圧モータ,ဟကှို ဒ် သရာလစ် သမာ်တာ
ミャンマー語,45,3.0,油圧ポンプ,ဟကှို ဒ် သရာလစ် ပန် ဲ့
ミャンマー語,45,4.0,水漏れ,သရယစှို ှိမ်ဲ့ခ င်း်
ミャンマー語,45,5.0,油漏れ,ဆယ စှို ှိမ်ဲ့ခ င်း်
ミャンマー語,45,6.0,冷却水,အသအ်း သ ပ်းသညသ်ဲ့ ရ
ミャンマー語,45,7.0,ブレーキ液,ေရှိတအ် ရည်/ေရှိတဆ်
ミャンマー語,45,8.0,燃料タンク,သလာငစ် ာဆပ ု်း၊ သလာငစ် ာဆက န်
ミャンマー語,45,9.0,ファンベルト,ပနက် ာကကြုံှိ်း
ミャンマー語,45,10.0,空気圧,(ေ်း ၊ တာယာထရ ှိ ) သလဖှိအာ်း
ミャンマー語,45,11.0,クラッチ,(ကာ်း) ကလပ်
ミャンマー語,45,12.0,急発進,ရုတတ် ရကအ် ခမန ် စထကွ ခ် င်း်
ミャンマー語,45,13.0,急ブレーキ,ရုတတ် ရကအ် ခမန ် ေရှိတအ် ုပ်ခ င်း်
ミャンマー語,46,14.0,アイドリング,(အငဂ် င်) န္်းှိှု ၍ အလတွ ် လညသ် စခ င်း်
ミャンマー語,46,15.0,走行,(ကာ်း) သခပ်းခ င်း် /သာွ ်းခ င်း်
ミャンマー語,46,16.0,旋回,ဆလ ု ညလ် ည ခ်ဲ့ င်း်
ミャンマー語,46,17.0,安全ロック,အန္ရတ ာယက် င်း် သစရန၊် စကအ် စှိတအ် ပှိုင်း် မ ာ်း မသရွွဲ့ရ ာ်းန္ငှို သ် အာင ် ထမှိ ််း ြုံပ်သည ်ဲ့ ကရှိ ှိယာ
ミャンマー語,46,18.0,安全支柱,ခပြုံတက် မညအ်ဲ့ န္ရတ ာယက် ာ ကယွ သ် ရ်း သထာကတ် ငှို ်
ミャンマー語,46,19.0,補給（する）,ခဖညခ်ဲ့ င်း်
ミャンマー語,46,20.0,駐車（する）,(ပါကငမ် ာ) ကာ်းရပ်ခ င်း် ၊ ကာ်းထ်းှို ခ င်း်
ミャンマー語,46,21.0,歩行者,လမ််းသာွ ်းလမ််းလာ
ミャンマー語,46,22.0,車両,ေ်း တပ်ယာဥ်
ミャンマー語,46,23.0,死角,(ယာဥ်သမာင်း် ) မ ကက် ယွ ်
ミャンマー語,46,24.0,斜面,ကနု ်း် သစာင်း် ၊ ဆငသ် ခ သလျှာ
ミャンマー語,46,25.0,転圧（する）,သအာကသ် ခ သခမသာ်းမ ာ်းကှို တလမှိ ်ဲ့တ်း ု စသညတ် ခှိုဖဲ့ င ်ဲ့ ဖှိ၍ သပှိ ်သည်း် သစခ င်း်
ミャンマー語,47,1.0,接触（する）,ထ(ှိ သည်)
ミャンマー語,47,2.0,作動（する）,လပှု ်ရ ာ်းလညပ် တ်(သည်)
ミャンマー語,47,3.0,整備（する）,ြှ အဆငခ်ဲ့မငတ်ဲ့ င်(သည်)
ミャンマー語,47,4.0,点検（する）,စစ်သဆ်း(သည်)
ミャンマー語,47,5.0,動かす,သရ ွဲ့သည၊်လပှု ်ရ ာ်းသစသည်
ミャンマー語,47,6.0,運転（する）,သမာင်း် န္င ်(သည်)
ミャンマー語,47,7.0,測る,တငှို ်း် သည်
ミャンマー語,47,8.0,操作（する）,သမာင်း် (သည်)
ミャンマー語,47,9.0,停止（する）,ရပ်(သည်)
ミャンマー語,47,10.0,切る,ခဖတသ် ည၊်ရပ်သစသည်
ミャンマー語,47,11.0,回す,လည ပ်ဲ့ တသ် ည၊်ခဖနသ် ဲ့ ဝသည်
ミャンマー語,48,12.0,押す,တနွ ်း် သည၊် ( လတု ်)န္ပှိ ်သည်
ミャンマー語,48,13.0,集める,စုစည်း် သည်
ミャンマー語,48,14.0,触る,(လကန္် င ်ဲ့)ထသှိ ည၊်ကငှို သ် ည်
ミャンマー語,48,15.0,縛る,ညသ် န္ာ ငသ် ည်
ミャンマー語,48,16.0,揃える,ြှ ညသှိ ည်
ミャンマー語,48,17.0,結ぶ,ထ်း ု သည၊် ညသ် ည်
ミャンマー語,48,18.0,しゃがむ,သဆာငသ်ဲ့ ကကာငထ်ဲ့ ငှို သ် ည်
ミャンマー語,48,19.0,調整（する）,ြှ ကကှို ည် ှိ(သည်)
ミャンマー語,48,20.0,閉じる,ပှိတသ် ည်
ミャンマー語,49,1.0,取り出す,ထတု ယ် သူ ည်
ミャンマー語,49,2.0,戻す,ခပနထ် ာ်းသည်
ミャンマー語,49,3.0,仕上げる,သနာကဆ် ်း ု ပှိတအ် သ ာသပ်သည်
ミャンマー語,49,4.0,折れる,က ှိြုံ်းသည်
ミャンマー語,49,5.0,欠ける,ပ ဲ့သည်
ミャンマー語,49,6.0,近づく,အနာ်းကပ်လာသည်
ミャンマー語,49,7.0,電源を入れる,လျှပ်စစ် လတု က် ဖှို ွငသ်ဲ့ ည်
ミャンマー語,49,8.0,電源を落とす,လျှပ်စစ် လတု က် ပှို ှိတသ် ည်
ミャンマー語,49,9.0,スイッチを切る,လတု ပ် ှိတသ် ည်
ミャンマー語,49,10.0,固定（する）,( ငှို မ် ာသအာင်)တပ်ဆင(် သည်)
ミャンマー語,49,11.0,ゆるめる,(သ ာငလ် ညသ် အာင်) သလျှာသဲ့ ည်
ミャンマー語,49,12.0,伸ばす,ဆဆွ နသ် ဲ့ ည်
ミャンマー語,49,13.0,外す,ဖယရ် ာ်းသည်
ミャンマー語,49,14.0,曲げる,သက်းွ သည်
ミャンマー語,49,15.0,出す,(အခပင်)ထတု သ် ည်
ミャンマー語,49,16.0,乾かす,အသခ ာက ် သ ည်
ミャンマー語,50,17.0,数える,သရတကွ သ် ည်
ミャンマー語,50,18.0,運ぶ,သယသ် ဆာငသ် ည်
ミャンマー語,50,19.0,積む,ပ ုသည်
ミャンマー語,50,20.0,下ろす,သအာက ် သည်
ミャンマー語,50,21.0,離れる,စွန ် ဲ့ ာွ သည၊်သရ ာငတ် မှိ ််းသည်
ミャンマー語,51,1.0,位置,သနရာ
ミャンマー語,51,2.0,寸法,အတငှို ်း် အထာွ
ミャンマー語,51,3.0,測定（する）,တငှို ်း် တာ(သည)်
ミャンマー語,51,4.0,計測（する）,ခ ငတ် ယွ တ် ငှို ်း် တာ(သည)်
ミャンマー語,51,5.0,計測器,ခ ငတ် ယွ တ် ငှို ်း် တာသည ်ဲ့ ကရှိ ှိယာ
ミャンマー語,51,6.0,温度,အပူ ှိန်
ミャンマー語,51,7.0,高さ,အခမင်ဲ့
ミャンマー語,51,8.0,長さ,အရ ည၊်အလ ာ်း
ミャンマー語,51,9.0,重さ,အသလ်း ှိန်
ミャンマー語,51,10.0,厚さ,အထူ
ミャンマー語,51,11.0,硬さ,အမာ
ミャンマー語,51,12.0,深さ,အနက်
ミャンマー語,51,13.0,表面,မ ကန္် ာ ခပင်
ミャンマー語,51,14.0,すきま,ကကာ်းလပ်သနသညသ်ဲ့ နရာ
ミャンマー語,51,15.0,中心,ဗဟ ှို က်
ミャンマー語,52,16.0,値,တနဖ် ှို်း
ミャンマー語,52,17.0,安定（する）,တညပ်ငမှိ ်(သည)်
ミャンマー語,52,18.0,大きさ,အရွယအ် စာ်း
ミャンマー語,52,19.0,数,အသရအတကွ ်
ミャンマー語,52,20.0,誤差,အလ၊ွ အမ ာ်း
ミャンマー語,52,21.0,中,အတငွ ်း် ၊အထ
ミャンマー語,52,22.0,反対,ဆနက် ဲ့ ငေ် က၊် အခ ာ်းတစ်ဖက၊် မ ကန္် ာ င်း် ဆငှို ်
ミャンマー語,52,23.0,周り,အန်း ပတဝ် န်း် က င်
ミャンマー語,52,24.0,尺,ရ ု (အရ ည၊်အလျှာ်း)
ミャンマー語,52,25.0,青,အခပာသရာင်
ミャンマー語,52,26.0,赤,အနသ ရာင်
ミャンマー語,52,27.0,白,အခဖြူသရာင်
ミャンマー語,52,28.0,黄色,အဝါသရာင်
ミャンマー語,53,1.0,片づける,သနစ် ဲ့ ငသ် မှိ ််းဆည်း် သည်
ミャンマー語,53,2.0,捨てる,စွနပ် ဲ့ စ်သည်
ミャンマー語,53,3.0,掃く,(တခ မကစ် ည်း် )လည ်း် က င်း် သည်
ミャンマー語,53,4.0,持ち上げる,မသည်
ミャンマー語,53,5.0,束ねる,စည်း် သည်
ミャンマー語,53,6.0,足をくじく,သခ ဆစ်သ ါကသ် ည်
ミャンマー語,54,1.0,一輪車,ေ်း တစ်ေ်း သာပါသည ်ဲ့ ပစစည်း် သယလ် ည ်း်
ミャンマー語,54,2.0,支柱,သထာကတ် ငှို ်
ミャンマー語,54,3.0,ショベル,သဂေါ် ခပာ်း၊ငန်း် ခပာ်း
ミャンマー語,54,4.0,かけや,သစ်သာ်းတအူ ကက်း စာ်း
