Annotasyon,Halimbawa,Larawan,No.,Paano Magbasa,Page,Pagsasalin,Palatandaan,Talasalitaan
,,,1,ぎのうじっしゅう,1,Technical Intern Training,,技能実習
"Ang pagbabawas ng fixed na halaga mula
sa orihinal na halaga.
Pangunahing ginagamit ito kapag
naglalabas ng halaga ng buwis.","かぞく やしな ひと ふようこうじょ
家族を養っている人は、「扶養控除」
う ばあい
を受けられる場合がある",,1,こうじょ（する）,4,"Bawas / Exemption
(Babawasan)",,控除（する）
"Non-profit na organisasyon kung
saan namamahala at nagtuturo
sa mga Technical Intern Trainee
upang magkamit ng kakayahan.",,,1,かんりだんたい,3,"Namamahalang
organisasyon",,監理団体
,,,1,いち,44,posisyon,,位置
,,,1,かきげんきん,10,"Mahigpit na
ipinagbabawal ang",,火気厳禁
,,,1,あんぜんかばー,2,"Safety cover/Takip pang-
kaligtasan",,安全カバー
,,,1,とりだす,43,ilabas / take out,,取り出す
"Ang S ay ang unang letra ng bawat
salita ng mga sumusunod: Suriin,
Sinupin, Simutin, Siguruhin ang
kalinisan, Sariling Kusa. Ang limang
salitang ito ay ginagamit upang
mapanatili at mapabuti ang lugar ng
trabaho.",,,1,ごえす,7,5S,,5S
,,,1,きんし,13,bawal,,禁止
,"い け いぼうこう もち
異形棒鋼を用いる",,1,いけいぼうこう,31,deformed steel bar,,異形棒鋼
,,,1,ゆあつしりんだ,40,hydraulic cylinder,,油圧シリンダ
,,,1,"けーわいかつどう（きけん
よちかつどう）",14,"Aktibidad ng KY (Aktibidad
para Kilalanin ang
Panganib)",,KY活動（危険予知活動）
,,,1,ぎのう,12,pagsasanay,,技能
,"まる かたわく こ て い
丸セパレーターで型枠を固定する",,1,"まるせぱれーたー
（まるせぱ）",28,"bilog na panghiwalay /
round separator",,"丸セパレーター
（丸セパ）"
,"さんれん たんかん けつごう
三連クランプで単管を結合する",,1,さんれんくらんぷ,19,triple clamp,,三連クランプ
,,,1,たちいりきんし,17,Bawal Pumasok,,立入禁止
,"じゅうき せっしょく
重機に接触してけがをする",,1,せっしょく（する）,42,sagi / masagi,,接触（する）
"Pangunahin itong tawag sa takip na
nakakabit sa electric circular saw.
Ginagamit ito upang iwasan ang
paglundag ng circular saw papunta sa
katawan nang dahil sa kickback atbp.
kapag pagpuputol.","あんぜん しよう じこ ふせ
安全カバーの使用で事故を防ぐ",,1,あんぜんかばー,25,safety cover,,安全カバー
"Lubid kung saan sinasabit ang
sinturong pangkaligtasan (sinturong
may lifeline) sa lugar ng
konstrusksyon. Ilagay ito nang hindi
lumalaylay sa pagitan ng mga poste
upang maprotektahan ang mga
manggagawa sa lugar ng trabaho.","おやづな あんぜんたい
親綱に安全帯をかける",,1,おやづな,22,safety line,,親綱
"Ang mga makinang may nakakabit na
aparato sa paggawa (attachment) sa
tractor ay tinatawag na bulldozer,
tractor shovel, atbp.",,,1,とらくた,37,tractor,,トラクタ
,"きん く み た
はかま筋を組立てる",,1,はかまきん,34,hakama reinforcement,,はかま筋
,,,1,ちこく（する）,6,Huli (Mahuhuli),,遅刻（する）
,,,2,きけん,14,panganib,,危険
,,,2,ぎじゅついてん,3,Paglilipat ng kakayahan,,技術移転
,,,2,ぎのうけんていしけん,12,Trade Skills Test,,技能検定試験
,"けっそくせん てっきん しば
結束線で鉄筋を縛る",,2,けっそくせん,31,"tie wire / alambreng pang
dikitin o pagsamahin",,結束線
,,,2,ゆあつもーた,40,hydraulic motor,,油圧モータ
,,,2,ぎのうじっしゅうせい,1,Technical Intern Trainee,,技能実習生
,,,2,ぼーなす,4,Bonus,,ボーナス
"Sa pamamagitan ng paglilinaw kung
ano ang kailangan at di-kailangan, at
sa pagbabahagi ng impormasyon ay
mapapabuti ang kalidad at pagiging
produktibo sa trabaho.",,,2,せいり,7,Suriin,,整理
,,,2,かいほうげんきん,10,"Mahigpit na
ipinagbabawal ang",,開放厳禁
,,,2,けが,2,Pinsala,,けが
,,,2,きんえん,17,Bawal Manigarilyo,,禁煙
,"たてきん く み た
縦筋を組立てる",,2,たてきん,34,vertical reinforcement,,縦筋
"Makinang may nakakabit na blade sa
tractor",,,2,ぶるどーざ,37,bulldozer,,ブルドーザ
,"てん てん ば くぎ う
コンクリート天に天端釘を打つ",,2,てんばくぎ,28,levee crown nail,,天端釘
,"つか こ う ぐ もと ば し ょ もど
使った工具は元の場所に戻す",,2,もどす,43,ibalik,,戻す
,"つち こ う ん ぱ ん
ベルトコンベアで土を小運搬する",,2,"べるとこんべあ
（べるこん）",19,belt conveyor,,"ベルトコンベア
（ベルコン）"
,"たてわく もち あ し ば く み た
建枠（ビティ）を用いて足場を組立て
る",,2,たてわく（びてぃ）,22,standard scaffold (Beatty),,建枠（ビティ）
,,,2,ひょうじばん,13,karatula,,表示板
,,,2,すんぽう,44,dimensyon,,寸法
,,,2,そうたい（する）,6,"Umalis ng maaga (Aalis ng
maaga)",,早退（する）
,"あんぜんたい あ し ば と つ
安全帯を足場に取り付ける",,2,あんぜんたい,25,safety belt,,安全帯
,"か さ い ほ う ち き さ ど う
火災報知器が作動する",,2,さどう（する）,42,pag-andar /umandar,,作動（する）
"Tinatawag din itong “curing sheet”
at “scattering-proof net”, “yojo-
shiito”, “hisan-boushi-shiito”.","あ し ばわく と つ
足場枠にメッシュシートを取り付ける",,3,めっしゅしーと,22,mesh sheet,,メッシュシート
,,,3,ぎのうじっしゅうきかん,3,Panahon ng pagsasanay,,技能実習期間
"Malaking mallet. Tinatawag din
itong “Narimono,” “Oonari.” Ang
masong ginagamit sa dalawang
kamay ay tinatawag na “kakeya,”
ang mallet na ginagamit sa isang
kamay ay “kizuchi” o “konekiri.”","くい う こ
かけやで杭を打ち込む",,3,かけや,19,maso,,かけや
"Ito ay makinang may nakakabit na
bucket sa tractor. Mayroong tipong
crawler at tipong gulong",,,3,とらくたしょべる,37,tractor shovel,,トラクタショベル
,,,3,きんしじこう,13,bagay na bawal gawin,,禁止事項
,,,3,じゅけん（する）,12,Pagkuha ng pagsusulit,,受検（する）
,"ひょうめん
コンパネの表面をけれんする",,3,けれん,28,surface treatment,,ケレン
"Reinforcing bar na karaniwang
ginagamit sa Japan","けっそく こ う ぐ もち てっきん しば
結束工具を用いて鉄筋を縛る",,3,けっそくこうぐ,31,deformed steel bar,,結束工具
,"トラクタショベルのバケットにぶつかっ
てけがをした",,3,ぶつかる,14,mabangga,,ぶつかる
,,,3,しあげる,43,tapusin,,仕上げる
,"しゃりょう せ い び
車両の整備をする",,3,せいび（する）,42,"pag-maintain
(maintenance) /
i-maintain",,整備（する）
,"せ っ ち
インサートをコンクリートに設置するた
かたわく う こ
め、型枠に打ち込む",,3,いんさーと,25,insert,,インサート
,,,3,きゅうけい（する）,6,Pahinga (Magpapahinga),,休憩（する）
"Tungkol ito sa pagpapasya kung saan
at kung paano ilalagay ang mga
kinakailangang aytem, at tiyakin na
ma-display ito ng maayos upang
mabawasan ang labis na pag aaksaya.",,,3,せいとん,7,Sinupin,,整頓
"Ito ang bakasyon o leave na binabayaran
kahit na nagpapahinga sa trabaho.
Bayad na bakasyon. Ang maikling termino
para sa bayad na bakasyon ay 「有休｣
""Bakasyon na may bayad""","らいしゅうゆうきゅう しんせいしょ だ
来週、有休をとるので申請書を出した",,3,ゆうきゅう,4,Bakasyon na may bayad,,有休
,,,3,ひょうしき,10,"Babala /
Tagapagpahiwatig",,標識
,,,3,そくてい（する）,44,pagsukat / magsukat,,測定（する）
,,,3,ゆあつぽんぷ,40,hydraulic pump,,油圧ポンプ
,,,3,けがをする,2,Mapinsala,,けがをする
,,,3,こうじょう,1,Pabrika,,工場
,"したきん く み た
下筋を組立てる",,3,したきん,34,lower reinforcement,,下筋
,,,3,かきげんきん,17,"Mapanganib: Bawal ang
Apoy",,火気厳禁
,"よこきん く み た
横筋を組立てる",,4,よこきん,34,side reinforcement,,横筋
Ito ay tamping rammer.,"じ ば ん し かた
ランマで地盤を締め固める",,4,らんま,19,pambayo,,ランマ
,,,4,ちゅうしゃきんし,17,Bawal Pumarada,,駐車禁止
,,,4,しかく,12,kwalipikasyon,,資格
"Tungkol ito sa paglilinis at gawing
malinis upang madaling maunawaan
ang lugar ng trabaho.",,,4,せいそう,7,Simutin,,清掃
,,,4,けいそく（する）,44,pagsukat / magsukat,,計測（する）
,,,4,でんげん,2,Supply ng kuryente,,電源
,,,4,みずもれ,40,tagas ng tubig,,水漏れ
"Ito ang araw na makakapag-leave sa halip
kung nagtrabaho sa araw na walang pasok.",,,4,だいきゅう,4,Compensatory leave,,代休
,"あ し ば お こ う ぐ からだ あ
足場から落ちてきた工具が体に当たっ
てけがをした",,4,あたる,14,tumama,,当たる
,"てっきんせ つだ んき てっきん せつだん
鉄筋切断機で鉄筋を切断する",,4,てっきんせつだんき,31,iron bar cutting machine,,鉄筋切断機
,"か た わ く し ほ こ う こ う じ おこな
型枠支保工の工事を行う",,4,かたわくしほこう,28,form timbering,,型枠支保工
"Tractor shovel na tipong gulong
(four-wheel drive)",,,4,ほいるろーだ,37,wheel loader,,ホイルローダ
,,,4,ひなんくんれん,13,evacuation drill,,避難訓練
,,,4,きをつける,10,Mag-iingat,,気をつける
,,,4,せいぞう,1,Produksiyon,,製造
,"くぎ お
釘が折れる",,4,おれる,43,mabali,,折れる
,"そうおんたいさく ぼうおん せ っ ち
騒音対策として防音パネルを設置す
る",,4,ぼうおんぱねる,22,soundproof panel,,防音パネル
,,,4,ざんぎょう（する）,6,"Overtime (Magtrabaho na
lampas sa takdang oras /
Magtrabaho ng overtime)",,残業（する）
,"さぎょうまえ こ う ぐ てんけん
作業前に工具を点検する",,4,てんけん（する）,42,inspeksyon / inspeksyunin,,点検（する）
,"かたわく と つ
型枠にスペーサを取り付ける",,4,すぺーさ,25,spacer,,スペーサ
,,,4,しょくしゅ,3,Uri ng trabaho,,職種
,"てっきん かたわく す き ま ちょうせい
鉄筋と型枠の隙間を調整する",,5,てっきん,25,reinforcing bar,,鉄筋
,"き か い うご
機械を動かす",,5,うごかす,42,ipaandar,,動かす
,"あさがおざい ひ ら い ら っ か ぼ う し
朝顔材は飛来落下防止のためにつか
う",,5,あさがおざい,22,protective shelf material,,朝顔材
,"まる は か
丸のこの刃が欠ける",,5,かける,43,magkulang,,欠ける
,"じゅうき し た じ
重機の下敷きになる",,5,したじきになる,14,madaganan,,下敷きになる
,,,5,あしもとちゅうい,17,Ingatan ang Hakbang!,,足もと注意
"Ginagamit ito sa pagbigkis sa mga
single pipes, at para sa
pagpapatatag ng slope.
Sa scaffolding, tinatawag na
“sujikai” (diagonal) ang
pagpapatatag ng slope.","じ ざ い もち たんかん きんけつ
自在クランプを用いて単管を緊結する",,5,じざいくらんぷ,19,movable clamp,,自在クランプ
,"はらきん く み た
腹筋を組立てる",,5,はらきん,34,midsection reinforcement,,腹筋
,,,5,ざいりゅうしかく,3,Status ng paninirahan,,在留資格
"Nagpagdesisyunan na oras.
Pangunahing tumutukoy sa oras ng
pagpasok at pag-alis sa trabaho.","き ょ う ていじ かえ
今日は定時に帰る",,5,ていじ,6,"Regular na oras / Takdang
oras",,定時
,"こうじょう けいたいでんわ も こ
工場に携帯電話を持ち込んではいけ
ない",,5,もちこむ,10,Dadalhin sa loob,,持ち込む
,,,5,けいそくき,44,instrumentong pangsukat,,計測器
,,,5,あぶらもれ,40,tagas ng langis,,油漏れ
tinatawag din itong “hacker”,"てっきん ま か こ う き てっきん ま
鉄筋曲げ加工機で鉄筋を曲げる",,5,てっきんまげかこうき,31,binding tool,,鉄筋曲げ加工機
,,,5,きかい,1,Makina,,機械
,"き そ かたわく く み た
基礎型枠を組立てる",,5,"きそかたわく
（めたるふぉーむ）",28,"foundation form (metal
form)",,"基礎型枠
（メタルフォーム）"
,,,5,だんぷとらっく,37,dump truck,,ダンプトラック
,,,5,かんでん（する）,13,pagkakuryente / makuryente,,感電（する）
,,,5,てあて,12,allowance,,手当
,,,5,でんげんをきる,2,"Putulin ang supply ng
kuryente",,電源を切る
"Isagawa ng maayos ang Suriin,
Sinupin at Simutin upang mapanatili
ang malinis at normal na kondisyon sa
trabaho.",,,5,せいけつ,7,Siguruhin ang kalinisan,,清潔
"Ang batas ng Japan kung saan nakatakda
ang mga pamantayan tungkol sa labor.",,,5,ろうどうきじゅんほう,4,"The Labour Standards
Act",,労働基準法
,"もち たんかん てっこつ
キャッチクランプを用いて単管と鉄骨
きんけつ
を緊結する",,6,きゃっちくらんぷ,19,catch clamp,,キャッチクランプ
,"さぎょうちゅう じゅうき ちか
作業中の重機に近づかない",,6,ちかづく,43,lumapit,,近づく
,,,6,ひじょうていしぼたん,2,Emergency stop button,,非常停止ボタン
,,,6,れいきゃくすい,40,coolant,,冷却水
,,,6,ぼうし（する）,13,pagpigil / pigilan,,防止（する）
,,,6,あんぜん,1,Kaligtasan,,安全
,,,6,ろうどうじょうけん,4,Kondisyon sa trabaho,,労働条件
,"てっきんた ん ぶ
鉄筋端部にフックをつける",,6,ふっく,31,hook,,フック
,,,6,ぱすぽーと,3,Pasaporte,,パスポート
,"あんぜんかくにん じ こ ふせ
安全確認して事故を防ぐ",,6,ふせぐ,10,Iwasan,,防ぐ
,"かたわく くぎ し ま
型枠をばらして釘仕舞いをする",,6,くぎしまい,28,"pag-alis sa pako mula sa
form / nail remover",,釘仕舞い
,,,6,しゃいん,12,empleyado,,社員
"Makinang may shovel na maaaring
palitan ng aparato sa paggawa
(attachment) para masagawa ang
iba’t ibang trabaho",,,6,ゆあつしょべる,37,power shovel,,油圧ショベル
,,,6,きそく,6,Patakaran,,規則
"Dahil mataas ang boltahe ng
kuryenteng dumadaloy dito, mataas
ang posibilidad na magkaroon ng
aksidente ng pagkakuryente.","か く うせん せっしょく
架空線へ接触させないようにする",,6,かくうせん,22,overhead wire,,架空線
,"でんこう さ こ
電工ドラムのコンセントに差し込む",,6,でんこうどらむ（どらむ）,25,"retractable extension
cord (drum)",,電工ドラム（ドラム）
,,,6,おんど,44,temperatura,,温度
"Ugaliin na ang gagawing trabaho o
gawain ay base sa napagpasyahan at
lumikha ng kultura sa trabaho na kung
saan magtutulungan ang bawat isa.",,,6,しつけ,7,Sariling Kusa,,しつけ
,"けんせつき か い うんてん
建設機械を運転する",,6,うんてん（する）,42,"pagmamaneho /
magmaneho",,運転（する）
,"あやま て う
誤ってハンマーで手を打ってしまった",,6,うつ,14,tamaan,,打つ
,,,6,かいこうぶちゅうい,17,"Mapanganib: May Butas
sa Sahig",,開口部注意
,"はいりょくきん く み た
配力筋を組立てる",,6,はいりょくきん,34,distributing bar,,配力筋
"Ito ang uri ng power shovel na
madalas nakikita, at ginagamit sa
paghuhukay nang mas malalim sa
lupa",,,7,ばっくほう,37,backhoe,,バックホウ
,"でんどうまる せつだん
電動丸のこでコンパネを切断する",,7,"でんどうまるのこ（でんの
こ）",25,"electric circular saw
(circular saw)",,電動丸のこ（電のこ）
,"ろうどうしゃ ついてんらく き ぐ ら っ か ぼ う し
労働者の墜転落・器具の落下防止の
あ し ば は ば き もう
ために足場に幅木を設ける",,7,はばき（かせつあしば）,22,"baseboard
(pansamantalang
scaffolding)",,幅木（仮設足場）
,,,7,ぶれーきえき,40,brake fluid,,ブレーキ液
,"てっきん なが はか
鉄筋の長さを測る",,7,はかる,42,sukatin,,測る
,,,7,ぶちょう,12,hepe ng departamento,,部長
,,,7,ひ,10,Apoy,,火
,,,7,たかさ,44,taas,,高さ
,,,7,よぼう（する）,13,pag-iwas / iwasan,,予防（する）
,,,7,ぜいきん,4,Buwis,,税金
"Karaniwan ito ay nakasulat sa Kanji,
ngunit kung minsan ito ay nakasulat
sa Katakana bilang 「キケン」
""delikado"" sa loob ng mga pabrika.",,,7,きけん（な）,1,Delikado (Mapanganib),,危険（な）
,"ほ ご ぼう さぎょう と か
保護帽をかぶり作業に取り掛かる",,7,ほごぼう（へるめっと）,31,"reinforcing bar bending
machine",,保護帽（ヘルメット）
,,,7,"ひじょうていしぼたんを
おす",2,"Pindutin ang emergency
stop button",,非常停止ボタンを押す
,,,7,そうじ（する）,7,Linis (Maglilinis),,掃除（する）
,"てん ば
スラブ天端をそろえる",,7,すらぶてんば,28,"dulong itaas na bahagi ng
losa (slab)",,スラブ天端
,,,7,かんでんちゅうい,17,"Mapanganib: May
Kuryente",,感電注意
,,,7,でんげんをいれる,43,i-on,,電源を入れる
,"つ あ よう もち きんけつ
吊り上げ用クランプを用いて緊結した
たんかん つ あ
単管を吊り上げる",,7,つりあげようくらんぷ,19,clamp para sa pagbuhat,,吊り上げ用クランプ
,"うわきん く み た
上筋を組立てる",,7,うわきん,34,upper reinforcement,,上筋
,,,7,ざいりゅうかーど,3,Residence card,,在留カード
,"うえ くず てんらく
はしごの上でバランスを崩して転落し
た",,7,ばらんすをくずす,14,mawala ang balanse,,バランスを崩す
,,,7,きゅうじつ,6,Day-off,,休日
,,,8,でんげんをおとす,43,i-off,,電源を落とす
,,,8,るーる,2,Patakaran,,ルール
,"きん たいしんへき と つ
スパイラル筋を耐震壁に取り付ける",,8,すぱいらるきん,34,spiral reinforcement,,スパイラル筋
,"ちょっこう もち たんかん きんけつ
直交クランプを用いて単管を緊結す
る",,8,ちょっこうくらんぷ,19,right angle clamp,,直交クランプ
,"たお ねっちゅうしょう たお
はしごが倒れる、熱中症で倒れる",,8,たおれる,14,bumagsak,,倒れる
,,,8,ついらくちゅうい,17,"Mapanganib: May
Maaaring Bumagsak",,堕落注意
"Ito ay isang uri ng power shovel na
ginagamit sa pagkarga ng mga graba
at batong nasa lupa",,,8,ろーでぃんぐしょべる,37,loading shovel,,ローディングショベル
,,,8,ねんりょうたんく,40,fuel tank,,燃料タンク
,,,8,てんとう（する）,13,pagbagsak / bumagsak,,転倒（する）
,,,8,あぶない,1,Delikado,,危ない
,,,8,かたづける,8,Iaayos,,片づける
"Buwis sa kita para sa isang taon na
suweldo",,,8,しょとくぜい,4,Buwis sa kita,,所得税
,"せ っ ち
アンカーを設置する",,8,あんかー,31,kawit / anchor,,アンカー
,,,8,ながさ,44,haba,,長さ
,"たか はか
高さ（タッパ）を測る",,8,たかさ（たっぱ）,28,taas,,高さ（タッパ）
,,,8,しぎょうじかん,6,Oras ng simula,,始業時間
"Daglat ng 「入国管理庁」、「入国管理
局」""Immigration Bureau
of Japan""",,,8,にゅうかん,3,Immigration Bureau,,入管
,"し こ
パッキンを敷き込む",,8,ぱっきん,25,gasket,,パッキン
"Pinaikling tawag sa “single pipe”.
Tinatawag din “itong pipe”, “tankan-
paipu”, “paipu”.","たんかん もち あ し ば く た
単管を用いて足場を組み立てる",,8,たんかん,22,single pipe,,単管
,"き か い そ う さ
機械を操作する",,8,そうさ（する）,42,operasyon / mag-operate,,操作（する）
,,,8,けむり,10,Usok,,煙
,,,8,かちょう,12,hepe ng seksyon,,課長
,,,9,ずじょうちゅうい,17,Ingatan ang Ulo!,,頭上注意
,"うえ くず てんらく
はしごの上でバランスを崩して転落し
た",,9,てんらく（する）,14,pagkahulog / mahulog,,転落（する）
,ワイヤーロープをフックにかける,,9,ふっく,19,kawit / hook,,フック
,,,9,ふぁんべると,40,fan belt,,ファンベルト
,,,9,しょうか,10,Patayin ang apoy,,消火
,"かたわく た て こ
型枠を建込みする",,9,たてこみ,28,"pagposisyon nang patayo
/ vertical position",,建込み
,,,9,はさまる,13,maipit,,挟まる
,"げ ん ばはんにゅうまえ か こ う ば てっきん か こ う
現場搬入前に加工場で鉄筋を加工
する",,9,かこうば,31,"proteksiyong pang-ulo
(helmet)",,加工場
"Tungkol ito sa paglilinis at gawing
malinis upang madaling maunawaan
ang lugar ng trabaho.",,,9,せいそう,1,Simutin / Paglilinis,,清掃
,,,9,すてる,8,Itatapon,,捨てる
"Buwis na binabayaran sa munisipyo kung
saan nakatira",,,9,じゅうみんぜい,4,Buwis sa paninirahan,,住民税
,,,9,こういしつ,12,silid bihisan,,更衣室
,,,9,おもさ,44,bigat,,重さ
,,,9,ろーら,37,roller,,ローラ
,,,9,きゃたつ,22,natitiklop na hagdan,,脚立
,,,9,しゅうぎょうじかん,6,Oras ng katapusan,,終業時間
,,,9,すいっちをきる,43,i-off ang switch,,スイッチを切る
,,,9,ていし（する）,42,pag-tigil / itigil,,停止（する）
,,,9,ざいりゅうきかん,3,Panahon ng paninirahan,,在留期間
,"てっきんけい せっけい と し ょ とお
鉄筋径は設計図書の通りである",,9,てっきんけい,34,reinforcing bar diameter,,鉄筋径
,,,9,るーるをまもる,2,"Sumunod sa mga
patakaran",,ルールを守る
,"しょう くぎ ぬ
小バールで釘を抜く",,9,しょうばーる,25,maliit na crowbar,,小バール
"Pensiyon ng mga empleyado at
pampublikong empleyado na kung saan
makakatanggap ng mga benepisyo sa kaso
ng katandaan, kapansanan, o kamatayan",,,10,こうせいねんきん,4,"Employees’
pension insurance",,厚生年金
,,,10,しどういん,6,Tagapagturo,,指導員
,"き てっきん き
エンジンを切る、鉄筋を切る",,10,きる,42,"patayin, putulin",,切る
,"ワイヤーをストレートシャックルにかけ
る",,10,すとれーとしゃっくる,20,straight shackle,,ストレートシャックル
"Pagsasaayos sa mga depormidad at
sagabal upang maging normal ang
kanilang kalagayan","とお よ
通りを良くする",,10,とおり,28,pagkatuwid,,通り
,,,10,あつさ,44,kapal,,厚さ
,,,10,あしもと,13,paanan,,足元
,,,10,だいしゃ,12,kariton,,台車
,,,10,しょうかき,10,Fire extinguisher,,消火器
,,,10,ばけっと,37,bucket,,バケット
,,,10,きたない,8,Marumi / Madumi,,汚い
,,,10,くうきあつ,40,"presyon ng hangin ng
gulong",,空気圧
,,,10,ひじょうぐち,1,"Emerhensyang
labasan/Emergency exit",,非常口
"Radius kung saan umiikot ang
mabigat na makina. Upang maiwasan
ang aksidente ng pagsagi atbp.,
madalas ay bawal pumasok dito.","じゅうきさぎょう さぎょうはんけい た い きん
重機作業の作業半径に立ち入りを禁
し
止する",,10,さぎょうはんけい,23,operating radius,,作業半径
,,,10,とめる,2,I-off,,止める
,,,10,こようけいやく,3,Kontrata sa trabaho,,雇用契約
,,,10,けいほうせつび,17,Sistemang Pang-alarma,,警報設備
,"あつ かくにん
かぶり厚さを確認する",,10,かぶりあつさ,34,covering depth,,かぶり厚さ
,"かたわくかいたい だい し よ う
型枠解体に大バールを使用する",,10,だいばーる,25,malaking crowbar,,大バール
,,,10,こてい（する）,43,pirmi / ipirmi,,固定（する）
"Pinaikling “joint bar na angkla.”
Tinatawag din itong “sashikin.” (joint
bar)","てっきん あつ たも
鉄筋のかぶり厚さを保つためスペー
つか
サーを使う",,10,すぺーさー,31,angkla,,スペーサ―
,,,10,しさこしょう,14,pagturo at pagtawag,,指差呼称
,,,11,せいかつしどういん,6,"Tagapagturo ng
pamumuhay",,生活指導員
,,,11,ちゅうい,1,Babala/Paunawa,,注意
Taas ng bawat hakbang ng hagdan.,"き け あ すんぽう かたわく く み た
決められた蹴上げ寸法で型枠を組立
てる",,11,けあげ,29,riser,,蹴上げ
,,,11,よごれる,8,Marumihan,,汚れる
,,,11,くらっち,40,clutch,,クラッチ
,,,11,ふあんてい（な）,13,hindi matatag,,不安定（な）
,,,11,ぶーむ,38,boom,,ブーム
,,,11,ゆか,12,sahig,,床
,,,11,ひじょうべる,10,Emergency bell,,非常ベル
,,,11,かたさ,44,tigas,,硬さ
,"かべ てっきん あつ つか
壁の鉄筋かぶり厚さはドーナツを使う",,11,どーなつ,32,processing plant,,ドーナツ
,,,11,ひやりはっと,14,"muntikang aksidente
(Hiyari-hatto)",,ヒヤリハット
,ボルトをゆるめる,,11,ゆるめる,43,luwagin,,ゆるめる
,"ひょうめん う はな し あ けしょうごうばん
表面は打ち放し仕上げのため化粧合
し よ う
板を使用する",,11,けしょうごうはん,26,decorative plywood,,化粧合板
,"かっしゃ ざいりょう つ あ
滑車で材料を吊り上げる",,11,かっしゃ,20,kalo / pulley,,滑車
,"か く ど かくにん
角度を確認する",,11,かくど,35,anggulo,,角度
,,,11,しょうかき,18,Pang-apula ng Apoy,,消火器
,,,11,きゅうよめいさい,3,"Detalyadong paglalahad ng
suweldo/Payment slip",,給与明細
,,,11,まわす,42,paikutin,,回す
,"かり こうぞうたい かり こ て い
仮ボルトで構造体を仮に固定する",,11,かりぼると,23,pansamantalang kandado,,仮ボルト
"Insurance upang makatanggap ng mga
benepisyo sa kaso ng kawalan ng trabaho
o tuwing sa paghahanap ng trabaho",,,11,こようほけん,4,Employment insurance,,雇用保険
,,,11,きかいをとめる,2,I-off ang makina,,機械を止める
,,,12,やって,2,Gawin mo,,やって
,,,12,きゅうりょう,3,Suweldo,,給料
"Insurance na nagpapahintulot sa mga
miyembro at pamilya na makatanggap ng
mga benepisyo kapag nangangailangan ng
pangangalagang medikal",,,12,けんこうほけん,5,Health insurance,,健康保険
,"し て き ば し ょ て な お
指摘された場所を手直しする",,12,てなおし,23,pasasaayos,,手直し
,,,12,おす,42,pindutin,,押す
,"し ざ い つ あ
クレーンで資材を吊り上げる",,12,くれーん,20,crane,,クレーン
,"てっきん はいきん く み た
鉄筋はシングル配筋で組立てる",,12,しんぐる,35,single,,シングル
,,,12,のばす,43,pahabain / extend,,伸ばす
,,,12,"えーいーでぃーせっちば
しょ",18,May Nakahandang AED,,AED設置場所
,"か こ うはいきん ず どお く み た
加工配筋図通りに組立てる",,12,かこうはいきんず,32,spacer,,加工配筋図
,"はいめん そ じ し あ ふ つ うごうばん
背面は素地仕上げのため普通合板を
し よ う
使用する",,12,ふつうごうはん,26,normal plywood,,普通合板
,"き け こ すんぽう かたわく く み た
決められた蹴込み寸法で型枠を組立
てる",,12,けこみ,29,footboard,,蹴込み
,,,12,でぐち,12,labasan,,出口
,,,12,きゅうはっしん,40,biglaang pag-arangkada,,急発進
,,,12,あとかたづけ,13,pagliligpit pagkatapos,,後片付け
,,,12,げんいん,14,sanhi,,原因
,,,12,あーむ,38,arm,,アーム
,,,12,かさいほうちき,10,Fire alarm,,火災報知機
,,,12,ふかさ,44,lalim,,深さ
,,,12,ぶんべつ（する）,8,"Klasipikasyon
(Magbubukod)",,分別（する）
,,,12,かじ,1,Sunog,,火事
,,,12,たんとうしゃ,6,"Person in charge / Taong
namamahala",,担当者
,"い ど う しき し ざ い つ あ
移動式クレーンで資材を吊り上げる",,13,いどうしきくれーん,20,mobile crane,,移動式クレーン
,,,13,あつめる,42,kolektahin,,集める
,"かたわくない と つ
スタイロフォームを型枠内に取り付け
る",,13,すたいろふぉーむ,26,styrofoam,,スタイロフォーム
,"はいきんしょうさい ず どお くみ た
配筋詳細図通りに組立てる",,13,はいきんしょうさいず,32,rebar spacer (donut),,配筋詳細図
,,,13,ほごぼうちゃくよう,18,Magsuot ng Helmet,,保護帽着用
,"つらいち
面一にそろえる",,13,つらいち,23,flush,,面一
,"あんぜん はず
安全カバーを外す",,13,はずす,43,tanggalin,,外す
,,,13,とめて,2,I-off mo,,止めて
"Ito ang tawag kapag tinutukoy ang Health
insurance, Employees' pension insurance,
Nursing insurance, Employment insurance,
Worker's accident compensation
insurance. Minsan ito din ay tumutukoy
tungkol sa Health insurance at Employees'
pension insurance para sa mga empleyado.",,,13,しゃかいほけん,5,Labour insurance,,社会保険
,"はいきん
スラブはダブル配筋とする",,13,だぶる,35,doble,,ダブル
,,,13,もえないごみ,8,Basurang hindi sinusunog,,燃えないごみ
,,,13,ざんぎょうてあて,3,"Overtime work
pay",,残業手当
,,,13,じこ,1,Akisidente,,事故
,,,13,にげる,10,Tumakbo palayo,,逃げる
,,,13,ぶれーど（はいどばん）,38,blade,,ブレード（排土板）
,,,13,きゅうぶれーき,40,biglaang pagpreno,,急ブレーキ
,,,13,きゅうきゅうばこ,13,first-aid kit,,救急箱
,,,13,たいさく,14,hakbang upang labanan,,対策
,"こ う ぐ て い
工具の手入れをおこたらない",,13,こうぐのていれ,29,"paglilinis at pangangalaga
sa mga kagamitan / tool
care & maintenance",,工具の手入れ
,,,13,でんき,12,kuryente,,電気
,,,13,すいっちいれるな,6,Huwag i-on ang switch,,スイッチ入れるな
,,,13,ひょうめん,44,ibabaw (surface),,表面
,"てっきん ち ど り けっそく
鉄筋は千鳥結束する",,14,ちどりけっそく,35,zigzag na tali,,千鳥結束
,"し よ う こ う ぐ てんけんじ こ う もと し
使用する工具は点検事項に基づき始
ぎょうまえてんけん
業前点検をおこなう",,14,てんけんじこう,23,"mga bagay na dapat
inspeksyunin",,点検事項
"Ang maikling termino para sa ""aksidenteng
dulot ng trabaho""
Ito ay tungkol sa pinsala habang nasa
trabaho o nagkasakit dahil sa trabaho.",,,14,ろうさい,5,Worker’s accident,,労災
,,,14,すきま,44,siwang,,すきま
,"かたわく めん ぎ と つ
型枠に面木を取り付ける",,14,めんぎ,26,chamfer strip,,面木
,"まどかいこう ぶ かいこうほきょうきん ぐみ た
窓開口部は開口補強筋を組立てる",,14,かいこうほきょうきん,32,opening reinforcement,,開口補強筋
,"かい に も つ ふ
介しゃくロープで荷物の振れをおさえ
る",,14,かいしゃくろーぷ,20,guy rope,,介しゃくロープ
,,,14,あんぜんたいしよう,18,"Magsuot ng Sinturong
Pangkaligtasan",,安全帯使用
,,,14,ばんそうこう,13,panakip sa sugat,,絆創膏
,"さ ふ すいちょく かくにん
下げ振りで垂直を確認する",,14,さげふり,29,plumb,,下げ振り
,,,14,けいほうおん,12,babalang ingay,,警報音
,"あしば こ う ぐ らっか
足場から工具が落下した",,14,らっか（する）,14,pagkahulog / mahulog,,落下（する）
,,,14,たいや,38,gulong,,タイヤ
,,,14,ふくそう,1,Kasuotan,,服装
,"て い し
エンジンを停止するときはアイドリング
と
したあとに止める",,14,あいどりんぐ,41,idling,,アイドリング
,,,14,げんば,10,Lugar ng trabaho,,現場
,,,14,とって,2,Kunin mo,,取って
,,,14,もえるごみ,8,Basurang sinusunog,,燃えるごみ
,,,14,さわる,42,hawakan,,触る
,,,14,まげる,43,baluktutin,,曲げる
,,,14,すいっちきるな,6,Huwag i-off ang switch,,スイッチ切るな
,,,14,ろうどうじかん,3,Oras ng trabaho,,労働時間
,,,15,ちゅうしん,44,sentro,,中心
,"じ ずみ あ かたわく と つ
地墨に合わせて型枠を取り付ける",,15,じずみ,29,marka para sa partisyon,,地墨
,"はば ど きん と つ
幅止め筋を取り付ける",,15,はばどめきん,32,spreader bar,,幅止め筋
,,,15,しばる,42,bigkisin,,縛る
,"せきさいかじゅう こ
トラックの積載荷重を超えないように
つ こ
積み込む",,15,せきさいかじゅう,23,loading capacity,,積載荷重
,鉄筋を曲げる,,15,だす,43,ilabas,,出す
,"し かた
バイブレーターでコンクリートを締め固
める",,15,ばいぶれーたー,26,vibrator,,バイブレーター
,"せつだんすんぽう てっきん せつだん
切断寸法で鉄筋を切断する",,15,せつだんすんぽう,35,sukat ng putol,,切断寸法
,,,15,しょうこうかいだん,18,"Hagdanan na Pang-
Scaffolding",,昇降階段
,,,15,たいちょう,13,pisikal na kondisyon,,体調
,,,15,くろーら,38,crawler,,クローラ
,,,15,こんせんと,12,saksakan ng kuryente,,コンセント
,"あ し ばじょうそう のぼ しょうこうかいだん つか
足場上層に上るには昇降階段を使う",,15,しょうこうかいだん,20,"Hagdanan na Pang-
Scaffolding",,昇降階段
,"か い こ う ぶ ついらく
開口部から墜落した",,15,ついらく（する）,14,pagbagsak / bumagsak,,墜落（する）
,,,15,そうこう,41,pagtakbo,,走行
,,,15,さぎょう,10,Trabaho,,作業
,,,15,だめ（な）,2,Bawal (Ipinagbabawal ),,だめ（な）
,"きかい て はさ
機械に手が挟まれた",,15,はさまれる,8,Maiipit,,挟まれる
"Insurance na nagbibigay ng
pansamantalang suporta sa gastos sa
pagpapagamot, sa mga panahon ng kawalan
ng kakayahang magtrabaho at sa
pagkabalda dulot ng trabaho",,,15,ろうさいほけん,5,"Worker’s accident
compensation insurance",,労災保険
,,,15,しようきんし,6,Bawal gamitin,,使用禁止
,,,15,あんぜんそうち,1,"Safety
equipment/Kagamitan
pangkaligtasan",,安全装置
,,,16,きゅうけいじょ,18,Pahingahan,,休憩所
,"しゅうい あんぜん かくにん
周囲の安全を確認する",,16,かくにん（する）,14,pagtiyak / tiyakin,,確認（する）
,,,16,さぎょうば,12,lugar ng trabaho,,作業場
,"かたわく よ
コンクリートと型枠のはなれを良くする
は く りざい し よ う
ために剥離剤を使用する",,16,はくりざい,26,pangtanggal ng pintura,,剥離剤
,,,16,かわかす,43,patuyuin,,乾かす
,"か こ うすんぽうどお てっきん か こ う
加工寸法通りに鉄筋を加工する",,16,かこうすんぽう,35,sukat ng paggawa,,加工寸法
,"すじ と さ こ お ま
筋かい止めピンを差し込み折り曲げ
ておく",,16,すじかいとめぴん,20,strut end pin,,筋かい止めピン
,"くるま かぎ
車の鍵",,16,きー（かぎ）,38,key (susi),,キー（鍵）
,,,16,ち,13,dugo,,血
,"さしきん
コンクリートに差筋をする",,16,さしきん,32,joint bar,,差筋
,"す と わく せ っ ち
捨てコンクリートの止め枠を設置する",,16,すてこんくりーと,29,leveling concrete,,捨てコンクリート
,,,16,せんかい,41,rebolusyon,,旋回
,,,16,あたい,45,halaga (numero),,値
,"ぼうおん ま あ
防音シートはすき間が空かないように
と つ
取り付ける",,16,すきま,23,siwang,,すき間
,"てっきん なが そろ
鉄筋の長さを揃える",,16,そろえる,42,tipunin,,揃える
"Ang conference, pagpupulong sa
umaga at pagpupulong sa katapusan
ng araw ay maaring tawagin din na
miting.",,,16,みーてぃんぐ,10,Miting,,ミーティング
,"きかい て ま こ
1)機械に手が巻き込まれる
てぶくろ ばん ま こ
2)手袋がフライス盤に巻き込まれる",,16,まきこまれる,8,Makawit,,巻き込まれる
,"かたどお ね ぎ り で き とお
やり方通りで根切が出来ているか通
りをみる",,17,とおりをみる,23,tingnan ang pagkatuwid,,通りを見る
,,,17,ねっちゅうしょう,13,heatstroke,,熱中症
,,,17,けんしゅう（する）,10,Pagsasanay (Magsasanay),,研修（する）
,,,17,"さぎょうそうち
（あたっちめんと）",38,"aparato sa paggawa
(attachment)",,"作業装置
（アタッチメント）"
,,,17,さぎょうだい,12,lamesa ng trabaho,,作業台
,,,17,かぞえる,43,bilangin,,数える
,"てっきん ど う し かさ つ ぎ て
鉄筋同士は重ね継手とする",,17,かさねつぎて,35,lap joint,,重ね継手
,"いた と つ
けこみ板を取り付ける",,17,けこみいた,26,riser plate,,けこみ板
"Kalagayan kung saan malaki ang
pagkausli ng isang dako sa parteng
sinusuportahan ng gangplank ng
scaffolding. Kapag umakyat dito nang
hindi naaalam, may panganib na
mahulog, kung kaya’t
napakamapanganib nito.","かべ だ かたわく く み た
壁からはね出してスラブ型枠を組立て
る",,17,はねだし,29,nakakausli,,はね出し
,,,17,あんてい（する）,45,katatagan / itatag,,安定（する）
,,,17,やけど（する）,8,Paso (Mapaso),,やけど（する）
,"はしらしゅきん ぐみ た
柱主筋を組立てる",,17,はしらしゅきん,32,column bar,,柱主筋
,"ざいりょう むす
材料をまとめてひもで結ぶ",,17,むすぶ,42,itali,,結ぶ
,,,17,あんぜんろっく,41,safety lock,,安全ロック
,,,17,さいだいせきさいかじゅう,18,"Maximum na kapasidad sa
pag-load",,最大積載荷重
,"きゃくちゅう さ い ご さ こ
脚柱ジョイントは最後まで差し込む",,17,きゃくちゅうじょいんと,20,stud joint,,脚柱ジョイント
,"き
エンジンをかける、エンジンを切る",,18,えんじん,38,engine,,エンジン
,,,18,こうじげんば,12,lugar ng konstruksyon,,工事現場
,"はしらはいきん ず めん かくにん
柱配筋を図面で確認する",,18,はしらはいきん,32,column bar arrangement,,柱配筋
,"かたわく め じ ぼう と つ
型枠に目地棒を取り付ける",,18,めじぼう,26,joint strip,,目地棒
,,,18,おおきさ,45,laki (size),,大きさ
,"だ せ つちゅう かたわく
コンクリート打設中に型枠のはらみを
かくにん
確認する",,18,はらみ,29,umbok,,はらみ
,,,18,きつえんじょ,18,"Lugar para sa
Paninigarilyo",,喫煙所
,"れんけつ さ い ご さ こ
連結ピンは最後まで差し込む",,18,れんけつぴん,20,connecting pin,,連結ピン
,"あ し ば く み た
足場を組立てる",,18,くみたて,23,pagbubuo,,組立
,"てっきん ど う し あっせつつ ぎ て
鉄筋同士は圧接継手とする",,18,あっせつつぎて,35,stud joint,,圧接継手
,,,18,はこぶ,43,dalhin,,運ぶ
,,,18,あんぜんしちゅう,41,safety post,,安全支柱
,"かいだん お
階段から落ちる",,18,おちる,8,Mahulog,,落ちる
,,,18,しゃがむ,42,yumukyok / squat,,しゃがむ
,,,18,はきけ,13,alibadbad,,吐き気
,,,18,じっしゅう（する）,10,Training (Pagtratrain),,実習（する）
,"あしばくみたて しょくちょう し じ したが
足場組立は 職長の指示に従う",,19,しょくちょう,12,foreman,,職長
,,,19,おうと（する）,13,pagsusuka / magsusuka,,嘔吐（する）
,"きん しょてい く み た
スラブ筋を所定のピッチで組立てる",,19,すらぶきん,32,slab reinforcement,,スラブ筋
,"かたわく なが こ
型枠にコンクリートを流し込む",,19,こんくりーと,26,kongkreto,,コンクリート
,,,19,かず,45,bilang,,数
,"まえつら そろ
前面を揃える",,19,まえつら,29,front face,,前面
,,,19,せいりせいとん,18,Panatilihing Maayos,,整理整頓
,"か な ぐ かくじつ さ い ご
ジョイント金具は確実に最後まではめ
る",,19,じょいんとかなぐ,20,joint metal fitting,,ジョイント金具
,"した じ ぐみ あ し ば あ
下で地組した足場をクレーンで上げ
うえ と つ
て上で取り付ける",,19,じぐみ,23,"pagbubuo sa lugar ng
konstruksyon",,地組
,"かい こ う ぶ かいこうほきょうきん と つ
開口部には開口補強筋を取り付ける",,19,かいこうぶ,35,butas,,開口部
,,,19,あいさつ,11,Pagbati,,あいさつ
,,,19,でぃーぜるえんじん,38,diesel engine,,ディーゼルエンジン
,"ねんりょう ほきゅう
エンジンをかけたまま燃料を補給して
はいけない",,19,ほきゅう（する）,41,"pagpapa-gasolina /
magpa-gasolina",,補給（する）
,"ざいりょう つ
材料をくずれないように積む",,19,つむ,43,itambak,,積む
,"ゆか
床がすべる",,19,すべる,8,Madulas,,すべる
,,,19,ちょうせい（する）,42,pag-adjust / i-adjust,,調整（する）
,,,20,ごさ,45,pagkakamali (error),,誤差
,,,20,えんじんおいる,38,engine oil,,エンジンオイル
,,,20,ちゅうしゃ（する）,41,pagparada / iparada,,駐車（する）
,"ど ま はいきん ようせつかなあみ し よ う
土間配筋は溶接金網を使用する",,20,ようせつかなあみ,35,"nakawelding na alambreng
lambat",,溶接金網
,"きん く み た
ベース筋を組立てる",,20,べーすきん,32,base reinforcement,,ベース筋
Tinatawag din itong “uwaba” (itaas).,"て ん ば へいかつ
コンクリートの天端をコテで平滑にな
らす",,20,てんば,24,levee crown,,天端
,"すんぽう はか
コンベックスで寸法を測る",,20,こんべっくす,26,medida,,コンベックス
,"だ せ つ ご ようじょう
コンクリート打設後に養生をおこなう",,20,ようじょう,30,curing,,養生
,,,20,あんぜんつうろ,18,"Ligtas na Daanan /
Safety Passage",,安全通路
,"し ざ い こ て い
レバーブロックで資材を固定する",,20,ればーぶろっく,21,lever block,,レバーブロック
,,,20,あしがつる,13,namumulikat ang paa,,足がつる
,,,20,さぎょうせきにんしゃ,12,tagapangasiwa ng trabaho,,作業責任者
,"こうじょう ころ
工場ですべって転んだ",,20,ころぶ,9,Madapa,,転ぶ
,,,20,とじる,42,pagsara / isara,,閉じる
,"に だ い に も つ お
トラックの荷台から荷物を下ろす",,20,おろす,43,ibaba,,下ろす
,,,20,かくにん（する）,11,"Check / Kumpirmasyon
(I-checheck / Susuriin)",,確認（する）
,,,21,きぶんがわるい,13,hindi maganda ang pakiramdam,,気分が悪い
,"かたわく せつだん まる し よ う
型枠の切断は丸のこを使用する",,21,でんどうのこ（まるのこ）,21,"electric circular saw
(circular saw)",,電動のこ（丸のこ）
,"ざいりょう つ あ さい あんぜん い ち
材料を吊り上げる際は安全な位置に
たまかけ
玉掛けをおこなう",,21,たまかけ・たまがけ,24,slinging,,玉掛け
,"さぎょうようてぶくろ もち かたわくさぎょう
作業用手袋を用いて型枠作業をおこ
なう",,21,さぎょうようてぶくろ,27,guwantes na pantrabaho,,作業用手袋
,"のこ てっきん げ ん ば はんしゅつ
残った鉄筋を現場から搬出する",,21,はんしゅつ,36,paglabas,,搬出
,"おびきん く み た
帯筋を組立てる",,21,おびきん（ふーぷ）,33,hoop,,帯筋（フープ）
,,,21,"おるたねーた
（じゅうでんはつでんき）",39,"alternator (charging
generator)",,"オルタネータ
（充電発電機）"
,,,21,なか,45,gitna,,中
,"そくりょう
レベルを測量する",,21,れべる,30,level,,レベル
,,,21,ほうこく（する）,11,"Report / Ulat(Mag-report /
Ipagbigay-alam)",,報告（する）
,,,21,はなれる,43,lumayo,,離れる
,,,21,ぬれる,9,Mabasa,,濡れる
taong naglalakad,,,21,ほこうしゃ,41,pedestrian,,歩行者
,"かたわく わ つ
型枠を割り付ける",,22,わりつけ,30,layout,,割付
,,,22,ばってり,39,battery,,バッテリ
,,,22,はんたい,45,kasalungat,,反対
,,,22,ねぶそく,13,kulang sa tulog,,寝不足
"Tinatawag din itong “monkey
wrench.”","し ゆる
モンキースパナでナットを締める・緩
める",,22,もんきーすぱな,21,monkey spanner,,モンキースパナ
,"じゅうきさぎょう あ い ず あんぜん おこな
重機作業は合図をもって安全に行う",,22,あいず,24,hudyat,,合図
,,,22,しゃりょう,41,sasakyan,,車両
,"さしがね すんぽう はか
差金で寸法を測る",,22,さしがね,27,carpenter’s square,,差金
,"てっきん げ ん ば はんにゅう
鉄筋を現場に搬入する",,22,はんにゅう,36,pagdala sa loob,,搬入
,"し た ばきん く み た
下端筋を組立てる",,22,したばきん,33,bottom reinforcement,,下端筋
,,,22,れんらく（する）,11,Kontak (Makipag-ugnayan),,連絡（する）
,,,22,えいせい,9,"Kaligtasan / Pangangalaga
sa kalusugan",,衛生
,,,23,まわり,45,paligid,,周り
"Ito ang pundasyon ng tinatayong
gusali","き そ はいきん
基礎の配筋をおこなう",,23,きそ,36,pundasyon,,基礎
,,,23,ねんりょう,39,fuel,,燃料
Tinutukoy ang lugar na hindi nakikita,,,23,しかく,41,blind spot,,死角
,"ていかくかじゅう こ つ さぎょう
定格荷重を超えて吊りもの作業はお
こなわない",,23,ていかくかじゅう,24,rated capacity,,定格荷重
,"すいへい き かたむ ちょうせい すいへい
水平器で傾きを調整し水平にする",,23,すいへいき,27,level gauge,,水平器
,"かたわく う こ かなもの
型枠にはあらかじめ埋め込み金物を
と つ
取り付ける",,23,うめこみかなもの,30,nakabaong metal,,埋め込み金物
,"う わ ばきん く み た
上端筋を組立てる",,23,うわばきん,33,top reinforcement,,上端筋
,,,23,あんぜんねっと,13,safety net,,安全ネット
,"おやづな は い ち おやづなしちゅう と つ
親綱を張る位置に親綱支柱を取り付
ける",,23,おやづなしちゅう,21,"poste ng pangunahing
lubid",,親綱支柱
,,,23,ひなん（する）,9,Paglisan (Lumikas),,避難（する）
,,,23,そうだん（する）,11,Konsulta (Magkonsulta),,相談（する）
,,,24,けいゆ,39,gas oil,,軽油
1 shaku ≒30.3 cm,,,24,しゃく,45,shaku (unit ng pagsukat),,尺
,"しゅきん く み た
主筋を組立てる",,24,しゅきん,33,main reinforcement,,主筋
,"すみ すみ
墨さしを墨つぼにつける",,24,すみさし,27,"brush na pangmarka na
yari sa kawayan",,墨さし
"Tinatawag din itong “mochi-okuri”
(console).","あ し ば と つ
足場にブラケットを取り付ける",,24,ぶらけっと,21,bracket,,ブラケット
,,,24,あんぜんてんけん,13,inspeksyon para sa kaligtasan,,安全点検
,"かたわく かいたい
型枠を解体する（バラス）",,24,かいたいする（ばらす）,30,"pagkalas (disassemble) /
ikalas",,解体する（バラス）
,"あ しばしち ゅ う み すいちょくせい
足場支柱のたちを見る（垂直性＝た
ち）",,24,たち,24,vertical,,たち
"Ginamit ito kapag nagbibigay ng isang
bagay sa isang tao.",,,24,わたす,11,Iaabot,,渡す
,,,24,きゅうきゅうしゃ,9,Ambulansya,,救急車
,"やま の しゃめん のぼ
山の斜面を上る",,24,しゃめん,41,dalisdis / slope,,斜面
,"てっきん ど う し き か い し き つ ぎ て
鉄筋同士は機械式継手とする",,24,きかいしきつぎて,36,mechanical joint,,機械式継手
,"すみ すみ
墨さしを墨つぼにつける",,25,すみつぼ,27,"kagamitang pangmarka ng
mahaba at tuwid na guhit",,墨つぼ
,"てっきん かたわく すんぽう かくにん
鉄筋と型枠のかぶり寸法を確認する",,25,かぶりすんぽう,30,covering dimension,,かぶり寸法
,,,25,はしご,21,hagdan,,梯子
,"きん く み た
あばら筋を組立てる",,25,あばらきん,33,stirrup reinforcement,,あばら筋
,"てんあつさぎょう
ローラで転圧作業をする",,25,てんあつ（する）,41,"surface compaction /
isagawa ang surface
compaction",,転圧（する）
,"せっけいかんりしゃ はいきんけ ん さ ごうかく
設計監理者による配筋検査に合格す
る",,25,はいきんけんさ,36,"inspeksyon ng bar
arrangement",,配筋検査
,"ふ
ブレーキを踏む",,25,ぶれーき,39,preno,,ブレーキ
,,,25,あお,45,asul,,青
,,,25,さいがい,9,Sakuna,,災害
,,,25,しんせいしょ,11,Pormat ng aplikasyon,,申請書
,"あ し ばくみたて しょくちょう し じ したが
足場組立は職長の指示に従う",,25,しょくちょう,24,foreman,,職長
,,,26,あか,45,pula,,赤
,"じ しん お
地震が起きる",,26,じしん,9,Lindol,,地震
,,,26,ねぼう（する）,11,"Nagising ng tanghali
(Magigising ng tanghali)",,寝坊（する）
,"じ しん つくえ した
地震だ！机の下にもぐれ！",,27,もぐる,9,Sisisid / Punta sa ilalim,,もぐる
,,,27,しろ,45,puti,,白
,,,28,きいろ,45,dilaw,,黄色
