Biển báo,Chú thích,Cách đọc (Hiragana),Dịch,Page,Từ vựng,Ví dụ câu,Ảnh,No.
,,ぎのうじっしゅう,Thực tập kỹ năng,1,技能実習,,,1
,"Trừ đi một số tiền nhất định từ số tiền ban đ
ầu. Chủ yếu được sử dụng khi trừ tiền thuế.",こうじょ（する）,(động từ) Khấu trừ,4,控除（する）,"かぞく やしな ひと ふようこうじょ
家族を養っている人は、「扶養控除」
う ばあい
を受けられる場合がある",,1
,"Là tổ chức phi lợi nhuận thực hiện
quản lý và hướng dẫn về việc học tập
kỹ năng và các hoạt động của thực
tập sinh kỹ năng.",かんりだんたい,"Đoàn thể giám sát
(nghiệp đoàn)",3,監理団体,,,1
,,いち,Vị trí,47,位置,,,1
,,かきげんきん,Cấm lửa,10,火気厳禁,,,1
,,あんぜんかばー,Nắp đậy an toàn,2,安全カバー,,,1
,,とりだす,Lấy ra,46,取り出す,,,1
,"Là 5 từ Seiri, Seiton, Seisou, Seiketsu,
Shitsuke. S là chữ viết tắt của các chữ
cái đầu. Là từ được sử dụng để duy trì
và cải thiện nơi làm việc.",ごえす,5S,7,5S,,,1
,,きんし,Cấm,13,禁止,,,1
,"Là loại cốt thép được dùng phổ biến ở
Nhật",いけいぼうこう,"Cốt thép có gờ (cốt thép
gai)",33,異形棒鋼,"い け いぼうこう もち
異形棒鋼を用いる",,1
,,ゆあつしりんだ,Xylanh thủy lực,42,油圧シリンダ,,,1
,,"けーわいかつどう（きけん
よちかつどう）","Hoạt động KY (Hoạt động
dự báo nguy hiểm)",15,KY活動（危険予知活動）,,,1
,,ぎのう,Kỹ năng,12,技能,,,1
,,"まるせぱれーたー（まるせ
ぱ）",Thiết bị phân ly,30,丸セパレーター（丸セパ）,"まる かたわく こ て い
丸セパレーターで型枠を固定する",,1
,,さんれんくらんぷ,Kẹp ba,21,三連クランプ,"さんれん たんかん けつごう
三連クランプで単管を結合する",,1
,,たちいりきんし,Cấm vào,19,立入禁止,,,1
,"(danh từ) Sự va chạm, tiếp xúc",せっしょく（する）,"(danh từ) Sự va chạm, tiếp
xúc",44,接触（する）,"じゅうき せっしょく
重機に接触してけがをする",,1
,"Chủ yếu chỉ cái chụp lưỡi cưa của má
y cưa đĩa. Sử dụng để phòng ngừa việc
cưa bật ngược, v.v... về phía người
cầm máy khi đang cưa.",あんぜんかばー,Vỏ bọc an toàn,27,安全カバー,"あんぜん しよう じこ ふせ
安全カバーの使用で事故を防ぐ",,1
,"Là dây thừng dùng để móc dây đai an
toàn (đai có gắn dây bảo hộ) tại công
trường, được căng giữa các cột trụ sao
cho không bị chùng xuống.",おやづな,Dây neo,24,親綱,"おやづな あんぜんたい
親綱に安全帯をかける",,1
,"Máy kéo được gắn thêm phụ tùng
(attachment) được gọi là máy ủi, máy
xúc, v.v.",とらくた,Máy kéo,39,トラクタ,,,1
,,はかまきん,"Cốt thép đặt xung quanh c
ác cốt thép khác ở móng đ
ể gia cố",36,はかま筋,"きん く み た
はかま筋を組立てる",,1
,,ちこく（する）,(động từ) Đi muộn,6,遅刻（する）,,,1
,,きけん,Nguy hiểm,15,危険,,,2
,,ぎじゅついてん,Chuyển giao kỹ thuật,3,技術移転,,,2
,,ぎのうけんていしけん,Kỳ thi kiểm tra kỹ năng,12,技能検定試験,,,2
,,けっそくせん,Dây thép buộc,33,結束線,"けっそくせん てっきん しば
結束線で鉄筋を縛る",,2
,,ゆあつもーた,Mô tơ thủy lực,42,油圧モータ,,,2
,,ぎのうじっしゅうせい,Thực tập sinh kỹ năng,1,技能実習生,,,2
,,ぼーなす,Tiền thưởng,4,ボーナス,,,2
,"Là việc xác định rõ những gì cần thiết
và những gì không cần thiết rồi chia sẻ
thông tin đó với nhau để nâng cao chất
lượng và năng suất.",せいり,Seiri (sàng lọc),7,整理,,,2
,,かいほうげんきん,Cấm mở,10,開放厳禁,,,2
,,けが,Vết thương,2,けが,,,2
,,きんえん,Cấm hút thuốc,19,禁煙,,,2
,,たてきん,Cốt thép dọc,36,縦筋,"たてきん く み た
縦筋を組立てる",,2
,Là máy kéo có gắn lưỡi ủi,ぶるどーざ,Xe ủi,39,ブルドーザ,,,2
,,てんばくぎ,Đinh đóng mặt trên,30,天端釘,"てん てん ば くぎ う
コンクリート天に天端釘を打つ",,2
,,もどす,Để lại chỗ cũ,46,戻す,"つか こ う ぐ もと ば し ょ もど
使った工具は元の場所に戻す",,2
,,"べるとこんべあ
（べるこん）","Băng tải (gọi tắt là
Berukon)",21,"ベルトコンベア
（ベルコン）","つち こうんぱん
ベルトコンベアで土を小運搬する",,2
,,たてわく（びてぃ）,Giàn giáo khung (Beatty),24,建枠（ビティ）,"たてわく もち あ し ば く み た
建枠（ビティ）を用いて足場を組立て
る",,2
,,ひょうじばん,Biển báo,13,表示板,,,2
,,すんぽう,Kích thước,47,寸法,,,2
,,そうたい（する）,(động từ) Về sớm,6,早退（する）,,,2
,,あんぜんたい,Dây đai an toàn,27,安全帯,"あんぜんたい あ し ば と つ
安全帯を足場に取り付ける",,2
,(danh từ) Sự kích hoạt,さどう（する）,(danh từ) Sự kích hoạt,44,作動（する）,"か さ い ほ う ち き さ ど う
火災報知器が作動する",,2
,"Còn gọi là ""Yojo shiito"" (tấm phủ bảo
vệ) hoặc ""Hisan boushi netto"" (lưới
chống rơi)",めっしゅしーと,Lưới bao che,24,メッシュシート,"あ し ばわく と つ
足場枠にメッシュシートを取り付ける",,3
,,ぎのうじっしゅうきかん,"Thời gian thực tập kỹ
năng",3,技能実習期間,,,3
,"Búa gỗ lớn, còn được gọi là
Narimono hoặc Oonari.
Loại dùng bằng hai tay gọi là
Kakeya, loại dùng bằng một tay gọi
là Kizuchi hoặc Konekiri.",かけや,Búa,21,かけや,"くい う こ
かけやで杭を打ち込む",,3
,"Là máy kéo có gắn gầu. Có 2 loại bánh
xích và bánh lốp",とらくたしょべる,Máy xúc,39,トラクタショベル,,,3
,,きんしじこう,Những điều bị cấm,13,禁止事項,,,3
,,じゅけん,"(danh từ) Sự dự thi, thi",12,受検（する）,,,3
,,けれん,"Làm sạch, phẳng, nhẵn bề
mặt, Chà nhám",30,けれん,"ひょうめん
コンパネの表面をけれんする",,3
,"Còn gọi là ""Hakka""",けっそくこうぐ,Móc buộc thép,33,結束工具,"けっそく こ う ぐ もち てっきん しば
結束工具を用いて鉄筋を縛る",,3
,,ぶつかる,"Va, đụng phải",15,ぶつかる,"トラクタショベルのバケットにぶつかっ
てけがをした",,3
,,しあげる,Hoàn thiện,46,仕上げる,,,3
,(danh từ) Sự bảo dưỡng,せいび（する）,(danh từ) Sự bảo dưỡng,44,整備（する）,"しゃりょう せ い び
車両の整備をする",,3
,,いんさーと,Chốt chèn,27,インサート,"せ っ ち
インサートをコンクリートに設置するた
かたわく う こ
め、型枠に打ち込む",,3
,,きゅうけい（する）,(động từ) Nghỉ giải lao,6,休憩（する）,,,3
,"Là việc quy định vị trí để và cách để cá
c vật dụng cần thiết, hiển thị chúng
một cách rõ ràng nhằm giảm sự không
hợp lý và sự lãng phí.",せいとん,Seiton (sắp xếp),7,整頓,,,3
,"ゆうきゅうきゅうか
""有給休暇 (Nghỉ phép có lương)"". Là việc
nghỉ làm mà vẫn được trả tiền lương. Cá
ゆうきゅうきゅうか
ch nói ngắn gọn của ""有給休暇 (Nghỉ phép
ゆうきゅう
có lương)"" là ""有休 (Gọi tắt)"".",ゆうきゅう,Nghỉ phép có lương,4,有休,"らいしゅうゆうきゅう しんせいしょ だ
来週、有休をとるので申請書を出した",,3
,,ひょうしき,Bảng hiệu,10,標識,,,3
,,そくてい（する）,(danh từ) Sự đo đạc,47,測定（する）,,,3
,,ゆあつぽんぷ,Bơm thủy lực,42,油圧ポンプ,,,3
,,けがをする,Bị thương,2,けがをする,,,3
,,こうじょう,Nhà máy,1,工場,,,3
,,したきん,Cốt thép dưới,36,下筋,"したきん く み た
下筋を組立てる",,3
,,かきげんきん,Cấm lửa,19,火気厳禁,,,3
,,よこきん,Cốt thép ngang,36,横筋,"よこきん く み た
横筋を組立てる",,4
,"Cách gọi tắt của máy đầm Tamping
Rammer",らんま,Máy đầm rung,21,ランマ,"じばん し かた
ランマで地盤を締め固める",,4
,,ちゅうしゃきんし,Cấm đỗ xe,19,駐車禁止,,,4
,,しかく,Tư cách,12,資格,,,4
,"Làm vệ sinh để làm cho nơi làm việc
trở nên sạch sẽ, đẹp, và dễ hiểu được đ
ó là tình trạng đúng.",せいそう,Seisou (sạch sẽ),7,清掃,,,4
,,けいそく（する）,(danh từ) Sự đo lường,47,計測（する）,,,4
,,でんげん,Nguồn điện,2,電源,,,4
,,みずもれ,Rò rỉ nước,42,水漏れ,,,4
,"Là ngày được nghỉ bù trong trường hợp đi là
m vào ngày nghỉ.",だいきゅう,Nghỉ bù,4,代休,,,4
,,あたる,"Đụng, trúng",15,当たる,"あ し ば お こ う ぐ からだ あ
足場から落ちてきた工具が体に当
たってけがをした",,4
,,てっきんせつだんき,Máy cắt thép,33,鉄筋切断機,"てっきんせ つだ んき てっきん せつだん
鉄筋切断機で鉄筋を切断する",,4
,,かたわくしほこう,Hệ chống đỡ ván khuôn,30,型枠支保工,"か た わ く し ほ こ う こ う じ おこな
型枠支保工の工事を行う",,4
,"Là máy xúc loại bánh lốp (hệ dẫn động
bốn bánh)",ほいるろーだ,Máy xúc lật bánh lốp,39,ホイルローダ,,,4
,,ひなんくんれん,"Huấn luyện lánh nạn
/sơ tán",13,避難訓練,,,4
,,きをつける,"Chú ý, cẩn thận",10,気をつける,,,4
,,せいぞう,Chế tạo,1,製造,,,4
,,おれる,Gẫy,46,折れる,"くぎ お
釘が折れる",,4
,,ぼうおんぱねる,Tấm cách âm,24,防音パネル,"そうおんたいさく ぼうおん せ っ ち
騒音対策として防音パネルを設置す
る",,4
,,ざんぎょう（する）,(động từ) Làm thêm giờ,6,残業（する）,,,4
,(danh từ) Kiểm tra,てんけん（する）,(danh từ) Kiểm tra,44,点検（する）,"さぎょうまえ こ う ぐ てんけん
作業前に工具を点検する",,4
,,すぺーさ,Con kê,27,スペーサ,"かたわく と つ
型枠にスペーサを取り付ける",,4
,,しょくしゅ,Ngành nghề,3,職種,,,4
,,てっきん,Thanh cốt thép,27,鉄筋,"てっきん かたわく す き ま ちょうせい
鉄筋と型枠の隙間を調整する",,5
,Vận hành,うごかす,Vận hành,44,動かす,"き か い うご
機械を動かす",,5
,,あさがおざい,"Vách nghiêng dựng tạm để
ngừa đồ vật rơi, bắn ra đ
ường",24,朝顔材,"あさがおざい ひ ら い ら っ か ぼ う し
朝顔材は飛来落下防止のためにつか
う",,5
,,かける,"Mẻ, khuyết, thiếu",46,欠ける,"まる は か
丸のこの刃が欠ける",,5
,,したじきになる,Bị đè/cán lên,15,下敷きになる,"じゅうき し た じ
重機の下敷きになる",,5
,,あしもとちゅうい,Chú ý dưới chân,19,足もと注意,,,5
,"Được sử dụng khi liên kết các ống
thép để gia cố chéo.
Trong công tác giàn giáo, việc gia
cố chéo được gọi là ""Sujikai"".",じざいくらんぷ,"Kẹp xoay, khóa xoay",21,自在クランプ,"じざい もち たんかん きんけつ
自在クランプを用いて単管を緊結す
る",,5
,,はらきん,Cốt thép cấu tạo bụng dầm,36,腹筋,"はらきん く み た
腹筋を組立てる",,5
,,ざいりゅうしかく,Tư cách lưu trú,3,在留資格,,,5
,"Giờ đã được quy định. Tại nơi làm
việc, chủ yếu chỉ thời gian đã được quy
định ví dụ giờ đến công ty, giờ về.",ていじ,Giờ quy định,6,定時,"き ょ う ていじ かえ
今日は定時に帰る",,5
,,もちこむ,Mang vào,10,持ち込む,"こうじょう けいたいでんわ も こ
工場に携帯電話を持ち込んではいけ
ない",,5
,,けいそくき,Máy đo lường,47,計測器,,,5
,,あぶらもれ,Rò rỉ dầu,42,油漏れ,,,5
,,てっきんまげかこうき,Máy uốn thép,33,鉄筋曲げ加工機,"てっきん ま か こ う き てっきん ま
鉄筋曲げ加工機で鉄筋を曲げる",,5
,,きかい,Máy móc,1,機械,,,5
,,"きそかたわく（めたる
ふぉーむ）","Ván khuôn móng (Ván khu
ôn kim loại)",30,"基礎型枠（メタルフォー
ム）","き そ かたわく く み た
基礎型枠を組立てる",,5
,,だんぷとらっく,Xe tải tự đổ,39,ダンプトラック,,,5
,,かんでん,(danh từ) Sự bị điện giật,13,感電,,,5
,,てあて,Trợ cấp,12,手当,,,5
,,でんげんをきる,Tắt nguồn điện,2,電源を切る,,,5
,"Là việc thực hiện triệt để Seiri, Seiton,
Seisou để duy trì tình trạng bình
thường, không bị bẩn.",せいけつ,Seiketsu (săn sóc),7,清潔,,,5
,"Là bộ luật của Nhật Bản quy định các tiêu
chuẩn về lao động.",ろうどうきじゅんほう,Luật lao động cơ bản,4,労働基準法,,,5
,,きゃっちくらんぷ,"Kẹp, khóa",21,キャッチクランプ,"もち たんかん てっこつ
キャッチクランプを用いて単管と鉄骨
きんけつ
を緊結する",,6
,,ちかづく,Đến gần,46,近づく,"さぎょうちゅう じゅうき ちか
作業中の重機に近づかない",,6
,,ひじょうていしぼたん,Nút dừng khẩn cấp,2,非常停止ボタン,,,6
,,れいきゃくすい,Nước làm mát,42,冷却水,,,6
,,ぼうし,(danh từ) Sự ngăn chặn,13,防止,,,6
,,あんぜん,An toàn,1,安全,,,6
,,ろうどうじょうけん,Điều kiện lao động,4,労働条件,,,6
,,ふっく,Móc,33,フック,"てっきんた ん ぶ
鉄筋端部にフックをつける",,6
,,ぱすぽーと,Hộ chiếu,3,パスポート,,,6
,,ふせぐ,Phòng ngừa,10,防ぐ,"あんぜんかくにん じ こ ふせ
安全確認して事故を防ぐ",,6
,,くぎしまい,Nhổ đinh khỏi gỗ phế liệu,30,釘仕舞い,"かたわく くぎ し ま
型枠をばらして釘仕舞いをする",,6
,,しゃいん,Nhân viên công ty,12,社員,,,6
,"Là máy có gắn gầu, có thể thực hiện
nhiều thao tác khác nhau khi được
thay đổi phụ tùng (attachment)",ゆあつしょべる,Máy đào thủy lực,39,油圧ショベル,,,6
,,きそく,Quy tắc,6,規則,,,6
,"Vì đây là đường dây điện cao áp nên
nếu chạm vào thì nhiều khả năng sẽ bị
điện giật",かくうせん,Đường dây điện trên cao,24,架空線,"か く うせん せっしょく
架空線へ接触させないようにする",,6
,,でんこうどらむ（どらむ）,Rulô cuốn dây điện,27,電工ドラム（ドラム）,"でんこう さ こ
電工ドラムのコンセントに差し込む",,6
,,おんど,Nhiệt độ,47,温度,,,6
,"Là việc tạo thành thói quen để thực
hiện được những việc đã được quy đ
ịnh đúng như nó đã được quy định, và
tạo thành văn hóa hợp tác lẫn nhau.",しつけ,Shitsuke (sẵn sàng),7,しつけ,,,6
,"(danh từ) Vận hành, lái",うんてん（する）,"(danh từ) Vận hành, lái",44,運転（する）,"けんせつき か い うんてん
建設機械を運転する",,6
,,うつ,"Đập, nện",15,打つ,"あやま て う
誤ってハンマーで手を打ってしまった",,6
,,かいこうぶちゅうい,Chú ý lỗ mở,19,開口部注意,,,6
,,はいりょくきん,Cốt thép phân bố,36,配力筋,"はいりょくきん く み た
配力筋を組立てる",,6
,"Là loại máy xúc thủy lực phổ biến
nhất, được sử dụng để đào xuống dưới
mặt đất",ばっくほう,Máy đào,39,バックホウ,,,7
,,"でんどうまるのこ（でんの
こ）",Máy cưa đĩa (Dennoko),27,電動丸のこ（電のこ）,"でんどうまる せつだん
電動丸のこでコンパネを切断する",,7
,,はばき（かせつあしば）,"Tấm chắn chống rơi ngã
(Giàn giáo tạm thời)",24,幅木（仮設足場）,"ろうどうしゃ ついてんらく き ぐ ら っ か ぼ う し
労働者の墜転落・器具の落下防止の
あ し ば は ば き もう
ために足場に幅木を設ける",,7
,,ぶれーきえき,Chất lỏng phanh,42,ブレーキ液,,,7
,Đo,はかる,Đo,44,測る,"てっきん なが はか
鉄筋の長さを測る",,7
,,ぶちょう,Trưởng ban,12,部長,,,7
,,ひ,Lửa,10,火,,,7
,,たかさ,Chiều cao,47,高さ,,,7
,,よぼう,(danh từ) Sự phòng ngừa,13,予防,,,7
,,ぜいきん,Tiền thuế,4,税金,,,7
,"Thường sẽ hay viết bằng chữ Kanji,
nhưng trong nhà máy, đôi khi được
viết bằng chữ Katakana là ""キケン
(Nguy hiểm)"".",きけん（な）,Nguy hiểm (tính từ),1,危険（な）,,,7
,,ほごぼう（へるめっと）,Mũ bảo hộ,33,保護帽（ヘルメット）,"ほ ご ぼう さぎょう と か
保護帽をかぶり作業に取り掛かる",,7
,,"ひじょうていしぼたんを
おす",Nhấn nút dừng khẩn cấp,2,非常停止ボタンを押す,,,7
,,そうじ（する）,(động từ) Làm vệ sinh,8,掃除（する）,,,7
,,すらぶてんば,Mặt trên bê tông,30,スラブ天端,"てん ば
スラブ天端をそろえる",,7
,,かんでんちゅうい,Chú ý điện giật,19,感電注意,,,7
,,でんげんをいれる,Bật nguồn điện,46,電源を入れる,,,7
,,つりあげようくらんぷ,Kẹp nâng Renfroe,21,吊り上げ用クランプ,"つ あ よう もち きんけつ
吊り上げ用クランプを用いて緊結し
たんかん つ あ
た単管を吊り上げる",,7
,,うわきん,Cốt thép trên,36,上筋,"うわきん く み た
上筋を組立てる",,7
,,ざいりゅうかーど,Thẻ lưu trú,3,在留カード,,,7
,,ばらんすをくずす,Mất thăng bằng,15,バランスを崩す,"うえ くず てんらく
はしごの上でバランスを崩して転落し
た",,7
,,きゅうじつ,Ngày nghỉ,6,休日,,,7
,,でんげんをおとす,Tắt nguồn điện,46,電源を落とす,,,8
,,るーる,Quy tắc,2,ルール,,,8
,,すぱいらるきん,Cốt thép xoắn ốc,36,スパイラル筋,"きん たいしんへき と つ
スパイラル筋を耐震壁に取り付ける",,8
,,ちょっこうくらんぷ,"Kẹp cố định, khóa cố đ
ịnh",21,直交クランプ,"ちょっこう もち たんかん きんけつ
直交クランプを用いて単管を緊結す
る",,8
,,たおれる,"Đổ, sập, ngã nằm xuống",15,倒れる,"たお ねっちゅうしょう たお
はしごが倒れる、熱中症で倒れる",,8
,,ついらくちゅうい,Chú ý rơi ngã,19,堕落注意,,,8
,"Là một loại máy xúc thủy lực, dùng để
xúc đất đá trên mặt đất đổ lên phương
tiện vận chuyển",ろーでぃんぐしょべる,Máy đào gầu thuận,39,ローディングショベル,,,8
,,ねんりょうたんく,Thùng nhiên liệu,42,燃料タンク,,,8
,,てんとう,"(danh từ) Sự ngã, đổ",13,転倒,,,8
,,あぶない,Nguy hiểm,1,危ない,,,8
,,かたづける,Dọn dẹp,8,片づける,,,8
,"Là tiền thuế đánh vào thu nhập như tiền
lương trong một năm.",しょとくぜい,Thuế thu nhập,4,所得税,,,8
,"Gọi tắt của ""Sashikin anka"" (neo cốt th
ép chờ). Còn gọi là ""Sashikin""(cốt thé
p chờ)",あんかー,Neo,33,アンカー,"せ っ ち
アンカーを設置する",,8
,,ながさ,Chiều dài,47,長さ,,,8
,,たかさ（たっぱ）,Độ cao (còn gọi là Tappa),30,高さ（タッパ）,"たか はか
高さ（タッパ）を測る",,8
,,しぎょうじかん,Giờ bắt đầu làm việc,6,始業時間,,,8
,"にゅうこくかんりちょう
Chữ viết tắt của ""入国管理庁 (Cục
にゅうこくかんりきょく
quản lý nhập cảnh)"", ""入国管理局
(Cục quản lý nhập cảnh)"".",にゅうかん,Cục quản lý nhập cảnh,3,入管,,,8
,,ぱっきん,"Gioăng, đệm, khớp nối",27,パッキン,"し こ
パッキンを敷き込む",,8
,"Gọi tắt của từ ""Tankan paipu"". Ngoài
ra còn gọi là ""Paipu"".",たんかん,Ống thép,24,単管,"たんかん もち あ し ば く た
単管を用いて足場を組み立てる",,8
,(danh từ) Sự điều khiển,そうさ（する）,(danh từ) Sự điều khiển,44,操作（する）,"き か い そ う さ
機械を操作する",,8
,,けむり,Khói,10,煙,,,8
,,かちょう,Trưởng phòng,12,課長,,,8
,,ずじょうちゅうい,Chú ý trên đầu,19,頭上注意,,,9
,,てんらく,"(danh từ) Sự rơi, ngã
xuống",15,転落,"うえ くず てんらく
はしごの上でバランスを崩して転落し
た",,9
,,ふっく,Móc,21,フック,ワイヤーロープをフックにかける,,9
,,ふぁんべると,Dây đai quạt,42,ファンベルト,,,9
,,しょうか,Chữa cháy,10,消火,,,9
,,たてこみ,Lắp đặt theo chiều dọc,30,建込み,"かたわく た て こ
型枠を建込みする",,9
,,はさまる,"Kẹp, kẹp vào",13,挟まる,,,9
,,かこうば,Khu vực gia công,33,加工場,"げ ん ばはんにゅうまえ か こ う ば てっきん か こ う
現場搬入前に加工場で鉄筋を加工
する",,9
,"Làm vệ sinh để làm cho nơi làm việc
trở nên sạch sẽ, đẹp, và dễ hiểu được đ
ó là tình trạng đúng.",せいそう,Làm vệ sinh,1,清掃,,,9
,,すてる,Vứt bỏ,8,捨てる,,,9
,"Thuế nộp cho chính quyền địa phương nơi
sinh sống.",じゅうみんぜい,Thuế cư dân,4,住民税,,,9
,,こういしつ,Phòng thay đồ,12,更衣室,,,9
,,おもさ,Cân nặng,47,重さ,,,9
,,ろーら,Xe lu,39,ローラ,,,9
,,きゃたつ,Thang gấp,24,脚立,,,9
,,しゅうぎょうじかん,Giờ kết thúc làm việc,6,終業時間,,,9
,,すいっちをきる,Tắt công tắc,46,スイッチを切る,,,9
,"(danh từ) Sự dừng, ngừng",ていし（する）,"(danh từ) Sự dừng, ngừng",45,停止（する）,,,9
,,ざいりゅうきかん,Thời hạn lưu trú,3,在留期間,,,9
,,てっきんけい,Đường kính cốt thép,36,鉄筋径,"てっきんけい せっけい と し ょ とお
鉄筋径は設計図書の通りである",,9
,,るーるをまもる,Tuân thủ quy tắc,2,ルールを守る,,,9
,,しょうばーる,"Xà beng, đòn bẩy nhỏ",27,小バール,"しょう くぎ ぬ
小バールで釘を抜く",,9
,"Là chế độ lương hưu mà nhân viên công ty v
à cán bộ công chức tham gia và được chi trả
khi tuổi cao, bị bệnh tật hoặc tử vong.",こうせいねんきん,Lương hưu,4,厚生年金,,,10
,,しどういん,Người hướng dẫn,6,指導員,,,10
,,きる,"Tắt, cắt",45,切る,"き てっきん き
エンジンを切る、鉄筋を切る",,10
,,すとれーとしゃっくる,Móc thẳng (hình chữ U),21,ストレートシャックル,"ワイヤーをストレートシャックルにかけ
る",,10
,"Chỉnh những thứ bị cong, gây vướng,
v.v… trở về trạng thái chuẩn",とおり,"Thẳng, Ngay ngắn",30,通り,"とお よ
通りを良くする",,10
,,あつさ,Chiều dày,47,厚さ,,,10
,,あしもと,Dưới chân,13,足元,,,10
,,だいしゃ,Xe đẩy,12,台車,,,10
,,しょうかき,Bình chữa cháy,10,消火器,,,10
,,ばけっと,Gầu,39,バケット,,,10
,,きたない,Bẩn,8,汚い,,,10
,,くうきあつ,Áp suất khí,42,空気圧,,,10
,,ひじょうぐち,Cửa thoát hiểm,1,非常口,,,10
,"Bán kính quay của máy móc hạng
nặng. Khu vực này thường bị cấm vào
để phòng tránh tai nạn do va chạm",さぎょうはんけい,Bán kính hoạt động,24,作業半径,"じゅうきさぎょう さぎょうはんけい た い きん
重機作業の作業半径に立ち入りを禁
し
止する",,10
,,とめる,Cho dừng,2,止める,,,10
,,こようけいやく,Hợp đồng tuyển dụng,3,雇用契約,,,10
,,けいほうせつび,Thiết bị báo động,19,警報設備,,,10
,,かぶりあつさ,"Độ dày lớp bê tông bảo vệ
cốt thép",36,かぶり厚さ,"あつ かくにん
かぶり厚さを確認する",,10
,,だいばーる,"Xà beng, đòn bẩy to",27,大バール,"かたわくかいたい だい し よ う
型枠解体に大バールを使用する",,10
,,こてい（する）,(danh từ) Sự cố định,46,固定（する）,,,10
,,すぺーさー,Con kê,33,スペーサ―,"てっきん あつ たも
鉄筋のかぶり厚さを保つためスペー
つか
サーを使う",,10
,,しさこしょう,Chỉ tay gọi tên,15,指差呼称,,,10
,,せいかつしどういん,Người hướng dẫn đời sống,6,生活指導員,,,11
,,ちゅうい,Chú ý,1,注意,,,11
,Chiều cao một bậc thang,けあげ,Chiều cao một bậc thang,31,蹴上げ,"き け あ すんぽう かたわく く み た
決められた蹴上げ寸法で型枠を組立
てる",,11
,,よごれる,Bị bẩn,8,汚れる,,,11
,,くらっち,Khớp li hợp,42,クラッチ,,,11
,,ふあんてい,"(danh từ) Sự không ổn đ
ịnh, không vững",13,不安定,,,11
,,ぶーむ,Cần chống,40,ブーム,,,11
,,ゆか,Sàn,12,床,,,11
,,ひじょうべる,Chuông khẩn cấp,10,非常ベル,,,11
,,かたさ,Độ cứng,47,硬さ,,,11
,,どーなつ,Con kê hình bánh xe,34,ドーナツ,"かべ てっきん あつ つか
壁の鉄筋かぶり厚さはドーナツを使う",,11
,,ひやりはっと,"Sự cố (tiềm ẩn nguy cơ
nhưng chưa gây ra thiệt
hại).",15,ヒヤリハット,,,11
,,ゆるめる,Nới lỏng,46,ゆるめる,ボルトをゆるめる,,11
,,けしょうごうはん,Ván trang trí,28,化粧合板,"ひょうめん う はな し あ けしょうごうばん
表面は打ち放し仕上げのため化粧合
し よ う
板を使用する",,11
,,かっしゃ,"Ròng rọc, Puli",22,滑車,"かっしゃ ざいりょう つ あ
滑車で材料を吊り上げる",,11
,,かくど,Độ góc,37,角度,"か く ど かくにん
角度を確認する",,11
,,しょうかき,Bình chữa cháy,20,消火器,,,11
,,きゅうよめいさい,Bảng chi tiết lương,3,給与明細,,,11
,,まわす,"Quay, xoay",45,回す,,,11
,,かりぼると,Bu lông tạm thời,25,仮ボルト,"かり こうぞうたい かり こ て い
仮ボルトで構造体を仮に固定する",,11
,"Là bảo hiểm được chi trả trong trường hợp
thất nghiệp hoặc đi tìm việc làm khác",こようほけん,Bảo hiểm thất nghiệp,4,雇用保険,,,11
,,きかいをとめる,Cho dừng máy,2,機械を止める,,,11
,,やって,Hãy làm,2,やって,,,12
,,きゅうりょう,Lương,3,給料,,,12
,"Là bảo hiểm được chi trả khi bản thân người
tham gia hoặc gia đình phải điều trị y tế.",けんこうほけん,Bảo hiểm y tế,5,健康保険,,,12
,,てなおし,Chỉnh sửa,25,手直し,"し て き ば し ょ て な お
指摘された場所を手直しする",,12
,,おす,"Ấn, bấm",45,押す,,,12
,,くれーん,"Cần cẩu, cần trục",22,クレーン,"しざい つ あ
クレーンで資材を吊り上げる",,12
,,しんぐる,"Đơn, một",37,シングル,"てっきん はいきん く み た
鉄筋はシングル配筋で組立てる",,12
,,のばす,"Cán, kéo dài",46,伸ばす,,,12
,,"えーいーでぃーせっちば
しょ",Nơi đặt máy AED,20,AED設置場所,,,12
,,かこうはいきんず,"Bản vẽ bố trí cốt thép gia c
ông",34,加工配筋図,"か こ うはいきん ず どお く み た
加工配筋図通りに組立てる",,12
,,ふつうごうはん,Ván thường,28,普通合板,"はいめん そ じ し あ ふ つ うごうばん
背面は素地仕上げのため普通合板を
し よ う
使用する",,12
,,けこみ,"Phần lõm vào theo chiều
ngang của bậc thang trên v
à bậc thang dưới",31,蹴込み,"き け こ すんぽう かたわく く み た
決められた蹴込み寸法で型枠を組立
てる",,12
,,でぐち,Cửa ra,12,出口,,,12
,,きゅうはっしん,Tiến đột ngột,42,急発進,,,12
,,あとかたづけ,Dọn dẹp,13,後片付け,,,12
,,げんいん,Nguyên nhân,15,原因,,,12
,,あーむ,Cần ngang,40,アーム,,,12
,,かさいほうちき,Thiết bị báo cháy,10,火災報知機,,,12
,,ふかさ,Độ sâu,47,深さ,,,12
,,ぶんべつ（する）,(động từ) Phân loại,8,分別（する）,,,12
,,かじ,Hỏa hoạn,1,火事,,,12
,,たんとうしゃ,Người phụ trách,6,担当者,,,12
,,いどうしきくれーん,Xe cẩu tự hành,22,移動式クレーン,"いどうしき しざい つ あ
移動式クレーンで資材を吊り上げる",,13
,,あつめる,"Tập trung, gom",45,集める,,,13
,,すたいろふぉーむ,Tấm cách nhiệt,28,スタイロフォーム,"かたわくない と つ
スタイロフォームを型枠内に取り付け
る",,13
,,はいきんしょうさいず,"Bản vẽ chi tiết bố trí cốt th
ép",34,配筋詳細図,"はいきんしょうさい ず どお くみ た
配筋詳細図通りに組立てる",,13
,,ほごぼうちゃくよう,Đội mũ bảo hộ,20,保護帽着用,,,13
,,つらいち,"Bề mặt của hai vật liệu
phẳng đều nhau",25,面一,"つらいち
面一にそろえる",,13
,,はずす,"Tháo, gỡ ra",46,外す,"あんぜん はず
安全カバーを外す",,13
,,とめて,Hãy dừng lại,2,止めて,,,13
,"Là tên gọi chung cho bảo hiểm y tế, bảo
hiểm hưu trí, bảo hiểm chăm sóc, bảo hiểm
thất nghiệp và bảo hiểm tai nạn lao động. Cũ
ng có trường hợp chỉ bảo hiểm y tế và bảo
hiểm hưu trí chủ yếu do nhân viên công ty
tham gia.",しゃかいほけん,Bảo hiểm xã hội,5,社会保険,,,13
,,だぶる,"Đôi, hai",37,ダブル,"はいきん
スラブはダブル配筋とする",,13
,,もえないごみ,Rác không cháy được,8,燃えないごみ,,,13
,,ざんぎょうてあて,Trợ cấp làm tăng ca,3,残業手当,,,13
,,じこ,Sự cố,1,事故,,,13
,,にげる,Trốn chạy,10,逃げる,,,13
,,ぶれーど（はいどばん）,"Lưỡi ủi (còn gọi là Tấm
gạt đất)",40,ブレード（排土板）,,,13
,,きゅうぶれーき,Phanh đột ngột,42,急ブレーキ,,,13
,,きゅうきゅうばこ,Hộp sơ cứu,14,救急箱,,,13
,,たいさく,"Giải pháp, biện pháp",15,対策,,,13
,,こうぐのていれ,Bảo dưỡng dụng cụ,31,工具の手入れ,"こ う ぐ て い
工具の手入れをおこたらない",,13
,,でんき,Điện,12,電気,,,13
,,すいっちいれるな,Không được bật công tắc,6,スイッチ入れるな,,,13
,,ひょうめん,Bề mặt,47,表面,,,13
,,ちどりけっそく,Kết nối xen kẽ,37,千鳥結束,"てっきん ち ど り けっそく
鉄筋は千鳥結束する",,14
,,てんけんじこう,Hạng mục kiểm tra,25,点検事項,"し よ う こ う ぐ てんけんじ こ う もと し
使用する工具は点検事項に基づき始
ぎょうまえてんけん
業前点検をおこなう",,14
,"ろうどうさいがい
Viết tắt của ""労働災害 (Tai nạn lao động)"".
Là việc bị thương trong khi làm việc hoặc bị
bệnh do làm việc.",ろうさい,Tai nạn lao động,5,労災,,,14
,,すきま,Khe hở,47,すきま,,,14
,,めんぎ,Dải vát cạnh,28,面木,"かたわく めん ぎ と つ
型枠に面木を取り付ける",,14
,,かいこうほきょうきん,Cốt thép gia cường lỗ mở,34,開口補強筋,"まどかいこう ぶ かいこうほきょうきん ぐみ た
窓開口部は開口補強筋を組立てる",,14
,,かいしゃくろーぷ,"Cáp đuôi, cáp kéo lùi",22,介しゃくロープ,"かい にもつ ふ
介しゃくロープで荷物の振れをおさ
える",,14
,,あんぜんたいしよう,Sử dụng dây đai an toàn,20,安全帯使用,,,14
,,ばんそうこう,Băng dán vết thương,14,絆創膏,,,14
,,さげふり,"Quả dọi, dây dọi",31,下げ振り,"さ ふ すいちょく かくにん
下げ振りで垂直を確認する",,14
,,けいほうおん,Âm thanh báo động,12,警報音,,,14
,,らっか,(danh từ) Sự rơi xuống,15,落下,"あしば こ う ぐ らっか
足場から工具が落下した",,14
,,たいや,Lốp xe,40,タイヤ,,,14
,,ふくそう,Trang phục,1,服装,,,14
,,あいどりんぐ,"Chạy không tải, chạy cầm
chừng",43,アイドリング,"て い し
エンジンを停止するときはアイドリング
と
したあとに止める",,14
,,げんば,Hiện trường,10,現場,,,14
,,とって,Hãy lấy,2,取って,,,14
,,もえるごみ,Rác cháy được,8,燃えるごみ,,,14
,,さわる,"Chạm, sờ",45,触る,,,14
,,まげる,Uốn,46,曲げる,"てっきん ま
鉄筋を曲げる",,14
,,すいっちきるな,Không được tắt công tắc,6,スイッチ切るな,,,14
,,ろうどうじかん,Thời gian làm việc,3,労働時間,,,14
,,ちゅうしん,"Trung tâm, chính giữa",47,中心,,,15
,,じずみ,Đánh đấu,31,地墨,"じ ずみ あ かたわく と つ
地墨に合わせて型枠を取り付ける",,15
,,はばどめきん,"Cốt thép đai ngắn nối hai
thanh đối diện bụng dầm đ
ể giữ khoảng cách chính x
ác giữa 2 thanh",34,幅止め筋,"はば ど きん と つ
幅止め筋を取り付ける",,15
,,しばる,"Bó, buộc",45,縛る,,,15
,,せきさいかじゅう,Hoạt tải,25,積載荷重,"せきさいかじゅう こ
トラックの積載荷重を超えないように
つ こ
積み込む",,15
,,だす,Lấy ra,46,出す,,,15
,,ばいぶれーたー,Đầm dùi bê tông,28,バイブレーター,"し かた
バイブレーターでコンクリートを締め固
める",,15
,,せつだんすんぽう,Kích thước cắt ngang,37,切断寸法,"せつだんすんぽう てっきん せつだん
切断寸法で鉄筋を切断する",,15
,,しょうこうかいだん,Cầu thang bộ,20,昇降階段,,,15
,,たいちょう,Thể trạng,14,体調,,,15
,,くろーら,Bánh xích,40,クローラ,,,15
,,こんせんと,Ổ cắm,12,コンセント,,,15
,,しょうこうかいだん,Cầu thang bộ,22,昇降階段,"あしばじょうそう のぼ しょうこうかいだん つか
足場上層に上るには昇降階段を使
う",,15
,,ついらく,"(danh từ) Sự rơi (từ trên
cao) xuống",16,墜落,"か い こ う ぶ ついらく
開口部から墜落した",,15
,,そうこう,Chạy,43,走行,,,15
,,さぎょう,Thao tác,10,作業,,,15
,,だめ（な）,"(tính từ) Không được, kh
ông tốt",2,だめ（な）,,,15
,,はさまれる,Bị kẹp vào,8,挟まれる,"きかい て はさ
機械に手が挟まれた",,15
,"Là bảo hiểm chi trả một khoản tiền thanh toá
n một lần trong trường hợp phát sinh chi phí
điều trị, cho khoảng thời gian không thể làm
việc hoặc cho thương tật do tai nạn lao động.",ろうさいほけん,"Bảo hiểm tai nạn lao đ
ộng",5,労災保険,,,15
,,しようきんし,Cấm sử dụng,6,使用禁止,,,15
,,あんぜんそうち,Thiết bị an toàn,1,安全装置,,,15
,,きゅうけいじょ,Khu vực nghỉ ngơi,20,休憩所,,,16
,,かくにん,"(danh từ) Sự kiểm tra, xác
nhận",16,確認,"しゅうい あんぜん かくにん
周囲の安全を確認する",,16
,,さぎょうば,Nơi làm việc,12,作業場,,,16
,,はくりざい,"Chất chống dính ván khuô
n, chất tách khuôn, chất th
áo khuôn",28,剥離剤,"かたわく よ
コンクリートと型枠のはなれを良くする
は く りざい し よ う
ために剥離剤を使用する",,16
,,かわかす,"Làm khô, sấy khô",46,乾かす,,,16
,,かこうすんぽう,Kích thước gia công,37,加工寸法,"か こ うすんぽうどお てっきん か こ う
加工寸法通りに鉄筋を加工する",,16
,,すじかいとめぴん,"Chốt khóa thanh giằng
chéo",22,筋かい止めピン,"すじ と さ こ お ま
筋かい止めピンを差し込み折り曲げ
ておく",,16
,,きー（かぎ）,Chìa khóa,40,キー（鍵）,"くるま かぎ
車の鍵",,16
,,ち,Máu,14,血,,,16
,,さしきん,Cốt thép chờ,34,差筋,"さしきん
コンクリートに差筋をする",,16
,,すてこんくりーと,Bê tông lớp tạo phẳng,31,捨てコンクリート,"す と わく せ っ ち
捨てコンクリートの止め枠を設置する",,16
,,せんかい,Đi vòng tròn,43,旋回,,,16
,,あたい,Giá trị,48,値,,,16
,,すきま,Khe hở,25,すき間,"ぼうおん ま あ
防音シートはすき間が空かないように
と つ
取り付ける",,16
,,そろえる,Xếp đều,45,揃える,"てっきん なが そろ
鉄筋の長さを揃える",,16
,"Họp, họp đầu giờ sáng, họp cuối giờ ,
v.v cũng có trường hợp được gọi là ""
ミーティング (Meeting)"".",みーてぃんぐ,Cuộc họp,10,ミーティング,,,16
,,まきこまれる,Bị cuốn vào,8,巻き込まれる,"きかい て ま こ
1)機械に手が巻き込まれる
てぶくろ ばん ま こ
2)手袋がフライス盤に巻き込まれる",,16
,,とおりをみる,"Kiểm tra có thẳng hay khô
ng",25,通りを見る,"かたどお ね ぎ り で き とお
やり方通りで根切が出来ているか通
りをみる",,17
,,ねっちゅうしょう,"Sốc nhiệt, say nắng",14,熱中症,,,17
,,けんしゅう（する）,(động từ) Đào tạo,10,研修（する）,,,17
,,"さぎょうそうち
（あたっちめんと）",Phụ tùng,40,"作業装置
（アタッチメント）",,,17
,,さぎょうだい,Bàn thao tác,12,作業台,,,17
,,かぞえる,"Chỉ bảo, dạy",46,数える,,,17
,,かさねつぎて,"Liên kết chồng, mối nối
chồng",37,重ね継手,"てっきん ど う し かさ つ ぎ て
鉄筋同士は重ね継手とする",,17
,,けこみいた,"Ván đứng (giữa 2 bậc
thang)",28,けこみ板,"いた と つ
けこみ板を取り付ける",,17
,"Trạng thái nhô ra nhiều về một phía
từ nơi có sàn công tác làm chỗ đỡ.
Nếu không biết mà bước lên thì có khả
năng rơi ngã, hết sức nguy hiểm.",はねだし,Nhô ra,31,はね出し,"かべ だ かたわく く み た
壁からはね出してスラブ型枠を組立て
る",,17
,,あんてい（する）,(danh từ) Sự ổn định,48,安定（する）,,,17
,,やけど（する）,(động từ) Bị bỏng,8,やけど（する）,,,17
,,はしらしゅきん,Cột chủ cốt thép,34,柱主筋,"はしらしゅきん ぐみ た
柱主筋を組立てる",,17
,,むすぶ,"Nối, buộc",45,結ぶ,"ざいりょう むす
材料をまとめてひもで結ぶ",,17
,,あんぜんろっく,Khóa an toàn,43,安全ロック,,,17
,,さいだいせきさいかじゅう,Tải trọng tối đa,20,最大積載荷重,,,17
,,きゃくちゅうじょいんと,Chốt liên kết,22,脚柱ジョイント,"きゃくちゅう さいご さ こ
脚柱ジョイントは最後まで差し込む",,17
,,えんじん,Động cơ,40,エンジン,"き
エンジンをかける、エンジンを切る",,18
,,こうじげんば,Công trường,12,工事現場,,,18
,,はしらはいきん,Cột cốt thép,34,柱配筋,"はしらはいきん ず めん かくにん
柱配筋を図面で確認する",,18
,,めじぼう,"Thanh tạo rãnh, thanh nối,
thanh liên kết",28,目地棒,"かたわく め じ ぼう と つ
型枠に目地棒を取り付ける",,18
,,おおきさ,Độ lớn,48,大きさ,,,18
,,はらみ,Phình,31,はらみ,"だ せ つちゅう かたわく
コンクリート打設中に型枠のはらみを
かくにん
確認する",,18
,,きつえんじょ,Khu vực hút thuốc,20,喫煙所,,,18
,,れんけつぴん,Chốt nối,22,連結ピン,"れんけつ さいご さ こ
連結ピンは最後まで差し込む",,18
,,くみたて,"Lắp ráp, lắp ghép",25,組立,"あ し ば く み た
足場を組立てる",,18
,,あっせつつぎて,"Liên kết hàn áp lực, mối
nối hàn áp lực",37,圧接継手,"てっきん ど う し あっせつつ ぎ て
鉄筋同士は圧接継手とする",,18
,,はこぶ,Vận chuyển,46,運ぶ,,,18
,,あんぜんしちゅう,Cột chống an toàn,43,安全支柱,,,18
,,おちる,Bị rơi,8,落ちる,"かいだん お
階段から落ちる",,18
,,しゃがむ,Ngồi xổm,45,しゃがむ,,,18
,,はきけ,"Buồn nôn, buồn ói",14,吐き気,,,18
,,じっしゅう（する）,(động từ) Thực tập,11,実習（する）,,,18
,,しょくちょう,Tổ trưởng,12,職長,"あしばくみたて しょくちょう し じ したが
足場組立は 職長の指示に従う",,19
,,おうと,"(danh từ) Sự nôn, ói",14,嘔吐,,,19
,,すらぶきん,Cốt thép bản mặt,34,スラブ筋,"きん しょてい く み た
スラブ筋を所定のピッチで組立てる",,19
,,こんくりーと,Bê tông,28,コンクリート,"かたわく なが こ
型枠にコンクリートを流し込む",,19
,,かず,Số lượng,48,数,,,19
,,まえつら,Mặt trước,31,前面,"まえつら そろ
前面を揃える",,19
,,せいりせいとん,Sắp xếp chỉnh đốn,20,整理整頓,,,19
,,じょいんとかなぐ,"Khớp kim loại để kết
nối ống thép",22,ジョイント金具,"かなぐ かくじつ さいご
ジョイント金具は確実に最後までは
める",,19
,,じぐみ,Lắp ráp ở mặt đất,25,地組,"した じ ぐみ あ し ば あ
下で地組した足場をクレーンで上げ
うえ と つ
て上で取り付ける",,19
,,かいこうぶ,"Lỗ mở, lỗ trống",37,開口部,"かい こ う ぶ かいこうほきょうきん と つ
開口部には開口補強筋を取り付ける",,19
,,あいさつ,Chào hỏi,11,あいさつ,,,19
,,でぃーぜるえんじん,Động cơ Diesel,40,ディーゼルエンジン,,,19
,,ほきゅう,(danh từ) Sự bổ sung,43,補給（する）,"ねんりょう ほきゅう
エンジンをかけたまま燃料を補給して
はいけない",,19
,,つむ,"Xếp, chất",46,積む,"ざいりょう つ
材料をくずれないように積む",,19
,,すべる,Trơn,8,すべる,"ゆか
床がすべる",,19
,,ちょうせい（する）,(danh từ) Sự điều chỉnh,45,調整（する）,,,19
,,ごさ,Sai số,48,誤差,,,20
,,えんじんおいる,Dầu động cơ,40,エンジンオイル,,,20
,,ちゅうしゃ,(danh từ) Sự đỗ xe,43,駐車（する）,,,20
,,ようせつかなあみ,Lưới cốt thép sợi hàn,37,溶接金網,"ど ま はいきん ようせつかなあみ し よ う
土間配筋は溶接金網を使用する",,20
,,べーすきん,"Cốt thép nền, móng",34,ベース筋,"きん く み た
ベース筋を組立てる",,20
,"Còn gọi là ""Uwaba""",てんば,Mặt trên,25,天端,"て ん ば へいかつ
コンクリートの天端をコテで平滑にな
らす",,20
,,こんべっくす,Thước dây,28,コンベックス,"すんぽう はか
コンベックスで寸法を測る",,20
,,ようじょう,Dưỡng hộ,31,養生,"だ せ つ ご ようじょう
コンクリート打設後に養生をおこなう",,20
,,あんぜんつうろ,Lối đi an toàn,20,安全通路,,,20
,,ればーぶろっく,"Kích xích căng dây, tă
ng đơ xích",22,レバーブロック,"しざい こてい
レバーブロックで資材を固定する",,20
,,あしがつる,Chân bị chuột rút,14,足がつる,,,20
,,さぎょうせきにんしゃ,Người phụ trách công việc,12,作業責任者,,,20
,,ころぶ,Bị ngã,9,転ぶ,"こうじょう ころ
工場ですべって転んだ",,20
,,とじる,Đóng,45,閉じる,,,20
,,おろす,"Dỡ xuống, hạ xuống",46,下ろす,"に だ い に も つ お
トラックの荷台から荷物を下ろす",,20
,,かくにん（する）,"(động từ) Kiểm tra, xác
nhận",11,確認（する）,,,20
,,きぶんがわるい,"Không khỏe, khó ở",14,気分が悪い,,,21
,,"でんどうのこ（まるの
こ）",Máy cưa đĩa,22,電動のこ（丸のこ）,"かたわく せつだん まる しよう
型枠の切断は丸のこを使用する",,21
,,たまかけ・たまがけ,Treo tải,26,玉掛け,"ざいりょう つ あ さい あんぜん い ち
材料を吊り上げる際は安全な位置に
たまかけ
玉掛けをおこなう",,21
,,さぎょうようてぶくろ,Găng tay bảo hộ lao động,29,作業用手袋,"さぎょうようてぶくろ もち かたわくさぎょう
作業用手袋を用いて型枠作業をおこ
なう",,21
,,はんしゅつ,Vận chuyển ra,38,搬出,"のこ てっきん げ ん ば はんしゅつ
残った鉄筋を現場から搬出する",,21
,,おびきん（ふーぷ）,"Cốt thép đai (dạng vòng tr
òn)",35,帯筋（フープ）,"おびきん く み た
帯筋を組立てる",,21
,,"おるたねーた
（じゅうでんはつでんき）","Máy phát điện xoay chiều
(Máy sạc và phát điện)",41,"オルタネータ
（充電発電機）",,,21
,,なか,"Trung bình, vừa",48,中,,,21
,,れべる,Độ cân bằng,32,レベル,"そくりょう
レベルを測量する",,21
,,ほうこく（する）,(động từ) Báo cáo,11,報告（する）,,,21
,,はなれる,"Rời xa, tránh",46,離れる,,,21
,,ぬれる,Bị ướt,9,濡れる,,,21
,,ほこうしゃ,Người đi bộ,43,歩行者,,,21
,,わりつけ,"Sự phân bổ, bố trí đều",32,割付,"かたわく わ つ
型枠を割り付ける",,22
,,ばってり,Ắc quy,41,バッテリ,,,22
,,はんたい,Ngược lại,48,反対,,,22
,,ねぶそく,Thiếu ngủ,14,寝不足,,,22
,"Còn gọi là ""Monki-renchi""",もんきーすぱな,Mỏ lết có điều chỉnh,23,モンキースパナ,"し ゆる
モンキースパナでナットを締める・緩
める",,22
,,あいず,"Dấu hiệu, tín hiệu",26,合図,"じゅうきさぎょう あ い ず あんぜん おこな
重機作業は合図をもって安全に行う",,22
,,しゃりょう,Xe,43,車両,,,22
,,さしがね,"Thước vuông, ê ke (của
thợ mộc)",29,差金,"さしがね すんぽう はか
差金で寸法を測る",,22
,,はんにゅう,Vận chuyển vào,38,搬入,"てっきん げ ん ば はんにゅう
鉄筋を現場に搬入する",,22
,,したばきん,Cốt thép bên dưới,35,下端筋,"し た ばきん く み た
下端筋を組立てる",,22
,,れんらく（する）,(động từ) Liên lạc,11,連絡（する）,,,22
,,えいせい,Vệ sinh,9,衛生,,,22
,,まわり,Xung quanh,48,周り,,,23
,Là nền tảng của công trình xây dựng,きそ,Móng,38,基礎,"き そ はいきん
基礎の配筋をおこなう",,23
,,ねんりょう,Nhiên liệu,41,燃料,,,23
,Chỗ không nhìn thấy,しかく,Góc chết,43,死角,,,23
,,ていかくかじゅう,Tải trọng quy định,26,定格荷重,"ていかくかじゅう こ つ さぎょう
定格荷重を超えて吊りもの作業はお
こなわない",,23
,,すいへいき,"Thước thủy, thước nivo,
ống bọt nước",29,水平器,"すいへい き かたむ ちょうせい すいへい
水平器で傾きを調整し水平にする",,23
,,うめこみかなもの,Kim loại đặt trong bê tông,32,埋め込み金物,"かたわく う こ かなもの
型枠にはあらかじめ埋め込み金物を
と つ
取り付ける",,23
,,うわばきん,Cốt thép bên trên,35,上端筋,"う わ ばきん く み た
上端筋を組立てる",,23
,,あんぜんねっと,Lưới an toàn,14,安全ネット,,,23
,,おやづなしちゅう,Cột giăng dây neo,23,親綱支柱,"おやづな は い ち おやづなしちゅう と
親綱を張る位置に親綱支柱を取り
つ
付ける",,23
,,ひなん（する）,"(động từ) Sơ tán, lánh nạn",9,避難（する）,,,23
,,そうだん（する）,(động từ) Thảo luận,11,相談（する）,,,23
,,けいゆ,Dầu nhẹ,41,軽油,,,24
,"1 thước = 30,3 cm",しゃく,Thước,48,尺,,,24
,,しゅきん,Cốt thép chủ,35,主筋,"しゅきん く み た
主筋を組立てる",,24
,,すみさし,Cọ châm mực làm dấu,29,墨さし,"すみ すみ
墨さしを墨つぼにつける",,24
,"Còn gọi là ""Mochiokuri""",ぶらけっと,"Dầm hẫng, công son,
thanh giằng chống giữ
tường",23,ブラケット,"あしば と つ
足場にブラケットを取り付ける",,24
,,あんぜんてんけん,Kiểm tra an toàn,14,安全点検,,,24
,,かいたい,(danh từ) Sự tháo dỡ,32,解体する（バラス）,"かたわく かいたい
型枠を解体する（バラス）",,24
,,たち,Độ thẳng đứng,26,たち,"あ しばしち ゅ う み すいちょくせい
足場支柱のたちを見る（垂直性＝た
ち）",,24
,Sử dụng khi đưa đồ vật cho ai đó.,わたす,Đưa,11,渡す,,,24
,,きゅうきゅうしゃ,Xe cứu thương,9,救急車,,,24
,,しゃめん,Dốc,43,斜面,"やま の しゃめん のぼ
山の斜面を上る",,24
,,きかいしきつぎて,"Liên kết cơ khí, mối nối cơ
khí",38,機械式継手,"てっきん ど う し き か い し き つ ぎ て
鉄筋同士は機械式継手とする",,24
,,すみつぼ,Lọ mực (của thợ môc),29,墨つぼ,"すみ すみ
墨さしを墨つぼにつける",,25
,,かぶりすんぽう,"Độ dày lớp bê tông bảo vệ
cốt thép",32,かぶり寸法,"てっきん かたわく すんぽう かくにん
鉄筋と型枠のかぶり寸法を確認する",,25
,,はしご,Thang,23,梯子,,,25
,,あばらきん,Cốt thép đai (dạng thanh),35,あばら筋,"きん く み た
あばら筋を組立てる",,25
,,てんあつ,(danh từ) Sự đầm nén,43,転圧（する）,"てんあつさぎょう
ローラで転圧作業をする",,25
,,はいきんけんさ,Kiểm tra bố trí cốt thép,38,配筋検査,"せっけいかんりしゃ はいきんけ ん さ ごうかく
設計監理者による配筋検査に合格す
る",,25
,,ぶれーき,Phanh,41,ブレーキ,"ふ
ブレーキを踏む",,25
,,あお,Xanh,48,青,,,25
,,さいがい,Thảm họa,9,災害,,,25
,,しんせいしょ,Đơn xin,11,申請書,,,25
,,しょくちょう,Tổ trưởng,26,職長,"あ し ばくみたて しょくちょう し じ したが
足場組立は職長の指示に従う",,25
,,あか,Đỏ,48,赤,,,26
,,じしん,Động đất,9,地震,"じ しん お
地震が起きる",,26
,,ねぼう（する）,(động từ) Ngủ quên,11,寝坊（する）,,,26
,,もぐる,Chui xuống,9,もぐる,"じ しん つくえ した
地震だ！机の下にもぐれ！",,27
,,しろ,Trắng,48,白,,,27
,,きいろ,Vàng,48,黄色,,,28
