No.,Page,中文词意,例句,标识,注解,照片,词汇,读音 （假名）
1,1,技能实习,,,,,技能実習,ぎのうじっしゅう
1,4,扣除,"かぞく やしな ひと ふようこうじょ
家族を養っている人は、「扶養控除」
う ばあい
を受けられる場合がある",,"指的是从原金额中扣除一定的金额。主
要在计算税额时使用。",,控除（する）,こうじょ（する）
1,3,监理团体,,,"管理和指导技能实习生掌握技
能、举办活动的非营利团体。",,監理団体,かんりだんたい
1,44,位置,,,,,位置,いち
1,10,严禁烟火,,,,,火気厳禁,かきげんきん
1,2,安全罩,,,,,安全カバー,あんぜんかばー
1,43,取出,,,,,取り出す,とりだす
1,7,5S,,,"整理、整顿、清扫、清洁、素养这5
个词的第一个字母都是“S”。是用
于为了维持改善工作场所环境的词
语。",,5S,ごえす
1,13,禁止,,,,,禁止,きんし
1,31,异形条钢,"い け いぼうこう もち
異形棒鋼を用いる",,在日本常使用的普通钢筋,,異形棒鋼,いけいぼうこう
1,40,液压缸,,,,,油圧シリンダ,ゆあつしりんだ
1,14,KY活动（危险预测活动）,,,,,KY活動（危険予知活動）,"けーわいかつどう（きけん
よちかつどう）"
1,12,技能,,,,,技能,ぎのう
1,28,分离器、圆隔板,"まる かたわく こ て い
丸セパレーターで型枠を固定する",,,,"丸セパレーター
（丸セパ）","まるせぱれーたー
（まるせぱ）"
1,19,三连夹板、三连杆夹钳,"さんれん たんかん けつごう
三連クランプで単管を結合する",,,,三連クランプ,さんれんくらんぷ
1,17,禁止入内,,,,,立入禁止,たちいりきんし
1,42,碰撞,"じゅうき せっしょく
重機に接触してけがをする",,,,接触（する）,せっしょく（する）
1,25,安全罩,"あんぜん しよう じこ ふせ
安全カバーの使用で事故を防ぐ",,"主要指电动圆盘锯的外罩。为预防
切割时发生逆转伤害人体。",,安全カバー,あんぜんかばー
1,22,主绳,"おやづな あんぜんたい
親綱に安全帯をかける",,"建筑工地上用来系挂安全带（附带
安全绳的带子）的绳子。为保护工
地作业人员的人身安全，必须在柱
子与柱子之间拉紧固定。",,親綱,おやづな
1,37,拖拉机、牵引车,,,"拖拉机上加装作业装置（附属装
置）的叫做推土机、挖掘机等。",,トラクタ,とらくた
1,34,裤裙筋,"きん く み た
はかま筋を組立てる",,,,はかま筋,はかまきん
1,6,迟到,,,,,遅刻（する）,ちこく（する）
2,14,危险,,,,,危険,きけん
2,3,技术转移,,,,,技術移転,ぎじゅついてん
2,12,技能鉴定考试,,,,,技能検定試験,ぎのうけんていしけん
2,31,"多股胶合线、绑扎丝、
捆结线","けっそくせん てっきん しば
結束線で鉄筋を縛る",,,,結束線,けっそくせん
2,40,液压马达,,,,,油圧モータ,ゆあつもーた
2,1,技能实习生,,,,,技能実習生,ぎのうじっしゅうせい
2,4,奖金,,,,,ボーナス,ぼーなす
2,7,整理,,,"通过明确区分要与不要的物品以及
信息共有，提高质量和生产效率。",,整理,せいり
2,10,严禁开放,,,,,開放厳禁,かいほうげんきん
2,2,创伤,,,,,けが,けが
2,17,禁止吸烟,,,,,禁煙,きんえん
2,34,竖筋,"たてきん く み た
縦筋を組立てる",,,,縦筋,たてきん
2,37,推土机,,,"拖拉机上加装推土机刮板的工程机
械",,ブルドーザ,ぶるどーざ
2,28,顶端钉子,"てん てん ば くぎ う
コンクリート天に天端釘を打つ",,,,天端釘,てんばくぎ
2,43,放回,"つか こ う ぐ もと ば し ょ もど
使った工具は元の場所に戻す",,,,戻す,もどす
2,19,传送带,"つち こうんぱん
ベルトコンベアで土を小運搬する",,,,"ベルトコンベア
（ベルコン）","べるとこんべあ
（べるこん）"
2,22,框架,"たてわく もち あ し ば く み た
建枠（ビティ）を用いて足場を組立て
る",,,,建枠（ビティ）,たてわく（びてぃ）
2,13,指示牌、显示板,,,,,表示板,ひょうじばん
2,44,尺寸,,,,,寸法,すんぽう
2,6,早退,,,,,早退（する）,そうたい（する）
2,25,安全带,"あんぜんたい あ し ば と つ
安全帯を足場に取り付ける",,,,安全帯,あんぜんたい
2,42,启动、运作,"か さ い ほ う ち き さ ど う
火災報知器が作動する",,,,作動（する）,さどう（する）
3,22,纱布、苫布,"あ し ばわく と つ
足場枠にメッシュシートを取り付ける",,也称养护苫布、防飞散网。,,メッシュシート,めっしゅしーと
3,3,技能实习期间,,,,,技能実習期間,ぎのうじっしゅうきかん
3,19,大木锤,"くい う こ
かけやで杭を打ち込む",,"大型榔头。日语也称“鳴り物”或
“大鳴り”。双手捏握使用的叫大
木锤，单手使用的叫木槌，日语也
称“コネキリ”。",,かけや,かけや
3,37,挖掘机,,,"拖拉机上加装铲斗的工程机械。有
履带式和轮胎式",,トラクタショベル,とらくたしょべる
3,13,禁止事项,,,,,禁止事項,きんしじこう
3,12,应考、参加考试,,,,,受検（する）,じゅけん（する）
3,28,"表面处理、去掉多余的
混凝土","ひょうめん
コンパネの表面をけれんする",,,,ケレン,けれん
3,31,捆扎工具,"けっそく こ う ぐ もち てっきん しば
結束工具を用いて鉄筋を縛る",,日语也称“ハッカー”。,,結束工具,けっそくこうぐ
3,14,碰撞,"トラクタショベルのバケットにぶつかっ
てけがをした",,,,ぶつかる,ぶつかる
3,43,做完,,,,,仕上げる,しあげる
3,42,维护,"しゃりょう せ い び
車両の整備をする",,,,整備（する）,せいび（する）
3,25,插入、插件,"せ っ ち
インサートをコンクリートに設置するた
かたわく う こ
め、型枠に打ち込む",,,,インサート,いんさーと
3,6,休息,,,,,休憩（する）,きゅうけい（する）
3,7,整顿,,,"必需品按规定位置、规定方法摆
放，明确标示，减少不合理和浪
费。",,整頓,せいとん
3,4,带薪休假,"らいしゅうゆうきゅう しんせいしょ だ
来週、有休をとるので申請書を出した",,"ゆうきゅうきゅうか
“有給休暇”。即使休息也可领取工资
ゆうきゅうきゅうか ゆうきゅう
的休假。“有給休暇”简称“有休”。",,有休,ゆうきゅう
3,10,标识,,,,,標識,ひょうしき
3,44,测量,,,,,測定（する）,そくてい（する）
3,40,液压泵,,,,,油圧ポンプ,ゆあつぽんぷ
3,2,受伤,,,,,けがをする,けがをする
3,1,工厂,,,,,工場,こうじょう
3,34,下筋,"したきん く み た
下筋を組立てる",,,,下筋,したきん
3,17,严禁烟火,,,,,火気厳禁,かきげんきん
4,34,横筋,"よこきん く み た
横筋を組立てる",,,,横筋,よこきん
4,19,夯土机、夯锤,"じばん し かた
ランマで地盤を締め固める",,就是冲击夯。,,ランマ,らんま
4,17,禁止停车,,,,,駐車禁止,ちゅうしゃきんし
4,12,资格,,,,,資格,しかく
4,7,清扫,,,打扫以保持工作场所的干净整洁。,,清掃,せいそう
4,44,计测,,,,,計測（する）,けいそく（する）
4,2,电源,,,,,電源,でんげん
4,40,漏水,,,,,水漏れ,みずもれ
4,4,补休,,,"如在休息日出勤工作，作为替代而补给
的休息日。",,代休,だいきゅう
4,14,碰、砸,"あ し ば お こ う ぐ からだ あ
足場から落ちてきた工具が体に当
たってけがをした",,,,当たる,あたる
4,31,钢筋切割机,"てっきんせ つだ んき てっきん せつだん
鉄筋切断機で鉄筋を切断する",,,,鉄筋切断機,てっきんせつだんき
4,28,模板支架,"か た わ く し ほ こ う こ う じ おこな
型枠支保工の工事を行う",,,,型枠支保工,かたわくしほこう
4,37,轮式装载机,,,轮胎式挖掘机（四轮驱动）,,ホイルローダ,ほいるろーだ
4,13,逃生训练、避难疏散训练,,,,,避難訓練,ひなんくんれん
4,10,注意、当心,,,,,気をつける,きをつける
4,1,制造,,,,,製造,せいぞう
4,43,折断,"くぎ お
釘が折れる",,,,折れる,おれる
4,22,隔音板,"そうおんたいさく ぼうおん せ っ ち
騒音対策として防音パネルを設置す
る",,,,防音パネル,ぼうおんぱねる
4,6,加班,,,,,残業（する）,ざんぎょう（する）
4,42,检查,"さぎょうまえ こ う ぐ てんけん
作業前に工具を点検する",,,,点検（する）,てんけん（する）
4,25,隔板,"かたわく と つ
型枠にスペーサを取り付ける",,,,スペーサ,すぺーさ
4,3,工种,,,,,職種,しょくしゅ
5,25,钢筋,"てっきん かたわく す き ま ちょうせい
鉄筋と型枠の隙間を調整する",,,,鉄筋,てっきん
5,42,运作、操作,"き か い うご
機械を動かす",,,,動かす,うごかす
5,22,炉腹材料、防护棚,"あさがおざい ひ ら い ら っ か ぼ う し
朝顔材は飛来落下防止のためにつか
う",,,,朝顔材,あさがおざい
5,43,欠缺、有缺口,"まる は か
丸のこの刃が欠ける",,,,欠ける,かける
5,14,被压在下面,"じゅうき し た じ
重機の下敷きになる",,,,下敷きになる,したじきになる
5,17,注意脚下,,,,,足もと注意,あしもとちゅうい
5,19,自由夹具,"じざい もち たんかん きんけつ
自在クランプを用いて単管を緊結す
る",,"连接单管时使用，用于斜向加固收
紧。
脚手架斜向加固叫做“交叉加
固”。",,自在クランプ,じざいくらんぷ
5,34,腹筋,"はらきん く み た
腹筋を組立てる",,,,腹筋,はらきん
5,3,在留资格,,,,,在留資格,ざいりゅうしかく
5,6,准时,"き ょ う ていじ かえ
今日は定時に帰る",,"规定的时间。在工作场所主要是指
规定的上下班时间。",,定時,ていじ
5,10,带进,"こうじょう けいたいでんわ も こ
工場に携帯電話を持ち込んではいけ
ない",,,,持ち込む,もちこむ
5,44,计测器,,,,,計測器,けいそくき
5,40,漏油,,,,,油漏れ,あぶらもれ
5,31,钢筋弯曲加工机,"てっきん ま か こ う き てっきん ま
鉄筋曲げ加工機で鉄筋を曲げる",,,,鉄筋曲げ加工機,てっきんまげかこうき
5,1,机械,,,,,機械,きかい
5,28,基础模板,"き そ かたわく く み た
基礎型枠を組立てる",,,,"基礎型枠
（メタルフォーム）","きそかたわく
（めたるふぉーむ）"
5,37,自动装卸卡车,,,,,ダンプトラック,だんぷとらっく
5,13,触电,,,,,感電（する）,かんでん（する）
5,12,津贴、补贴,,,,,手当,てあて
5,2,关闭电源,,,,,電源を切る,でんげんをきる
5,7,清洁,,,"彻底实行整理、整顿、清扫，并维
持干净的正常状态。",,清潔,せいけつ
5,4,劳动基准法,,,规定与劳动相关基准的日本法律,,労働基準法,ろうどうきじゅんほう
6,19,夹具,"もち たんかん てっこつ
キャッチクランプを用いて単管と鉄骨
きんけつ
を緊結する",,,,キャッチクランプ,きゃっちくらんぷ
6,43,靠近,"さぎょうちゅう じゅうき ちか
作業中の重機に近づかない",,,,近づく,ちかづく
6,2,紧急停止按钮,,,,,非常停止ボタン,ひじょうていしぼたん
6,40,冷却水,,,,,冷却水,れいきゃくすい
6,13,防止,,,,,防止（する）,ぼうし（する）
6,1,安全,,,,,安全,あんぜん
6,4,劳动条件,,,,,労働条件,ろうどうじょうけん
6,31,钩,"てっきんた ん ぶ
鉄筋端部にフックをつける",,,,フック,ふっく
6,3,护照,,,,,パスポート,ぱすぽーと
6,10,防止,"あんぜんかくにん じ こ ふせ
安全確認して事故を防ぐ",,,,防ぐ,ふせぐ
6,28,收拾钉子,"かたわく くぎ し ま
型枠をばらして釘仕舞いをする",,,,釘仕舞い,くぎしまい
6,12,员工,,,,,社員,しゃいん
6,37,液压挖掘机,,,"可装换作业装置（附属装置）进行
各种作业的铲斗",,油圧ショベル,ゆあつしょべる
6,6,规则,,,,,規則,きそく
6,22,架空电线,"か く うせん せっしょく
架空線へ接触させないようにする",,"有高压电流流过，若触碰很有可能
引发触电事故。",,架空線,かくうせん
6,25,电钻,"でんこう さ こ
電工ドラムのコンセントに差し込む",,,,電工ドラム（ドラム）,でんこうどらむ（どらむ）
6,44,温度,,,,,温度,おんど
6,7,素养,,,"养成人人按章操作、依规行事的良
好习惯，打造互相合作的风气。",,しつけ,しつけ
6,42,驾驶、操作,"けんせつき か い うんてん
建設機械を運転する",,,,運転（する）,うんてん（する）
6,14,打,"あやま て う
誤ってハンマーで手を打ってしまった",,,,打つ,うつ
6,17,当心开口处,,,,,開口部注意,かいこうぶちゅうい
6,34,受力筋,"はいりょくきん く み た
配力筋を組立てる",,,,配力筋,はいりょくきん
7,37,反向铲,,,"液压挖掘机中最常见的一种，用于
挖掘地下部分",,バックホウ,ばっくほう
7,25,"电动圆锯机、电动圆盘
锯","でんどうまる せつだん
電動丸のこでコンパネを切断する",,,,電動丸のこ（電のこ）,"でんどうまるのこ（でんの
こ）"
7,22,挡板（脚手架）,"ろうどうしゃ ついてんらく き ぐ ら っ か ぼ う し
労働者の墜転落・器具の落下防止の
あ し ば は ば き もう
ために足場に幅木を設ける",,,,幅木（仮設足場）,はばき（かせつあしば）
7,40,制动液、刹车油,,,,,ブレーキ液,ぶれーきえき
7,42,测量,"てっきん なが はか
鉄筋の長さを測る",,,,測る,はかる
7,12,部长,,,,,部長,ぶちょう
7,10,火,,,,,火,ひ
7,44,高度,,,,,高さ,たかさ
7,13,预防,,,,,予防（する）,よぼう（する）
7,4,税金,,,,,税金,ぜいきん
7,1,危险（的）,,,"一般用汉字表示，但在工厂里有时
会用片假名“キケン”表示。",,危険（な）,きけん（な）
7,31,安全帽,"ほ ご ぼう さぎょう と か
保護帽をかぶり作業に取り掛かる",,,,保護帽（ヘルメット）,ほごぼう（へるめっと）
7,2,按下紧急停止按钮,,,,,非常停止ボタンを押す,"ひじょうていしぼたんを
おす"
7,7,扫除,,,,,掃除（する）,そうじ（する）
7,28,板顶端、板顶,"てん ば
スラブ天端をそろえる",,,,スラブ天端,すらぶてんば
7,17,当心触电,,,,,感電注意,かんでんちゅうい
7,43,打开电源,,,,,電源を入れる,でんげんをいれる
7,19,夹钳吊具,"つ あ よう もち きんけつ
吊り上げ用クランプを用いて緊結し
たんかん つ あ
た単管を吊り上げる",,,,吊り上げ用クランプ,つりあげようくらんぷ
7,34,上筋,"うわきん く み た
上筋を組立てる",,,,上筋,うわきん
7,3,在留卡,,,,,在留カード,ざいりゅうかーど
7,14,失去平衡,"うえ くず てんらく
はしごの上でバランスを崩して転落し
た",,,,バランスを崩す,ばらんすをくずす
7,6,休息日,,,,,休日,きゅうじつ
8,43,关闭电源,,,,,電源を落とす,でんげんをおとす
8,2,规则,,,,,ルール,るーる
8,34,螺纹钢筋,"きん たいしんへき と つ
スパイラル筋を耐震壁に取り付ける",,,,スパイラル筋,すぱいらるきん
8,19,直角交结用夹钳,"ちょっこう もち たんかん きんけつ
直交クランプを用いて単管を緊結す
る",,,,直交クランプ,ちょっこうくらんぷ
8,14,倒下、晕倒,"たお ねっちゅうしょう たお
はしごが倒れる、熱中症で倒れる",,,,倒れる,たおれる
8,17,当心坠落,,,,,堕落注意,ついらくちゅうい
8,37,装载机铲斗,,,"液压挖掘机的一种，用于装载地面
上的砂土、岩石等",,ローディングショベル,ろーでぃんぐしょべる
8,40,燃料罐,,,,,燃料タンク,ねんりょうたんく
8,13,跌倒,,,,,転倒（する）,てんとう（する）
8,1,危险,,,,,危ない,あぶない
8,8,收拾,,,,,片づける,かたづける
8,4,所得税,,,对1年的工资收入等所征收的税金,,所得税,しょとくぜい
8,31,锚固,"せ っ ち
アンカーを設置する",,"插筋锚固简称“锚固”。有时也称
“插筋”。",,アンカー,あんかー
8,44,长度,,,,,長さ,ながさ
8,28,高度,"たか はか
高さ（タッパ）を測る",,,,高さ（タッパ）,たかさ（たっぱ）
8,6,上班时间,,,,,始業時間,しぎょうじかん
8,3,入管,,,"にゅうこくかんりちょう にゅうこくかんりきょく
“入国管理庁”、“入国管理
局”的简称",,入管,にゅうかん
8,25,垫圈,"し こ
パッキンを敷き込む",,,,パッキン,ぱっきん
8,22,单管,"たんかん もち あ し ば く た
単管を用いて足場を組み立てる",,"日语也称“単管パイプ”或“パイ
プ”。",,単管,たんかん
8,42,操作,"き か い そ う さ
機械を操作する",,,,操作（する）,そうさ（する）
8,10,烟,,,,,煙,けむり
8,12,课长,,,,,課長,かちょう
9,17,当心头顶,,,,,頭上注意,ずじょうちゅうい
9,14,跌倒、摔,"うえ くず てんらく
はしごの上でバランスを崩して転落し
た",,,,転落（する）,てんらく（する）
9,19,钩、钩子,ワイヤーロープをフックにかける,,,,フック,ふっく
9,40,风扇皮带,,,,,ファンベルト,ふぁんべると
9,10,灭火,,,,,消火,しょうか
9,28,搭建,"かたわく た て こ
型枠を建込みする",,,,建込み,たてこみ
9,13,被夹住,,,,,挟まる,はさまる
9,31,加工场地,"げ ん ばはんにゅうまえ か こ う ば てっきん か こ う
現場搬入前に加工場で鉄筋を加工
する",,,,加工場,かこうば
9,1,清扫,,,打扫以保持工作场所的干净整洁。,,清掃,せいそう
9,8,扔掉,,,,,捨てる,すてる
9,4,住民税,,,向所居住市区町村缴纳的税金,,住民税,じゅうみんぜい
9,12,更衣室,,,,,更衣室,こういしつ
9,44,重量,,,,,重さ,おもさ
9,37,压路机,,,,,ローラ,ろーら
9,22,双面梯,,,,,脚立,きゃたつ
9,6,下班时间,,,,,終業時間,しゅうぎょうじかん
9,43,关闭开关,,,,,スイッチを切る,すいっちをきる
9,42,停止,,,,,停止（する）,ていし（する）
9,3,在留期间,,,,,在留期間,ざいりゅうきかん
9,34,钢筋直径,"てっきんけい せっけい と し ょ とお
鉄筋径は設計図書の通りである",,,,鉄筋径,てっきんけい
9,2,遵守规则,,,,,ルールを守る,るーるをまもる
9,25,小铁挺,"しょう くぎ ぬ
小バールで釘を抜く",,,,小バール,しょうばーる
10,4,厚生年金,,,"公司职员或公务员加入的在年老、残疾
或死亡时可领取的年金",,厚生年金,こうせいねんきん
10,6,指导员,,,,,指導員,しどういん
10,42,关闭、切割,"き てっきん き
エンジンを切る、鉄筋を切る",,,,切る,きる
10,19,直形钩环,"ワイヤーをストレートシャックルにかけ
る",,,,ストレートシャックル,すとれーとしゃっくる
10,28,通端,"とお よ
通りを良くする",,"纠正歪斜，去除障碍物，修正到正
常状态",,通り,とおり
10,44,厚度,,,,,厚さ,あつさ
10,13,脚下,,,,,足元,あしもと
10,12,台车、推车,,,,,台車,だいしゃ
10,10,灭火器,,,,,消火器,しょうかき
10,37,铲斗,,,,,バケット,ばけっと
10,8,脏,,,,,汚い,きたない
10,40,气压,,,,,空気圧,くうきあつ
10,1,安全出口,,,,,非常口,ひじょうぐち
10,22,工作半径,"じゅうきさぎょう さぎょうはんけい た い きん
重機作業の作業半径に立ち入りを禁
し
止する",,"工程机械回转的半径。为预防碰撞
事故等，大多情况下这一范围属于
禁止入内区域。",,作業半径,さぎょうはんけい
10,2,停止,,,,,止める,とめる
10,3,劳动合同,,,,,雇用契約,こようけいやく
10,17,警报设备,,,,,警報設備,けいほうせつび
10,34,保护层厚度,"あつ かくにん
かぶり厚さを確認する",,,,かぶり厚さ,かぶりあつさ
10,25,大铁挺,"かたわくかいたい だい し よ う
型枠解体に大バールを使用する",,,,大バール,だいばーる
10,43,固定,,,,,固定（する）,こてい（する）
10,31,"横梁肋支架、
调距模板","てっきん あつ たも
鉄筋のかぶり厚さを保つためスペー
つか
サーを使う",,,,スペーサ―,すぺーさー
10,14,手指呼号,,,,,指差呼称,しさこしょう
11,6,生活指导员,,,,,生活指導員,せいかつしどういん
11,1,注意,,,,,注意,ちゅうい
11,29,踏级高度,"き け あ すんぽう かたわく く み た
決められた蹴上げ寸法で型枠を組立
てる",,踏级与踏级之间的高度。,,蹴上げ,けあげ
11,8,弄脏,,,,,汚れる,よごれる
11,40,离合器,,,,,クラッチ,くらっち
11,13,不稳定,,,,,不安定（な）,ふあんてい（な）
11,38,吊杆,,,,,ブーム,ぶーむ
11,12,地板,,,,,床,ゆか
11,10,消防警铃,,,,,非常ベル,ひじょうべる
11,44,硬度,,,,,硬さ,かたさ
11,32,间隔圈,"かべ てっきん あつ つか
壁の鉄筋かぶり厚さはドーナツを使う",,,,ドーナツ,どーなつ
11,14,险兆,,,,,ヒヤリハット,ひやりはっと
11,43,拧松,ボルトをゆるめる,,,,ゆるめる,ゆるめる
11,26,装饰合板,"ひょうめん う はな し あ けしょうごうばん
表面は打ち放し仕上げのため化粧合
し よ う
板を使用する",,,,化粧合板,けしょうごうはん
11,20,滑车、滑轮,"かっしゃ ざいりょう つ あ
滑車で材料を吊り上げる",,,,滑車,かっしゃ
11,35,角度,"か く ど かくにん
角度を確認する",,,,角度,かくど
11,18,灭火器,,,,,消火器,しょうかき
11,3,工资明细,,,,,給与明細,きゅうよめいさい
11,42,转,,,,,回す,まわす
11,23,临时螺栓,"かり こうぞうたい かり こ て い
仮ボルトで構造体を仮に固定する",,,,仮ボルト,かりぼると
11,4,失业保险,,,"失业或进行再就业活动时可领取保险金
的保险",,雇用保険,こようほけん
11,2,关掉机器,,,,,機械を止める,きかいをとめる
12,2,做,,,,,やって,やって
12,3,工资,,,,,給料,きゅうりょう
12,4,健康保险,,,加入者或家属接受治疗时可享受的保险,,健康保険,けんこうほけん
12,23,修改,"し て き ば し ょ て な お
指摘された場所を手直しする",,,,手直し,てなおし
12,42,按,,,,,押す,おす
12,20,吊车,"しざい つ あ
クレーンで資材を吊り上げる",,,,クレーン,くれーん
12,35,单,"てっきん はいきん く み た
鉄筋はシングル配筋で組立てる",,,,シングル,しんぐる
12,43,延展,,,,,伸ばす,のばす
12,18,"AED（自动体外除颤器）
设置点",,,,,AED設置場所,"えーいーでぃーせっちば
しょ"
12,32,加工配筋图,"か こ うはいきん ず どお く み た
加工配筋図通りに組立てる",,,,加工配筋図,かこうはいきんず
12,26,普通合板,"はいめん そ じ し あ ふ つ うごうばん
背面は素地仕上げのため普通合板を
し よ う
使用する",,,,普通合板,ふつうごうはん
12,29,踏级垂直挡板,"き け こ すんぽう かたわく く み た
決められた蹴込み寸法で型枠を組立
てる",,,,蹴込み,けこみ
12,12,出口,,,,,出口,でぐち
12,40,猛启动,,,,,急発進,きゅうはっしん
12,13,收拾,,,,,後片付け,あとかたづけ
12,14,原因,,,,,原因,げんいん
12,38,起重臂,,,,,アーム,あーむ
12,10,火灾报警器,,,,,火災報知機,かさいほうちき
12,44,深度,,,,,深さ,ふかさ
12,8,分类,,,,,分別（する）,ぶんべつ（する）
12,1,火灾,,,,,火事,かじ
12,6,负责人,,,,,担当者,たんとうしゃ
13,20,移动式吊车,"いどうしき しざい つ あ
移動式クレーンで資材を吊り上げる",,,,移動式クレーン,いどうしきくれーん
13,42,收集,,,,,集める,あつめる
13,26,泡沫塑料隔热板,"かたわくない と つ
スタイロフォームを型枠内に取り付け
る",,,,スタイロフォーム,すたいろふぉーむ
13,32,配筋详细图,"はいきんしょうさい ず どお くみ た
配筋詳細図通りに組立てる",,,,配筋詳細図,はいきんしょうさいず
13,18,必须带安全帽,,,,,保護帽着用,ほごぼうちゃくよう
13,23,拉平,"つらいち
面一にそろえる",,,,面一,つらいち
13,43,取下,"あんぜん はず
安全カバーを外す",,,,外す,はずす
13,2,停止,,,,,止めて,とめて
13,5,社会保险,,,"健康保险、厚生年金保险、介护保险、
失业保险和工伤保险的总称。有时也主
要指公司职员所加入的健康保险和厚生
年金保险。",,社会保険,しゃかいほけん
13,35,双,"はいきん
スラブはダブル配筋とする",,,,ダブル,だぶる
13,8,不可燃垃圾,,,,,燃えないごみ,もえないごみ
13,3,加班费,,,,,残業手当,ざんぎょうてあて
13,1,事故,,,,,事故,じこ
13,10,逃离,,,,,逃げる,にげる
13,38,推土机刮板,,,,,ブレード（排土板）,ぶれーど（はいどばん）
13,40,急刹车,,,,,急ブレーキ,きゅうぶれーき
13,13,急救箱,,,,,救急箱,きゅうきゅうばこ
13,14,对策,,,,,対策,たいさく
13,29,维护工具,"こ う ぐ て い
工具の手入れをおこたらない",,,,工具の手入れ,こうぐのていれ
13,12,电气、电,,,,,電気,でんき
13,6,不许打开开关,,,,,スイッチ入れるな,すいっちいれるな
13,44,表面,,,,,表面,ひょうめん
14,35,交错连结,"てっきん ち ど り けっそく
鉄筋は千鳥結束する",,,,千鳥結束,ちどりけっそく
14,23,检查项目,"し よ う こ う ぐ てんけんじ こ う もと し
使用する工具は点検事項に基づき始
ぎょうまえてんけん
業前点検をおこなう",,,,点検事項,てんけんじこう
14,5,工伤,,,"ろうどうさいがい
“労働災害”的简称。指在工作中受
伤，或因工作得病的情况。",,労災,ろうさい
14,44,间隙,,,,,すきま,すきま
14,26,三角木条,"かたわく めん ぎ と つ
型枠に面木を取り付ける",,,,面木,めんぎ
14,32,开口加固筋,"まどかいこう ぶ かいこうほきょうきん ぐみ た
窓開口部は開口補強筋を組立てる",,,,開口補強筋,かいこうほきょうきん
14,20,补助绳,"かい にもつ ふ
介しゃくロープで荷物の振れをおさ
える",,,,介しゃくロープ,かいしゃくろーぷ
14,18,必须系安全带,,,,,安全帯使用,あんぜんたいしよう
14,13,创可贴,,,,,絆創膏,ばんそうこう
14,29,垂标坠,"さ ふ すいちょく かくにん
下げ振りで垂直を確認する",,,,下げ振り,さげふり
14,12,警报声,,,,,警報音,けいほうおん
14,14,掉落,"あしば こ う ぐ らっか
足場から工具が落下した",,,,落下（する）,らっか（する）
14,38,轮胎,,,,,タイヤ,たいや
14,1,服装,,,,,服装,ふくそう
14,41,怠速运转,"て い し
エンジンを停止するときはアイドリング
と
したあとに止める",,,,アイドリング,あいどりんぐ
14,10,现场,,,,,現場,げんば
14,2,拿,,,,,取って,とって
14,8,可燃垃圾,,,,,燃えるごみ,もえるごみ
14,42,触碰,,,,,触る,さわる
14,43,弯曲,,,,,曲げる,まげる
14,6,不许关闭开关,,,,,スイッチ切るな,すいっちきるな
14,3,劳动时间,,,,,労働時間,ろうどうじかん
15,44,中心,,,,,中心,ちゅうしん
15,29,墨,"じ ずみ あ かたわく と つ
地墨に合わせて型枠を取り付ける",,,,地墨,じずみ
15,32,宽固定筋,"はば ど きん と つ
幅止め筋を取り付ける",,,,幅止め筋,はばどめきん
15,42,束缚、捆绑,,,,,縛る,しばる
15,23,装载负荷,"せきさいかじゅう こ
トラックの積載荷重を超えないように
つ こ
積み込む",,,,積載荷重,せきさいかじゅう
15,43,取出、拿出,"てっきん ま
鉄筋を曲げる",,,,出す,だす
15,26,振动器,"し かた
バイブレーターでコンクリートを締め固
める",,,,バイブレーター,ばいぶれーたー
15,35,切割尺寸,"せつだんすんぽう てっきん せつだん
切断寸法で鉄筋を切断する",,,,切断寸法,せつだんすんぽう
15,18,上下楼梯,,,,,昇降階段,しょうこうかいだん
15,13,身体状况,,,,,体調,たいちょう
15,38,履带,,,,,クローラ,くろーら
15,12,插座,,,,,コンセント,こんせんと
15,20,升降楼梯、上下楼梯,"あしばじょうそう のぼ しょうこうかいだん つか
足場上層に上るには昇降階段を使
う",,,,昇降階段,しょうこうかいだん
15,14,坠落,"か い こ う ぶ ついらく
開口部から墜落した",,,,墜落（する）,ついらく（する）
15,41,行驶,,,,,走行,そうこう
15,10,作业,,,,,作業,さぎょう
15,2,不可以（的）,,,,,だめ（な）,だめ（な）
15,8,被夹住,"きかい て はさ
機械に手が挟まれた",,,,挟まれる,はさまれる
15,5,工伤保险,,,"因工伤而产生治疗费或无法工作、留下
残疾时，支付临时津贴的保险。",,労災保険,ろうさいほけん
15,6,禁止使用,,,,,使用禁止,しようきんし
15,1,安全装置,,,,,安全装置,あんぜんそうち
16,18,休息区,,,,,休憩所,きゅうけいじょ
16,14,确认,"しゅうい あんぜん かくにん
周囲の安全を確認する",,,,確認（する）,かくにん（する）
16,12,作业场所,,,,,作業場,さぎょうば
16,26,剥离剂,"かたわく よ
コンクリートと型枠のはなれを良くする
は く りざい し よ う
ために剥離剤を使用する",,,,剥離剤,はくりざい
16,43,干燥,,,,,乾かす,かわかす
16,35,加工尺寸,"か こ うすんぽうどお てっきん か こ う
加工寸法通りに鉄筋を加工する",,,,加工寸法,かこうすんぽう
16,20,交叉杆固定销,"すじ と さ こ お ま
筋かい止めピンを差し込み折り曲げ
ておく",,,,筋かい止めピン,すじかいとめぴん
16,38,钥匙,"くるま かぎ
車の鍵",,,,キー（鍵）,きー（かぎ）
16,13,血,,,,,血,ち
16,32,插筋,"さしきん
コンクリートに差筋をする",,,,差筋,さしきん
16,29,混凝土制模板,"す と わく せ っ ち
捨てコンクリートの止め枠を設置する",,,,捨てコンクリート,すてこんくりーと
16,41,旋转、回转,,,,,旋回,せんかい
16,45,值,,,,,値,あたい
16,23,间隙、缝隙,"ぼうおん ま あ
防音シートはすき間が空かないように
と つ
取り付ける",,,,すき間,すきま
16,42,对齐、使……整齐,"てっきん なが そろ
鉄筋の長さを揃える",,,,揃える,そろえる
16,10,会议,,,"会议、早礼、终礼等有时也称为
“ミーティング”。",,ミーティング,みーてぃんぐ
16,8,被卷进,"きかい て ま こ
1)機械に手が巻き込まれる
てぶくろ ばん ま こ
2)手袋がフライス盤に巻き込まれる",,,,巻き込まれる,まきこまれる
17,23,"看中心点排齐、
对齐通端","かたどお ね ぎ り で き とお
やり方通りで根切が出来ているか通
りをみる",,,,通りを見る,とおりをみる
17,13,中暑,,,,,熱中症,ねっちゅうしょう
17,10,培训,,,,,研修（する）,けんしゅう（する）
17,38,作业装置（附属装置）,,,,,"作業装置
（アタッチメント）","さぎょうそうち
（あたっちめんと）"
17,12,作业台,,,,,作業台,さぎょうだい
17,43,数,,,,,数える,かぞえる
17,35,搭接焊接头,"てっきん ど う し かさ つ ぎ て
鉄筋同士は重ね継手とする",,,,重ね継手,かさねつぎて
17,26,踏步踢面板,"いた と つ
けこみ板を取り付ける",,,,けこみ板,けこみいた
17,29,踏板等成悬臂部位,"かべ だ かたわく く み た
壁からはね出してスラブ型枠を組立て
る",,"脚手架踏板一侧突出在支撑外的状
态。人走在上面踏板会失衡导致坠
落，十分危险。",,はね出し,はねだし
17,45,稳定,,,,,安定（する）,あんてい（する）
17,8,灼伤,,,,,やけど（する）,やけど（する）
17,32,柱主筋,"はしらしゅきん ぐみ た
柱主筋を組立てる",,,,柱主筋,はしらしゅきん
17,42,捆绑、连接、系,"ざいりょう むす
材料をまとめてひもで結ぶ",,,,結ぶ,むすぶ
17,41,安全锁止,,,,,安全ロック,あんぜんろっく
17,18,最大载荷,,,,,最大積載荷重,さいだいせきさいかじゅう
17,20,脚柱接头,"きゃくちゅう さいご さ こ
脚柱ジョイントは最後まで差し込む",,,,脚柱ジョイント,きゃくちゅうじょいんと
18,38,发动机,"き
エンジンをかける、エンジンを切る",,,,エンジン,えんじん
18,12,建筑工地,,,,,工事現場,こうじげんば
18,32,柱配筋,"はしらはいきん ず めん かくにん
柱配筋を図面で確認する",,,,柱配筋,はしらはいきん
18,26,接缝棒,"かたわく め じ ぼう と つ
型枠に目地棒を取り付ける",,,,目地棒,めじぼう
18,45,大小,,,,,大きさ,おおきさ
18,29,包藏、凸起、弯曲,"だ せ つちゅう かたわく
コンクリート打設中に型枠のはらみを
かくにん
確認する",,,,はらみ,はらみ
18,18,吸烟处,,,,,喫煙所,きつえんじょ
18,20,连接销钉,"れんけつ さいご さ こ
連結ピンは最後まで差し込む",,,,連結ピン,れんけつぴん
18,23,组装、搭建,"あ し ば く み た
足場を組立てる",,,,組立,くみたて
18,35,加压焊接接头,"てっきん ど う し あっせつつ ぎ て
鉄筋同士は圧接継手とする",,,,圧接継手,あっせつつぎて
18,43,搬、搬运,,,,,運ぶ,はこぶ
18,41,安全支柱,,,,,安全支柱,あんぜんしちゅう
18,8,摔下来,"かいだん お
階段から落ちる",,,,落ちる,おちる
18,42,蹲,,,,,しゃがむ,しゃがむ
18,13,恶心,,,,,吐き気,はきけ
18,10,实习,,,,,実習（する）,じっしゅう（する）
19,12,工长,"あしばくみたて しょくちょう し じ したが
足場組立は 職長の指示に従う",,,,職長,しょくちょう
19,13,呕吐,,,,,嘔吐（する）,おうと（する）
19,32,板筋,"きん しょてい く み た
スラブ筋を所定のピッチで組立てる",,,,スラブ筋,すらぶきん
19,26,混凝土,"かたわく なが こ
型枠にコンクリートを流し込む",,,,コンクリート,こんくりーと
19,45,数量,,,,,数,かず
19,29,前面、正面,"まえつら そろ
前面を揃える",,,,前面,まえつら
19,18,整理整顿,,,,,整理整頓,せいりせいとん
19,20,连接器、连接零件,"かなぐ かくじつ さいご
ジョイント金具は確実に最後までは
める",,,,ジョイント金具,じょいんとかなぐ
19,23,预先装配,"した じ ぐみ あ し ば あ
下で地組した足場をクレーンで上げ
うえ と つ
て上で取り付ける",,,,地組,じぐみ
19,35,开口部,"かい こ う ぶ かいこうほきょうきん と つ
開口部には開口補強筋を取り付ける",,,,開口部,かいこうぶ
19,10,打招呼,,,,,あいさつ,あいさつ
19,38,柴油发动机,,,,,ディーゼルエンジン,でぃーぜるえんじん
19,41,补充、补给,"ねんりょう ほきゅう
エンジンをかけたまま燃料を補給して
はいけない",,,,補給（する）,ほきゅう（する）
19,43,装货,"ざいりょう つ
材料をくずれないように積む",,,,積む,つむ
19,8,滑,"ゆか
床がすべる",,,,すべる,すべる
19,42,调整,,,,,調整（する）,ちょうせい（する）
20,45,误差,,,,,誤差,ごさ
20,38,机油,,,,,エンジンオイル,えんじんおいる
20,41,停车,,,,,駐車（する）,ちゅうしゃ（する）
20,35,焊接钢丝网,"ど ま はいきん ようせつかなあみ し よ う
土間配筋は溶接金網を使用する",,,,溶接金網,ようせつかなあみ
20,32,基础筋,"きん く み た
ベース筋を組立てる",,,,ベース筋,べーすきん
20,23,顶端,"て ん ば へいかつ
コンクリートの天端をコテで平滑にな
らす",,日语也叫“上端”。,,天端,てんば
20,26,钢卷尺,"すんぽう はか
コンベックスで寸法を測る",,,,コンベックス,こんべっくす
20,29,保养、固化,"だ せ つ ご ようじょう
コンクリート打設後に養生をおこなう",,,,養生,ようじょう
20,18,安全通道,,,,,安全通路,あんぜんつうろ
20,20,杠杆式滑车倒链,"しざい こてい
レバーブロックで資材を固定する",,,,レバーブロック,ればーぶろっく
20,13,腿抽筋,,,,,足がつる,あしがつる
20,12,作业负责人,,,,,作業責任者,さぎょうせきにんしゃ
20,9,跌倒,"こうじょう ころ
工場ですべって転んだ",,,,転ぶ,ころぶ
20,42,关、关闭,,,,,閉じる,とじる
20,43,卸货,"に だ い に も つ お
トラックの荷台から荷物を下ろす",,,,下ろす,おろす
20,10,确认,,,,,確認（する）,かくにん（する）
21,13,不舒服,,,,,気分が悪い,きぶんがわるい
21,20,电动锯（圆锯）,"かたわく せつだん まる しよう
型枠の切断は丸のこを使用する",,,,電動のこ（丸のこ）,"でんどうのこ（まるの
こ）"
21,24,挂吊钩,"ざいりょう つ あ さい あんぜん い ち
材料を吊り上げる際は安全な位置に
たまかけ
玉掛けをおこなう",,,,玉掛け,たまかけ・たまがけ
21,27,工作手套,"さぎょうようてぶくろ もち かたわくさぎょう
作業用手袋を用いて型枠作業をおこ
なう",,,,作業用手袋,さぎょうようてぶくろ
21,36,搬出,"のこ てっきん げ ん ば はんしゅつ
残った鉄筋を現場から搬出する",,,,搬出,はんしゅつ
21,33,柱箍筋,"おびきん く み た
帯筋を組立てる",,,,帯筋（フープ）,おびきん（ふーぷ）
21,39,交流发电机,,,,,"オルタネータ
（充電発電機）","おるたねーた
（じゅうでんはつでんき）"
21,45,里面,,,,,中,なか
21,30,水平,"そくりょう
レベルを測量する",,,,レベル,れべる
21,11,报告,,,,,報告（する）,ほうこく（する）
21,43,离开,,,,,離れる,はなれる
21,9,弄湿,,,,,濡れる,ぬれる
21,41,行人,,,,,歩行者,ほこうしゃ
22,30,分配、分割,"かたわく わ つ
型枠を割り付ける",,,,割付,わりつけ
22,39,蓄电池,,,,,バッテリ,ばってり
22,45,反面,,,,,反対,はんたい
22,13,睡眠不足,,,,,寝不足,ねぶそく
22,21,活扳手,"し ゆる
モンキースパナでナットを締める・緩
める",,日语也称“モンキーレンチ”,,モンキースパナ,もんきーすぱな
22,24,打信号,"じゅうきさぎょう あ い ず あんぜん おこな
重機作業は合図をもって安全に行う",,,,合図,あいず
22,41,车辆,,,,,車両,しゃりょう
22,27,角尺,"さしがね すんぽう はか
差金で寸法を測る",,,,差金,さしがね
22,36,搬入,"てっきん げ ん ば はんにゅう
鉄筋を現場に搬入する",,,,搬入,はんにゅう
22,33,下端筋,"し た ばきん く み た
下端筋を組立てる",,,,下端筋,したばきん
22,11,联络,,,,,連絡（する）,れんらく（する）
22,9,卫生,,,,,衛生,えいせい
23,45,周围,,,,,周り,まわり
23,36,基础,"き そ はいきん
基礎の配筋をおこなう",,,,基礎,きそ
23,39,燃料,,,,,燃料,ねんりょう
23,41,死角,,,看不见的角度,,死角,しかく
23,24,额定负载,"ていかくかじゅう こ つ さぎょう
定格荷重を超えて吊りもの作業はお
こなわない",,,,定格荷重,ていかくかじゅう
23,27,水平仪,"すいへい き かたむ ちょうせい すいへい
水平器で傾きを調整し水平にする",,,,水平器,すいへいき
23,30,预埋五金,"かたわく う こ かなもの
型枠にはあらかじめ埋め込み金物を
と つ
取り付ける",,,,埋め込み金物,うめこみかなもの
23,33,上端筋,"う わ ばきん く み た
上端筋を組立てる",,,,上端筋,うわばきん
23,13,安全网,,,,,安全ネット,あんぜんねっと
23,21,主绳支柱,"おやづな は い ち おやづなしちゅう と
親綱を張る位置に親綱支柱を取り
つ
付ける",,,,親綱支柱,おやづなしちゅう
23,9,逃生、避难疏散,,,,,避難（する）,ひなん（する）
23,11,商量,,,,,相談（する）,そうだん（する）
24,39,汽油、轻油,,,,,軽油,けいゆ
24,45,尺,,,1尺≒30.3㎝,,尺,しゃく
24,33,主筋,"しゅきん く み た
主筋を組立てる",,,,主筋,しゅきん
24,27,墨壶,"すみ すみ
墨さしを墨つぼにつける",,,,墨さし,すみさし
24,21,"护在钢桩上的牛脚、隅
撑","あしば と つ
足場にブラケットを取り付ける",,日语也称“持送り”,,ブラケット,ぶらけっと
24,13,安全检查,,,,,安全点検,あんぜんてんけん
24,30,解体,"かたわく かいたい
型枠を解体する（バラス）",,,,解体する（バラス）,かいたいする（ばらす）
24,24,垂直度,"あ しばしち ゅ う み すいちょくせい
足場支柱のたちを見る（垂直性＝た
ち）",,,,たち,たち
24,11,交给,,,把东西交给某人时用。,,渡す,わたす
24,9,救护车,,,,,救急車,きゅうきゅうしゃ
24,41,坡,"やま の しゃめん のぼ
山の斜面を上る",,,,斜面,しゃめん
24,36,机械式接头,"てっきん ど う し き か い し き つ ぎ て
鉄筋同士は機械式継手とする",,,,機械式継手,きかいしきつぎて
25,27,墨斗,"すみ すみ
墨さしを墨つぼにつける",,,,墨つぼ,すみつぼ
25,30,"涂面白变尺寸、保护层
尺寸","てっきん かたわく すんぽう かくにん
鉄筋と型枠のかぶり寸法を確認する",,,,かぶり寸法,かぶりすんぽう
25,21,梯子,,,,,梯子,はしご
25,33,梁箍筋,"きん く み た
あばら筋を組立てる",,,,あばら筋,あばらきん
25,41,碾压,"てんあつさぎょう
ローラで転圧作業をする",,,,転圧（する）,てんあつ（する）
25,36,配筋检查,"せっけいかんりしゃ はいきんけ ん さ ごうかく
設計監理者による配筋検査に合格す
る",,,,配筋検査,はいきんけんさ
25,39,刹车,"ふ
ブレーキを踏む",,,,ブレーキ,ぶれーき
25,45,蓝,,,,,青,あお
25,9,灾害,,,,,災害,さいがい
25,11,申请书,,,,,申請書,しんせいしょ
25,24,工长,"あ し ばくみたて しょくちょう し じ したが
足場組立は職長の指示に従う",,,,職長,しょくちょう
26,45,红,,,,,赤,あか
26,9,地震,"じ しん お
地震が起きる",,,,地震,じしん
26,11,睡懒觉,,,,,寝坊（する）,ねぼう（する）
27,9,钻到,"じ しん つくえ した
地震だ！机の下にもぐれ！",,,,もぐる,もぐる
27,45,白,,,,,白,しろ
28,45,黄色,,,,,黄色,きいろ
