Example,How to read (Hiragana),No.,Note,Page,Picture,Sign,Translation,Word/Phrase
,ぎのうじっしゅう,1,,1,,,Technical intern training,技能実習
"かぞく やしな ひと ふようこうじょ
家族を養っている人は、「扶養控除」
う ばあい
を受けられる場合がある",こうじょ（する）,1,"To deduct certain amount from the original
amount mainly as tax payments.",4,,,Deduction (to deduct),控除（する）
,かんりだんたい,1,"Non-profit organizations that
manage and supervise skill
acquisitions and other activities of
technical intern trainees.",3,,,Supervising organization,監理団体
,いち,1,,44,,,Position,位置
,かきげんきん,1,,10,,,No fire,火気厳禁
,あんぜんかばー,1,,2,,,"Safety cover; protection
cover",安全カバー
,とりだす,1,,43,,,Take out,取り出す
,ごえす,1,"Seiri (sorting), Seiton (set in order),
Seiso (shine), Seiketsu (standardize),
and Shitsuke (sustain). Each of these
five words starts with S. 5S is used to
improve the work environment and
maintain the improved work
environment.",7,,,5S,5S
,きんし,1,,13,,,Prohibition,禁止
"い け いぼうこう もち
異形棒鋼を用いる",いけいぼうこう,1,Commonly used rebar in Japan,31,,,Deformed steel bar,異形棒鋼
,ゆあつしりんだ,1,,40,,,Hydraulic cylinder,油圧シリンダ
,"けーわいかつどう（きけん
よちかつどう）",1,,14,,,"KY Activities (Hazard
prediction activities)",KY活動（危険予知活動）
,ぎのう,1,,12,,,Skills,技能
"まる かたわく こ て い
丸セパレーターで型枠を固定する","まるせぱれーたー
（まるせぱ）",1,,28,,,"Round separator
(Marusepa)","丸セパレーター
（丸セパ）"
"さんれん たんかん けつごう
三連クランプで単管を結合する",さんれんくらんぷ,1,,19,,,Triple clamp,三連クランプ
,たちいりきんし,1,,17,,,DO NOT ENTER,立入禁止
"じゅうき せっしょく
重機に接触してけがをする",せっしょく（する）,1,,42,,,Contact (Contact),接触（する）
"あんぜん しよう じこ ふせ
安全カバーの使用で事故を防ぐ",あんぜんかばー,1,"A cover attached to an electric
circular saw. It prevents the circular
saw from flying into your body due to
kickback during cutting.",25,,,Safety cover(cid:9),安全カバー
"おやづな あんぜんたい
親綱に安全帯をかける",おやづな,1,"It is a rope used to hook a safety belt
(a belt with a safety rope) at a
construction site. It is stretched
tightly between posts without
slacking to protect workers' lives at
the site.",22,,,Main rope,親綱
,とらくた,1,"A tractor with work equipment
(attachment) is called a bulldozer,
tractor shovel, and others.",37,,,Tractor,トラクタ
"きん く み た
はかま筋を組立てる",はかまきん,1,,34,,,Footing top bar,はかま筋
,ちこく（する）,1,,6,,,Late arrival (be late),遅刻（する）
,きけん,2,,14,,,Hazard,危険
,ぎじゅついてん,2,,3,,,Technology transfer,技術移転
,ぎのうけんていしけん,2,,12,,,Skill proficiency test,技能検定試験
"けっそくせん てっきん しば
結束線で鉄筋を縛る",けっそくせん,2,,31,,,Binding wire,結束線
,ゆあつもーた,2,,40,,,Hydraulic motor,油圧モータ
,ぎのうじっしゅうせい,2,,1,,,Technical intern trainee,技能実習生
,ぼーなす,2,,4,,,Bonus,ボーナス
,せいり,2,"To identify what are necessary and
unnecessary and share the results to
improve quality and productivity.",7,,,Seiri (Sorting),整理
,かいほうげんきん,2,,10,,,Keep closed.,開放厳禁
,けが,2,,2,,,Injury,けが
,きんえん,2,,17,,,NO SMOKING,禁煙
"たてきん く み た
縦筋を組立てる",たてきん,2,,34,,,Vertical reinforcement(cid:9),縦筋
,ぶるどーざ,2,"A machine made of a tractor
equipped with a blade",37,,,Bulldozer,ブルドーザ
"てん てん ば くぎ う
コンクリート天に天端釘を打つ",てんばくぎ,2,,28,,,Leveling pin,天端釘
"つか こ う ぐ もと ば し ょ もど
使った工具は元の場所に戻す",もどす,2,,43,,,Put back,戻す
"つち こうんぱん
ベルトコンベアで土を小運搬する","べるとこんべあ
（べるこん）",2,,19,,,Conveyor belt,"ベルトコンベア
（ベルコン）"
"たてわく もち あ し ば く み た
建枠（ビティ）を用いて足場を組立て
る",たてわく（びてぃ）,2,,22,,,"Standard scaffold frame
(Beatty frame)",建枠（ビティ）
,ひょうじばん,2,,13,,,Display board,表示板
,すんぽう,2,,44,,,Dimensions,寸法
,そうたい（する）,2,,6,,,"Leaving early (to leave
early)",早退（する）
"あんぜんたい あ し ば と つ
安全帯を足場に取り付ける",あんぜんたい,2,,25,,,Safety belt,安全帯
"か さ い ほ う ち き さ ど う
火災報知器が作動する",さどう（する）,2,,42,,,Activation (Activate),作動（する）
"あ し ばわく と つ
足場枠にメッシュシートを取り付ける",めっしゅしーと,3,"It is also called a ""curing sheet"" or
""scattering prevention net.""",22,,,Mesh sheet(cid:9),メッシュシート
,ぎのうじっしゅうきかん,3,,3,,,"Technical intern training
period",技能実習期間
"くい う こ
かけやで杭を打ち込む",かけや,3,"It is a large wooden mallet and is
also known as ""Narimono"" and ""O-
nari."" The one held with both
hands is called ""Kakeya,"" and the
one held with one hand is called
""Kizuchi"" or ""Konekiri"".",19,,,Wooden mallet,かけや
,とらくたしょべる,3,"A machine made of a tractor
equipped with a bucket. There are
crawler type and wheel type.",37,,,Tractor shovel,トラクタショベル
,きんしじこう,3,,13,,,Prohibited items,禁止事項
,じゅけん（する）,3,,12,,,Exam (Take an Exam),受検（する）
"ひょうめん
コンパネの表面をけれんする",けれん,3,,28,,,Surface preparation,ケレン
"けっそく こ う ぐ もち てっきん しば
結束工具を用いて鉄筋を縛る",けっそくこうぐ,3,"Also called ""hooker""",31,,,Tying tool,結束工具
"トラクタショベルのバケットにぶつかっ
てけがをした",ぶつかる,3,,14,,,Bump into,ぶつかる
,しあげる,3,,43,,,Finish,仕上げる
"しゃりょう せ い び
車両の整備をする",せいび（する）,3,,42,,,Maintenance (Maintain),整備（する）
"せ っ ち
インサートをコンクリートに設置するた
かたわく う こ
め、型枠に打ち込む",いんさーと,3,,25,,,Threaded insert,インサート
,きゅうけい（する）,3,,6,,,Break (to take a break),休憩（する）
,せいとん,3,"To determine where and how to store
necessary tools and materials and
indicate them properly to reduce
unreasonable or wasteful motions.",7,,,Seiton (Set in order),整頓
"らいしゅうゆうきゅう しんせいしょ だ
来週、有休をとるので申請書を出した",ゆうきゅう,3,"ゆうきゅうきゅうか
""有給休暇."" Paid days off.
ゆうきゅう ゆうきゅう きゅうか
""有休"" is the abbreviation for ""有給休暇.""",4,,,Paid holiday,有休
,ひょうしき,3,,10,,,Sign,標識
,そくてい（する）,3,,44,,,Measurement (Measure),測定（する）
,ゆあつぽんぷ,3,,40,,,Hydraulic pump,油圧ポンプ
,けがをする,3,,2,,,To get injured,けがをする
,こうじょう,3,,1,,,Factory; plant,工場
"したきん く み た
下筋を組立てる",したきん,3,,34,,,Bottom reinforcement,下筋
,かきげんきん,3,,17,,,NO OPEN FLAMES,火気厳禁
"よこきん く み た
横筋を組立てる",よこきん,4,,34,,,Horizontal reinforcement,横筋
"じばん し かた
ランマで地盤を締め固める",らんま,4,It is a tamping rammer.,19,,,Rammer,ランマ
,ちゅうしゃきんし,4,,17,,,NO PARKING,駐車禁止
,しかく,4,,12,,,Qualifications,資格
,せいそう,4,"To clean the workplace to make the
right workplace condition easily
identifiable.",7,,,Seisou (Shine),清掃
,けいそく（する）,4,,44,,,Measurement (Measure),計測（する）
,でんげん,4,,2,,,Power supply,電源
,みずもれ,4,,40,,,Water leakage,水漏れ
,だいきゅう,4,"Days off provided to compensate for
working on non-working days.",4,,,Compensatory day off,代休
"あ し ば お こ う ぐ からだ あ
足場から落ちてきた工具が体に当たっ
てけがをした",あたる,4,,14,,,Hit,当たる
"てっきんせ つだ んき てっきん せつだん
鉄筋切断機で鉄筋を切断する",てっきんせつだんき,4,,31,,,Rebar cutter,鉄筋切断機
"か た わ く し ほ こ う こ う じ おこな
型枠支保工の工事を行う",かたわくしほこう,4,,28,,,Form timbering,型枠支保工
,ほいるろーだ,4,"Wheel type tractor shovel (four-wheel
drive)",37,,,Wheel loader,ホイルローダ
,ひなんくんれん,4,,13,,,Evacuation drill,避難訓練
,きをつける,4,,10,,,To pay attention,気をつける
,せいぞう,4,,1,,,Manufacturing,製造
"くぎ お
釘が折れる",おれる,4,,43,,,Break,折れる
"そうおんたいさく ぼうおん せ っ ち
騒音対策として防音パネルを設置す
る",ぼうおんぱねる,4,,22,,,Soundproof panel,防音パネル
,ざんぎょう（する）,4,,6,,,"Overtime work (to work
overtime)",残業（する）
"さぎょうまえ こ う ぐ てんけん
作業前に工具を点検する",てんけん（する）,4,,42,,,Inspection (Inspect),点検（する）
"かたわく と つ
型枠にスペーサを取り付ける",すぺーさ,4,,25,,,Spacer(cid:9),スペーサ
,しょくしゅ,4,,3,,,Job type,職種
"てっきん かたわく す き ま ちょうせい
鉄筋と型枠の隙間を調整する",てっきん,5,,25,,,Rebar(cid:9),鉄筋
"き か い うご
機械を動かす",うごかす,5,,42,,,Operate,動かす
"あさがおざい ひ ら い ら っ か ぼ う し
朝顔材は飛来落下防止のためにつか
う",あさがおざい,5,,22,,,Protective shelf,朝顔材
"まる は か
丸のこの刃が欠ける",かける,5,,43,,,Chip,欠ける
"じゅうき し た じ
重機の下敷きになる",したじきになる,5,,14,,,Become trapped under,下敷きになる
,あしもとちゅうい,5,,17,,,WATCH YOUR STEP,足もと注意
"じざい もち たんかん きんけつ
自在クランプを用いて単管を緊結す
る",じざいくらんぷ,5,"It is used to connect single pipes
for diagonal reinforcement.
In scaffolding, diagonal
reinforcement is called ""cross
bracing (Sujikai).""",19,,,Swivel clamp,自在クランプ
"はらきん く み た
腹筋を組立てる",はらきん,5,,34,,,Web bar,腹筋
,ざいりゅうしかく,5,,3,,,Status of residence,在留資格
"き ょ う ていじ かえ
今日は定時に帰る",ていじ,5,"Stipulated hours. In working places,
mainly indicate the regular times to
come to and leave the working place.",6,,,Regular hours,定時
"こうじょう けいたいでんわ も こ
工場に携帯電話を持ち込んではいけ
ない",もちこむ,5,,10,,,To bring in,持ち込む
,けいそくき,5,,44,,,Measuring instrument,計測器
,あぶらもれ,5,,40,,,Oil leak,油漏れ
"てっきん ま か こ う き てっきん ま
鉄筋曲げ加工機で鉄筋を曲げる",てっきんまげかこうき,5,,31,,,Rebar bending machine(cid:9),鉄筋曲げ加工機
,きかい,5,,1,,,Machine; machinery,機械
"き そ かたわく く み た
基礎型枠を組立てる","きそかたわく
（めたるふぉーむ）",5,,28,,,"Foundation formwork
(Metal form)(cid:9)","基礎型枠
（メタルフォーム）"
,だんぷとらっく,5,,37,,,Dump truck,ダンプトラック
,かんでん（する）,5,,13,,,"Electric shock (Get an
electric shock)",感電（する）
,てあて,5,,12,,,Allowance,手当
,でんげんをきる,5,,2,,,To turn off power,電源を切る
,せいけつ,5,"To thoroughly implement Seiri,
Seiton, and Seisou to keep the clean
and normal condition.",7,,,Seiketsu (standardize),清潔
,ろうどうきじゅんほう,5,Act of Japan stipulating labor standards.,4,,,Labor Standards Act,労働基準法
"もち たんかん てっこつ
キャッチクランプを用いて単管と鉄骨
きんけつ
を緊結する",きゃっちくらんぷ,6,,19,,,Catch clamp,キャッチクランプ
"さぎょうちゅう じゅうき ちか
作業中の重機に近づかない",ちかづく,6,,43,,,Get close,近づく
,ひじょうていしぼたん,6,,2,,,Emergency stop button,非常停止ボタン
,れいきゃくすい,6,,40,,,Cooling water,冷却水
,ぼうし（する）,6,,13,,,Prevention (Prevent),防止（する）
,あんぜん,6,,1,,,Safety,安全
,ろうどうじょうけん,6,,4,,,Working conditions,労働条件
"てっきんた ん ぶ
鉄筋端部にフックをつける",ふっく,6,,31,,,Hook,フック
,ぱすぽーと,6,,3,,,Passport,パスポート
"あんぜんかくにん じ こ ふせ
安全確認して事故を防ぐ",ふせぐ,6,,10,,,To prevent,防ぐ
"かたわく くぎ し ま
型枠をばらして釘仕舞いをする",くぎしまい,6,,28,,,Clearing away,釘仕舞い
,しゃいん,6,,12,,,Employee,社員
,ゆあつしょべる,6,"A machine equipped with a shovel
that can perform various tasks by
replacing work equipment
(attachment)",37,,,Hydraulic excavator,油圧ショベル
,きそく,6,,6,,,Regulation; rule,規則
"か く うせん せっしょく
架空線へ接触させないようにする",かくうせん,6,"There is a high possibility of an
electric shock accident if you touch an
overhead power line because of the
high voltage electricity.",22,,,Overhead power line,架空線
"でんこう さ こ
電工ドラムのコンセントに差し込む",でんこうどらむ（どらむ）,6,,25,,,"Retractable extension
cord reel (Drum)",電工ドラム（ドラム）
,おんど,6,,44,,,Temperature(cid:9),温度
,しつけ,6,"To create an atmosphere in which
workers discipline themselves to
follow the rules and cooperate each
other.",7,,,Shitsuke (Sustain),しつけ
"けんせつき か い うんてん
建設機械を運転する",うんてん（する）,6,,42,,,Operation (Operate),運転（する）
"あやま て う
誤ってハンマーで手を打ってしまった",うつ,6,,14,,,Strike,打つ
,かいこうぶちゅうい,6,,17,,,"DANGER
OPEN HOLE",開口部注意
"はいりょくきん く み た
配力筋を組立てる",はいりょくきん,6,,34,,,Distribution bar,配力筋
,ばっくほう,7,"The most common type of hydraulic
shovel and used for belowground
excavation",37,,,Backhoe,バックホウ
"でんどうまる せつだん
電動丸のこでコンパネを切断する","でんどうまるのこ（でんの
こ）",7,,25,,,"Electric circular saw
(Electric saw)(cid:9)",電動丸のこ（電のこ）
"ろうどうしゃ ついてんらく き ぐ ら っ か ぼ う し
労働者の墜転落・器具の落下防止の
あ し ば は ば き もう
ために足場に幅木を設ける",はばき（かせつあしば）,7,,22,,,"Baseboard (Temporary
scaffolding)",幅木（仮設足場）
,ぶれーきえき,7,,40,,,Brake fluid(cid:9),ブレーキ液
"てっきん なが はか
鉄筋の長さを測る",はかる,7,,42,,,Measure,測る
,ぶちょう,7,,12,,,Department manager,部長
,ひ,7,,10,,,Fire,火
,たかさ,7,,44,,,Height,高さ
,よぼう（する）,7,,13,,,"Precaution (Take
precautions)",予防（する）
,ぜいきん,7,,4,,,Tax,税金
,きけん（な）,7,"Normally written in Kanji Chinese
characters but may be written in
Katakana ""キケン"" in some factories.",1,,,Danger (dangerous),危険（な）
"ほ ご ぼう さぎょう と か
保護帽をかぶり作業に取り掛かる",ほごぼう（へるめっと）,7,,31,,,Safety helmet (Helmet),保護帽（ヘルメット）
,"ひじょうていしぼたんを
おす",7,,2,,,"To push an emergency
stop button",非常停止ボタンを押す
,そうじ（する）,7,,7,,,Cleaning (to clean),掃除（する）
"てん ば
スラブ天端をそろえる",すらぶてんば,7,,28,,,Slab upper surface,スラブ天端
,かんでんちゅうい,7,,17,,,"DANGER
ELECTRIC SHOCK RISK",感電注意
,でんげんをいれる,7,,43,,,Turn on the power,電源を入れる
"つ あ よう もち きんけつ
吊り上げ用クランプを用いて緊結し
たんかん つ あ
た単管を吊り上げる",つりあげようくらんぷ,7,,19,,,Lifting clamp,吊り上げ用クランプ
"うわきん く み た
上筋を組立てる",うわきん,7,,34,,,Top reinforcement,上筋
,ざいりゅうかーど,7,,3,,,Residence card,在留カード
"うえ くず てんらく
はしごの上でバランスを崩して転落し
た",ばらんすをくずす,7,,14,,,Lost one's balance,バランスを崩す
,きゅうじつ,7,,6,,,Non-working day,休日
,でんげんをおとす,8,,43,,,Turn off the power,電源を落とす
,るーる,8,,2,,,Rule,ルール
"きん たいしんへき と つ
スパイラル筋を耐震壁に取り付ける",すぱいらるきん,8,,34,,,Spiral reinforcement,スパイラル筋
"ちょっこう もち たんかん きんけつ
直交クランプを用いて単管を緊結す
る",ちょっこうくらんぷ,8,,19,,,Fixed clamp,直交クランプ
"たお ねっちゅうしょう たお
はしごが倒れる、熱中症で倒れる",たおれる,8,,14,,,Collapse,倒れる
,ついらくちゅうい,8,,17,,,"DANGER
FALL HAZARD(cid:9)",堕落注意
,ろーでぃんぐしょべる,8,"A hydraulic shovel used to load earth,
sand, or rocks on the ground",37,,,Loading Excavator,ローディングショベル
,ねんりょうたんく,8,,40,,,Fuel tank,燃料タンク
,てんとう（する）,8,,13,,,Falling (Fall),転倒（する）
,あぶない,8,,1,,,Dangerous,危ない
,かたづける,8,,8,,,To tidy up,片づける
,しょとくぜい,8,"Tax on income, such as annual salary.",4,,,Income tax,所得税
"せ っ ち
アンカーを設置する",あんかー,8,"An abbreviation of a ""joint bar
(sashikin) anchor."" It is also called a
""joint bar.""",31,,,Anchor,アンカー
,ながさ,8,,44,,,Length,長さ
"たか はか
高さ（タッパ）を測る",たかさ（たっぱ）,8,,28,,,Height (Tappa),高さ（タッパ）
,しぎょうじかん,8,,6,,,Starting time of work,始業時間
,にゅうかん,8,"にゅうこくかんりちょう
Abbreviation for ""入国管理庁
(Immigration Service Agency)"" and ""
にゅうこくかんりきょく
入国管理局(Immigration Bureau).""",3,,,Immigration,入管
"し こ
パッキンを敷き込む",ぱっきん,8,,25,,,Packing(cid:9),パッキン
"たんかん もち あ し ば く た
単管を用いて足場を組み立てる",たんかん,8,"""Tankan"" is an abbreviation of
""tankan pipe."" It is also called a
""pipe.""",22,,,Single pipe(cid:9),単管
"き か い そ う さ
機械を操作する",そうさ（する）,8,,42,,,Operation (Operate),操作（する）
,けむり,8,,10,,,Smoke,煙
,かちょう,8,,12,,,Section manager,課長
,ずじょうちゅうい,9,,17,,,WATCH YOUR HEAD,頭上注意
"うえ くず てんらく
はしごの上でバランスを崩して転落し
た",てんらく（する）,9,,14,,,Falling off ( Fall off),転落（する）
ワイヤーロープをフックにかける,ふっく,9,,19,,,Hook,フック
,ふぁんべると,9,,40,,,Fan belt,ファンベルト
,しょうか,9,,10,,,Fire extinguishing,消火
"かたわく た て こ
型枠を建込みする",たてこみ,9,,28,,,Installation,建込み
,はさまる,9,,13,,,Get caught,挟まる
"げ ん ばはんにゅうまえ か こ う ば てっきん か こ う
現場搬入前に加工場で鉄筋を加工
する",かこうば,9,,31,,,Workshop,加工場
,せいそう,9,"To clean the workplace to make the
right workplace condition easily
identifiable.",1,,,Seisou (Shine),清掃
,すてる,9,,8,,,To throw away,捨てる
,じゅうみんぜい,9,"Tax paid to the city, ward, town or village
of residence.",4,,,Resident tax,住民税
,こういしつ,9,,12,,,Dressing room,更衣室
,おもさ,9,,44,,,Weight(cid:9),重さ
,ろーら,9,,37,,,Roller,ローラ
,きゃたつ,9,,22,,,Stepladder,脚立
,しゅうぎょうじかん,9,,6,,,Ending time of work,終業時間
,すいっちをきる,9,,43,,,Switch off,スイッチを切る
,ていし（する）,9,,42,,,Suspension (Suspend),停止（する）
,ざいりゅうきかん,9,,3,,,Period of stay,在留期間
"てっきんけい せっけい と し ょ とお
鉄筋径は設計図書の通りである",てっきんけい,9,,34,,,Rebar diameter,鉄筋径
,るーるをまもる,9,,2,,,To comply with rules,ルールを守る
"しょう くぎ ぬ
小バールで釘を抜く",しょうばーる,9,,25,,,Small crowbar,小バール
,こうせいねんきん,10,"Pension for company or government
employees. When these people are aged,
get disabled, or died, the benefit is
provided.",4,,,Welfare pension,厚生年金
,しどういん,10,,6,,,Instructor,指導員
"き てっきん き
エンジンを切る、鉄筋を切る",きる,10,,42,,,Turn off / Cut(cid:9),切る
"ワイヤーをストレートシャックルにかけ
る",すとれーとしゃっくる,10,,19,,,Straight shackle,ストレートシャックル
"とお よ
通りを良くする",とおり,10,"The act of straightening up the
distortion, obstacles, and others",28,,,Correcting / improving,通り
,あつさ,10,,44,,,Thickness,厚さ
,あしもと,10,,13,,,Footsteps,足元
,だいしゃ,10,,12,,,Cart,台車
,しょうかき,10,,10,,,Fire extinguisher,消火器
,ばけっと,10,,37,,,Bucket,バケット
,きたない,10,,8,,,Dirty,汚い
,くうきあつ,10,,40,,,Air pressure,空気圧
,ひじょうぐち,10,,1,,,Emergency exit,非常口
"じゅうきさぎょう さぎょうはんけい た い きん
重機作業の作業半径に立ち入りを禁
し
止する",さぎょうはんけい,10,"It is a radius of heavy machinery's
rotation. The area is often forbidden
to enter to prevent contact accidents.",22,,,Operating radius,作業半径
,とめる,10,,2,,,To stop,止める
,こようけいやく,10,,3,,,Employment contract,雇用契約
,けいほうせつび,10,,17,,,ALARM SYSTEM,警報設備
"あつ かくにん
かぶり厚さを確認する",かぶりあつさ,10,,34,,,Cover concrete thickness,かぶり厚さ
"かたわくかいたい だい し よ う
型枠解体に大バールを使用する",だいばーる,10,,25,,,Large crowbar,大バール
,こてい（する）,10,,43,,,Fixing (Fix),固定（する）
"てっきん あつ たも
鉄筋のかぶり厚さを保つためスペー
つか
サーを使う",すぺーさー,10,,31,,,Spacer,スペーサ―
,しさこしょう,10,,14,,,Pointing and calling,指差呼称
,せいかつしどういん,11,,6,,,Life advisor,生活指導員
,ちゅうい,11,,1,,,Attention,注意
"き け あ すんぽう かたわく く み た
決められた蹴上げ寸法で型枠を組立
てる",けあげ,11,The height of one step of stairs,29,,,Riser,蹴上げ
,よごれる,11,,8,,,To get dirty,汚れる
,くらっち,11,,40,,,Clutch,クラッチ
,ふあんてい（な）,11,,13,,,Instability (Unstable),不安定（な）
,ぶーむ,11,,38,,,Boom,ブーム
,ゆか,11,,12,,,Floor,床
,ひじょうべる,11,,10,,,Emergency alarm,非常ベル
,かたさ,11,,44,,,Hardness,硬さ
"かべ てっきん あつ つか
壁の鉄筋かぶり厚さはドーナツを使う",どーなつ,11,,32,,,Donut spacer,ドーナツ
,ひやりはっと,11,,14,,,"""Hiyari-Hatto"" (Near-miss
incident)",ヒヤリハット
ボルトをゆるめる,ゆるめる,11,,43,,,Loosen,ゆるめる
"ひょうめん う はな し あ けしょうごうばん
表面は打ち放し仕上げのため化粧合
し よ う
板を使用する",けしょうごうはん,11,,26,,,Decorative plywood(cid:9),化粧合板
"かっしゃ ざいりょう つ あ
滑車で材料を吊り上げる",かっしゃ,11,,20,,,Pulley,滑車
"か く ど かくにん
角度を確認する",かくど,11,,35,,,Angle,角度
,しょうかき,11,,18,,,FIRE EXTINGUISHER,消火器
,きゅうよめいさい,11,,3,,,Pay slip,給与明細
,まわす,11,,42,,,Turn,回す
"かり こうぞうたい かり こ て い
仮ボルトで構造体を仮に固定する",かりぼると,11,,23,,,Temporary bolt,仮ボルト
,こようほけん,11,"Insurance to support people who have got
unemployed and are seeking new
employment.",4,,,Employment insurance,雇用保険
,きかいをとめる,11,,2,,,To stop a machine,機械を止める
,やって,12,,2,,,Do (something).,やって
,きゅうりょう,12,,3,,,Salary,給料
,けんこうほけん,12,"Insurance to support the insured person
and his/her families in receiving medical
care.",4,,,Health insurance,健康保険
"し て き ば し ょ て な お
指摘された場所を手直しする",てなおし,12,,23,,,Rework(cid:9),手直し
,おす,12,,42,,,Press,押す
"しざい つ あ
クレーンで資材を吊り上げる",くれーん,12,,20,,,Crane,クレーン
"てっきん はいきん く み た
鉄筋はシングル配筋で組立てる",しんぐる,12,,35,,,Single reinforcement,シングル
,のばす,12,,43,,,Stretch,伸ばす
,"えーいーでぃーせっちば
しょ",12,,18,,,AED INSIDE,AED設置場所
"か こ うはいきん ず どお く み た
加工配筋図通りに組立てる",かこうはいきんず,12,,32,,,"Bar bending and
arrangement schedule",加工配筋図
"はいめん そ じ し あ ふ つ うごうばん
背面は素地仕上げのため普通合板を
し よ う
使用する",ふつうごうはん,12,,26,,,Regular plywood,普通合板
"き け こ すんぽう かたわく く み た
決められた蹴込み寸法で型枠を組立
てる",けこみ,12,,29,,,Nosing,蹴込み
,でぐち,12,,12,,,Exit,出口
,きゅうはっしん,12,,40,,,Sudden start,急発進
,あとかたづけ,12,,13,,,Cleanup,後片付け
,げんいん,12,,14,,,Cause,原因
,あーむ,12,,38,,,Arm,アーム
,かさいほうちき,12,,10,,,Fire alarm,火災報知機
,ふかさ,12,,44,,,Depth,深さ
,ぶんべつ（する）,12,,8,,,To sort waste,分別（する）
,かじ,12,,1,,,Fire,火事
,たんとうしゃ,12,,6,,,Person in charge,担当者
"いどうしき しざい つ あ
移動式クレーンで資材を吊り上げる",いどうしきくれーん,13,,20,,,Mobile crane,移動式クレーン
,あつめる,13,,42,,,Gather,集める
"かたわくない と つ
スタイロフォームを型枠内に取り付け
る",すたいろふぉーむ,13,,26,,,Styrofoam,スタイロフォーム
"はいきんしょうさい ず どお くみ た
配筋詳細図通りに組立てる",はいきんしょうさいず,13,,32,,,"Detailed bar arrangement
schedule",配筋詳細図
,ほごぼうちゃくよう,13,,18,,,WEAR SAFETY HELMET,保護帽着用
"つらいち
面一にそろえる",つらいち,13,,23,,,Flushness,面一
"あんぜん はず
安全カバーを外す",はずす,13,,43,,,Remove,外す
,とめて,13,,2,,,Stop (something).,止めて
,しゃかいほけん,13,"Name that covers health, welfare pension,
nursing care, employment, and industrial
accident compensation insurances. It may
also be used to indicate health and welfare
pension insurances by which the majority
of company workers are covered.",5,,,Social insurance,社会保険
"はいきん
スラブはダブル配筋とする",だぶる,13,,35,,,Double reinforcement,ダブル
,もえないごみ,13,,8,,,Nonburnable waste,燃えないごみ
,ざんぎょうてあて,13,,3,,,Overtime allowance,残業手当
,じこ,13,,1,,,Accident,事故
,にげる,13,,10,,,To escape,逃げる
,ぶれーど（はいどばん）,13,,38,,,Blade (Soil removal plate),ブレード（排土板）
,きゅうぶれーき,13,,40,,,Sudden braking,急ブレーキ
,きゅうきゅうばこ,13,,13,,,First aid kit,救急箱
,たいさく,13,,14,,,Countermeasure,対策
"こ う ぐ て い
工具の手入れをおこたらない",こうぐのていれ,13,,29,,,Tool maintenance,工具の手入れ
,でんき,13,,12,,,Electricity,電気
,すいっちいれるな,13,,6,,,Do not switch on.,スイッチ入れるな
,ひょうめん,13,,44,,,Surface,表面
"てっきん ち ど り けっそく
鉄筋は千鳥結束する",ちどりけっそく,14,,35,,,Staggered binding,千鳥結束
"し よ う こ う ぐ てんけんじ こ う もと し
使用する工具は点検事項に基づき始
ぎょうまえてんけん
業前点検をおこなう",てんけんじこう,14,,23,,,Inspection list(cid:9),点検事項
,ろうさい,14,"ろうどうさいがい
Abbreviation for ""労働災害."" Includes
injuries during working hours and
sicknesses due to working.",5,,,Industrial accident,労災
,すきま,14,,44,,,Clearance,すきま
"かたわく めん ぎ と つ
型枠に面木を取り付ける",めんぎ,14,,26,,,Chamfer,面木
"まどかいこう ぶ かいこうほきょうきん ぐみ た
窓開口部は開口補強筋を組立てる",かいこうほきょうきん,14,,32,,,"Opening reinforcement
bar",開口補強筋
"かい にもつ ふ
介しゃくロープで荷物の振れをおさ
える",かいしゃくろーぷ,14,,20,,,Guide rope,介しゃくロープ
,あんぜんたいしよう,14,,18,,,WEAR SAFETY HARNESS,安全帯使用
,ばんそうこう,14,,13,,,Adhesive plaster,絆創膏
"さ ふ すいちょく かくにん
下げ振りで垂直を確認する",さげふり,14,,29,,,Plumb bob,下げ振り
,けいほうおん,14,,12,,,Alarm sound,警報音
"あしば こ う ぐ らっか
足場から工具が落下した",らっか（する）,14,,14,,,Falling (Fall),落下（する）
,たいや,14,,38,,,Tire,タイヤ
,ふくそう,14,,1,,,Clothes,服装
"て い し
エンジンを停止するときはアイドリング
と
したあとに止める",あいどりんぐ,14,,41,,,Idling,アイドリング
,げんば,14,,10,,,Site; shop floor,現場
,とって,14,,2,,,"Take; pick up; pass
(something).",取って
,もえるごみ,14,,8,,,Burnable waste,燃えるごみ
,さわる,14,,42,,,Touch,触る
"てっきん ま
鉄筋を曲げる",まげる,14,,43,,,Bend,曲げる
,すいっちきるな,14,,6,,,Do not switch off.,スイッチ切るな
,ろうどうじかん,14,,3,,,Working hours,労働時間
,ちゅうしん,15,,44,,,Center,中心
"じ ずみ あ かたわく と つ
地墨に合わせて型枠を取り付ける",じずみ,15,,29,,,Marking,地墨
"はば ど きん と つ
幅止め筋を取り付ける",はばどめきん,15,,32,,,Spreader bar,幅止め筋
,しばる,15,,42,,,Tie,縛る
"せきさいかじゅう こ
トラックの積載荷重を超えないように
つ こ
積み込む",せきさいかじゅう,15,,23,,,Loading capacity,積載荷重
,だす,15,,43,,,Put out,出す
"し かた
バイブレーターでコンクリートを締め固
める",ばいぶれーたー,15,,26,,,Vibrator(cid:9),バイブレーター
"せつだんすんぽう てっきん せつだん
切断寸法で鉄筋を切断する",せつだんすんぽう,15,,35,,,Cutting dimensions,切断寸法
,しょうこうかいだん,15,,18,,,STAIRWAY,昇降階段
,たいちょう,15,,13,,,Physical condition,体調
,くろーら,15,,38,,,Crawler,クローラ
,こんせんと,15,,12,,,Electric outlet,コンセント
"あしばじょうそう のぼ しょうこうかいだん つか
足場上層に上るには昇降階段を使
う",しょうこうかいだん,15,,20,,,Stairway,昇降階段
"かいこうぶ ついらく
開口部から墜落した",ついらく（する）,15,,14,,,Falling down (Fall down),墜落（する）
,そうこう,15,,41,,,Running,走行
,さぎょう,15,,10,,,Work,作業
,だめ（な）,15,,2,,,"No. ; No good (bad;
wrong)",だめ（な）
"きかい て はさ
機械に手が挟まれた",はさまれる,15,,8,,,"To get sandwiched in
between",挟まれる
,ろうさいほけん,15,"Insurance that provides a lump-sum
payment or the like to cover the payment
to hospitals to treat an injury or sickness
and daily costs incurred during the
unworkable period due to an industrial
accident and to compensate unrecoverable
disability if admitted.",5,,,"Industrial accident
compensation insurance",労災保険
,しようきんし,15,,6,,,Do not use.,使用禁止
,あんぜんそうち,15,,1,,,Safety equipment,安全装置
,きゅうけいじょ,16,,18,,,BREAK AREA,休憩所
"しゅうい あんぜん かくにん
周囲の安全を確認する",かくにん（する）,16,,14,,,Check (Check),確認（する）
,さぎょうば,16,,12,,,Workshop,作業場
"かたわく よ
コンクリートと型枠のはなれを良くする
は く りざい し よ う
ために剥離剤を使用する",はくりざい,16,,26,,,Remover,剥離剤
,かわかす,16,,43,,,Dry,乾かす
"か こ うすんぽうどお てっきん か こ う
加工寸法通りに鉄筋を加工する",かこうすんぽう,16,,35,,,Machining dimensions,加工寸法
"すじ と さ こ お ま
筋かい止めピンを差し込み折り曲げ
ておく",すじかいとめぴん,16,,20,,,Cross bracing pin,筋かい止めピン
"くるま かぎ
車の鍵",きー（かぎ）,16,,38,,,Key,キー（鍵）
,ち,16,,13,,,Blood,血
"さしきん
コンクリートに差筋をする",さしきん,16,,32,,,Expansion joint,差筋
"す と わく せ っ ち
捨てコンクリートの止め枠を設置する",すてこんくりーと,16,,29,,,Leveling concrete,捨てコンクリート
,せんかい,16,,41,,,Turning,旋回
,あたい,16,,45,,,Value,値
"ぼうおん ま あ
防音シートはすき間が空かないように
と つ
取り付ける",すきま,16,,23,,,Clearance,すき間
"てっきん なが そろ
鉄筋の長さを揃える",そろえる,16,,42,,,Make uniform,揃える
,みーてぃんぐ,16,"Conferences, morning gatherings, and
evening gatherings can also be called
a ""ミーティング.""",10,,,Meeting,ミーティング
"きかい て ま こ
1)機械に手が巻き込まれる
てぶくろ ばん ま こ
2)手袋がフライス盤に巻き込まれる",まきこまれる,16,,8,,,To get caught in,巻き込まれる
"かたどお ね ぎ り で き とお
やり方通りで根切が出来ているか通
りをみる",とおりをみる,17,,23,,,Check correctness,通りを見る
,ねっちゅうしょう,17,,13,,,Heatstroke,熱中症
,けんしゅう（する）,17,,10,,,"Training (to train/be
trained)",研修（する）
,"さぎょうそうち
（あたっちめんと）",17,,38,,,"Work equipment
(Attachment)","作業装置
（アタッチメント）"
,さぎょうだい,17,,12,,,Workbench,作業台
,かぞえる,17,,43,,,Count,数える
"てっきん ど う し かさ つ ぎ て
鉄筋同士は重ね継手とする",かさねつぎて,17,,35,,,Lap splicing,重ね継手
"いた と つ
けこみ板を取り付ける",けこみいた,17,,26,,,Riser,けこみ板
"かべ だ かたわく く み た
壁からはね出してスラブ型枠を組立て
る",はねだし,17,"A condition in which a scaffold plank
is extending far to one side from the
support. It is extremely dangerous as
a worker can fall if he/she steps on it
without knowing.",29,,,Overhanging,はね出し
,あんてい（する）,17,,45,,,Stable (Stabilize),安定（する）
,やけど（する）,17,,8,,,Burn (to get burned),やけど（する）
"はしらしゅきん ぐみ た
柱主筋を組立てる",はしらしゅきん,17,,32,,,Longitudinal bar,柱主筋
"ざいりょう むす
材料をまとめてひもで結ぶ",むすぶ,17,,42,,,Tie,結ぶ
,あんぜんろっく,17,,41,,,Safety lock,安全ロック
,さいだいせきさいかじゅう,17,,18,,,"MAXIMUM LOAD
CAPACITY",最大積載荷重
"きゃくちゅう さいご さ こ
脚柱ジョイントは最後まで差し込む",きゃくちゅうじょいんと,17,,20,,,Leg column joint,脚柱ジョイント
"き
エンジンをかける、エンジンを切る",えんじん,18,,38,,,Engine,エンジン
,こうじげんば,18,,12,,,Construction site,工事現場
"はしらはいきん ず めん かくにん
柱配筋を図面で確認する",はしらはいきん,18,,32,,,Reinforced column,柱配筋
"かたわく め じ ぼう と つ
型枠に目地棒を取り付ける",めじぼう,18,,26,,,Joint bar,目地棒
,おおきさ,18,,45,,,Size,大きさ
"だ せ つちゅう かたわく
コンクリート打設中に型枠のはらみを
かくにん
確認する",はらみ,18,,29,,,Swell,はらみ
,きつえんじょ,18,,18,,,SMOKING AREA,喫煙所
"れんけつ さいご さ こ
連結ピンは最後まで差し込む",れんけつぴん,18,,20,,,Coupling pin,連結ピン
"あ し ば く み た
足場を組立てる",くみたて,18,,23,,,Assembly,組立
"てっきん ど う し あっせつつ ぎ て
鉄筋同士は圧接継手とする",あっせつつぎて,18,,35,,,Stud joint,圧接継手
,はこぶ,18,,43,,,Carry,運ぶ
,あんぜんしちゅう,18,,41,,,Safety post,安全支柱
"かいだん お
階段から落ちる",おちる,18,,8,,,To fall,落ちる
,しゃがむ,18,,42,,,Squat,しゃがむ
,はきけ,18,,13,,,Nausea,吐き気
,じっしゅう（する）,18,,11,,,"Practical training (to
give/receive practical
training)",実習（する）
"あしばくみたて しょくちょう し じ したが
足場組立は 職長の指示に従う",しょくちょう,19,,12,,,Foreman,職長
,おうと（する）,19,,13,,,Vomiting (Vomit),嘔吐（する）
"きん しょてい く み た
スラブ筋を所定のピッチで組立てる",すらぶきん,19,,32,,,Reinforced slab,スラブ筋
"かたわく なが こ
型枠にコンクリートを流し込む",こんくりーと,19,,26,,,Concrete,コンクリート
,かず,19,,45,,,Number(cid:9),数
"まえつら そろ
前面を揃える",まえつら,19,,29,,,Front,前面
,せいりせいとん,19,,18,,,KEEP IN ORDER,整理整頓
"かなぐ かくじつ さいご
ジョイント金具は確実に最後までは
める",じょいんとかなぐ,19,,20,,,Joint fitting,ジョイント金具
"した じ ぐみ あ し ば あ
下で地組した足場をクレーンで上げ
うえ と つ
て上で取り付ける",じぐみ,19,,23,,,"Basic assembly on the
ground",地組
"かい こ う ぶ かいこうほきょうきん と つ
開口部には開口補強筋を取り付ける",かいこうぶ,19,,35,,,Opening,開口部
,あいさつ,19,,11,,,Greeting,あいさつ
,でぃーぜるえんじん,19,,38,,,Diesel engine,ディーゼルエンジン
"ねんりょう ほきゅう
エンジンをかけたまま燃料を補給して
はいけない",ほきゅう（する）,19,,41,,,Refueling (Refuel),補給（する）
"ざいりょう つ
材料をくずれないように積む",つむ,19,,43,,,Load,積む
"ゆか
床がすべる",すべる,19,,8,,,To slip,すべる
,ちょうせい（する）,19,,42,,,Adjustment (Adjust),調整（する）
,ごさ,20,,45,,,Error,誤差
,えんじんおいる,20,,38,,,Engine oil,エンジンオイル
,ちゅうしゃ（する）,20,,41,,,Parking (Park),駐車（する）
"ど ま はいきん ようせつかなあみ し よ う
土間配筋は溶接金網を使用する",ようせつかなあみ,20,,35,,,Welded wire mesh,溶接金網
"きん く み た
ベース筋を組立てる",べーすきん,20,,32,,,Footing bottom rebar,ベース筋
"て ん ば へいかつ
コンクリートの天端をコテで平滑にな
らす",てんば,20,"It is also called a ""Uwaba.""",23,,,Top surface,天端
"すんぽう はか
コンベックスで寸法を測る",こんべっくす,20,,26,,,Metal tape measure,コンベックス
"だ せ つ ご ようじょう
コンクリート打設後に養生をおこなう",ようじょう,20,,30,,,Curing,養生
,あんぜんつうろ,20,,18,,,SAFETY PASSAGE,安全通路
"しざい こてい
レバーブロックで資材を固定する",ればーぶろっく,20,,20,,,Lever block,レバーブロック
,あしがつる,20,,13,,,Have a leg cramp,足がつる
,さぎょうせきにんしゃ,20,,12,,,Work supervisor,作業責任者
"こうじょう ころ
工場ですべって転んだ",ころぶ,20,,9,,,To fall; stumble,転ぶ
,とじる,20,,42,,,Close,閉じる
"に だ い に も つ お
トラックの荷台から荷物を下ろす",おろす,20,,43,,,Unload,下ろす
,かくにん（する）,20,,11,,,Check (to check),確認（する）
,きぶんがわるい,21,,13,,,Feel sick,気分が悪い
"かたわく せつだん まる しよう
型枠の切断は丸のこを使用する","でんどうのこ（まるの
こ）",21,,20,,,"Electric saw (Circular
saw)",電動のこ（丸のこ）
"ざいりょう つ あ さい あんぜん い ち
材料を吊り上げる際は安全な位置に
たまかけ
玉掛けをおこなう",たまかけ・たまがけ,21,,24,,,Slinging,玉掛け
"さぎょうようてぶくろ もち かたわくさぎょう
作業用手袋を用いて型枠作業をおこ
なう",さぎょうようてぶくろ,21,,27,,,Work gloves,作業用手袋
"のこ てっきん げ ん ば はんしゅつ
残った鉄筋を現場から搬出する",はんしゅつ,21,,36,,,Carrying out(cid:9),搬出
"おびきん く み た
帯筋を組立てる",おびきん（ふーぷ）,21,,33,,,Hoop,帯筋（フープ）
,"おるたねーた
（じゅうでんはつでんき）",21,,39,,,"Alternator
(Rechargeable generator)","オルタネータ
（充電発電機）"
,なか,21,,45,,,Inside,中
"そくりょう
レベルを測量する",れべる,21,,30,,,Level,レベル
,ほうこく（する）,21,,11,,,Report (to report),報告（する）
,はなれる,21,,43,,,Go away,離れる
,ぬれる,21,,9,,,To get wet,濡れる
,ほこうしゃ,21,,41,,,Pedestrian,歩行者
"かたわく わ つ
型枠を割り付ける",わりつけ,22,,30,,,Allocation,割付
,ばってり,22,,39,,,Battery,バッテリ
,はんたい,22,,45,,,Opposite,反対
,ねぶそく,22,,13,,,Lack of sleep,寝不足
"し ゆる
モンキースパナでナットを締める・緩
める",もんきーすぱな,22,"It is also called ""Monkey
wrench.""",21,,,Adjustable wrench,モンキースパナ
"じゅうきさぎょう あ い ず あんぜん おこな
重機作業は合図をもって安全に行う",あいず,22,,24,,,Signal,合図
,しゃりょう,22,,41,,,Vehicle,車両
"さしがね すんぽう はか
差金で寸法を測る",さしがね,22,,27,,,L-square ruler,差金
"てっきん げ ん ば はんにゅう
鉄筋を現場に搬入する",はんにゅう,22,,36,,,Carrying into,搬入
"し た ばきん く み た
下端筋を組立てる",したばきん,22,,33,,,Lower rebar,下端筋
,れんらく（する）,22,,11,,,"Communication (to
communicate)",連絡（する）
,えいせい,22,,9,,,Sanitation,衛生
,まわり,23,,45,,,Circumference,周り
"き そ はいきん
基礎の配筋をおこなう",きそ,23,The base of a building,36,,,Foundation,基礎
,ねんりょう,23,,39,,,Fuel,燃料
,しかく,23,Areas not visible by the driver,41,,,Vehicle blind spot,死角
"ていかくかじゅう こ つ さぎょう
定格荷重を超えて吊りもの作業はお
こなわない",ていかくかじゅう,23,,24,,,Rated load,定格荷重
"すいへい き かたむ ちょうせい すいへい
水平器で傾きを調整し水平にする",すいへいき,23,,27,,,Leveler(cid:9),水平器
"かたわく う こ かなもの
型枠にはあらかじめ埋め込み金物を
と つ
取り付ける",うめこみかなもの,23,,30,,,Metal insert,埋め込み金物
"う わ ばきん く み た
上端筋を組立てる",うわばきん,23,,33,,,Upper rebar,上端筋
,あんぜんねっと,23,,13,,,Safety net,安全ネット
"おやづな は い ち おやづなしちゅう と
親綱を張る位置に親綱支柱を取り
つ
付ける",おやづなしちゅう,23,,21,,,Main rope post,親綱支柱
,ひなん（する）,23,,9,,,Evacuation (to evacuate),避難（する）
,そうだん（する）,23,,11,,,Consultation (to consult),相談（する）
,けいゆ,24,,39,,,Light oil,軽油
,しゃく,24,"One (1) shaku is approximately 30.3
cm",45,,,Shaku (unit of length),尺
"しゅきん く み た
主筋を組立てる",しゅきん,24,,33,,,Main rebar,主筋
"すみ すみ
墨さしを墨つぼにつける",すみさし,24,,27,,,Bamboo marking pen,墨さし
"あしば と つ
足場にブラケットを取り付ける",ぶらけっと,24,"It is also called ""Mochiokuri.""",21,,,Bracket,ブラケット
,あんぜんてんけん,24,,13,,,Safety inspection,安全点検
"かたわく かいたい
型枠を解体する（バラス）",かいたいする（ばらす）,24,,30,,,Demolish (Barasu),解体する（バラス）
"あ しばしち ゅ う み すいちょくせい
足場支柱のたちを見る（垂直性＝た
ち）",たち,24,,24,,,Verticality,たち
,わたす,24,"Refers to passing something to
somebody.",11,,,To hand over,渡す
,きゅうきゅうしゃ,24,,9,,,Ambulance,救急車
"やま の しゃめん のぼ
山の斜面を上る",しゃめん,24,,41,,,Slope,斜面
"てっきん ど う し き か い し き つ ぎ て
鉄筋同士は機械式継手とする",きかいしきつぎて,24,,36,,,Mechanical coupler,機械式継手
"すみ すみ
墨さしを墨つぼにつける",すみつぼ,25,,27,,,Inkpot,墨つぼ
"てっきん かたわく すんぽう かくにん
鉄筋と型枠のかぶり寸法を確認する",かぶりすんぽう,25,,30,,,Concrete cover thickness,かぶり寸法
,はしご,25,,21,,,Ladder,梯子
"きん く み た
あばら筋を組立てる",あばらきん,25,,33,,,Stirrup,あばら筋
"てんあつさぎょう
ローラで転圧作業をする",てんあつ（する）,25,,41,,,"Roller compaction
(compact with a roller)",転圧（する）
"せっけいかんりしゃ はいきんけ ん さ ごうかく
設計監理者による配筋検査に合格す
る",はいきんけんさ,25,,36,,,"Bar arrangement
inspection",配筋検査
"ふ
ブレーキを踏む",ぶれーき,25,,39,,,Brake,ブレーキ
,あお,25,,45,,,Blue,青
,さいがい,25,,9,,,Disaster,災害
,しんせいしょ,25,,11,,,Application,申請書
"あ し ばくみたて しょくちょう し じ したが
足場組立は職長の指示に従う",しょくちょう,25,,24,,,Foreman,職長
,あか,26,,45,,,Red,赤
"じ しん お
地震が起きる",じしん,26,,9,,,Earthquake,地震
,ねぼう（する）,26,,11,,,"Oversleeping (to
oversleep)",寝坊（する）
"じ しん つくえ した
地震だ！机の下にもぐれ！",もぐる,27,,9,,,To hide; dive,もぐる
,しろ,27,,45,,,White,白
,きいろ,28,,45,,,Yellow,黄色
